insert into exames (num_exame, url_exame, url_gabarito, data)
values(2, 'https://dpmzos25m8ivg.cloudfront.net/112/FECHADO_01.pdf', 'https://dpmzos25m8ivg.cloudfront.net/112/oab10_gab_preliminar_01.pdf', 'Sun Sep 26 00:00:00 BRT 2010');
insert into questoes (num_exame, num_questao, enunciado, opcao_correta)
values(2, 1, 'Na sua avaliação, o grau de difi culdade desta prova, quanto ao conteúdo programáti co abordado, foi: (', 'A');
insert into opcoes (num_exame, num_questao, letra_opcao, texto)
values(2, 1, 'A', 'muito fácil. (');
insert into opcoes (num_exame, num_questao, letra_opcao, texto)
values(2, 1, 'B', 'fácil. (');
insert into opcoes (num_exame, num_questao, letra_opcao, texto)
values(2, 1, 'C', 'médio. (');
insert into opcoes (num_exame, num_questao, letra_opcao, texto)
values(2, 1, 'D', 'difí cil.');
commit;
insert into exames (num_exame, url_exame, url_gabarito, data)
values(3, 'https://dpmzos25m8ivg.cloudfront.net/134/Tipo%201.pdf', 'https://dpmzos25m8ivg.cloudfront.net/134/Gabarito%20com%20correspond%C3%AAncia.pdf', 'Sun Feb 13 00:00:00 BRST 2011');
commit;
insert into exames (num_exame, url_exame, url_gabarito, data)
values(4, 'https://dpmzos25m8ivg.cloudfront.net/157/IV_EOU_Tipo_1.pdf', 'https://dpmzos25m8ivg.cloudfront.net/157/Gabarito%20com%20correspond%C3%AAncia.pdf', 'Sun Jul 17 00:00:00 BRT 2011');
commit;
insert into exames (num_exame, url_exame, url_gabarito, data)
values(5, 'https://dpmzos25m8ivg.cloudfront.net/163/V%20Exame%20Tipo%201.pdf', 'https://dpmzos25m8ivg.cloudfront.net/163/Gabarito%20Quest%C3%B5es%20Objetivas.pdf', 'Sun Oct 30 00:00:00 BRST 2011');
commit;
insert into exames (num_exame, url_exame, url_gabarito, data)
values(6, 'https://dpmzos25m8ivg.cloudfront.net/165/VI%20Exame%20Tipo%201.pdf', 'https://dpmzos25m8ivg.cloudfront.net/165/Gabarito%20Quest%C3%B5es%20objetivas%20-%20VI%20Exame.pdf', 'Sun Feb 05 00:00:00 BRST 2012');
commit;
insert into exames (num_exame, url_exame, url_gabarito, data)
values(8, 'https://dpmzos25m8ivg.cloudfront.net/240/20120909080819-CADERNO_VIII_EXAME_TIPO_01.pdf', 'https://dpmzos25m8ivg.cloudfront.net/240/20120909080551-GABARITOS%20PRELIMINARES_VIII_EXAME_DE_ORDEM1518468418.pdf', 'Sun Sep 09 00:00:00 BRT 2012');
commit;
insert into exames (num_exame, url_exame, url_gabarito, data)
values(9, 'https://dpmzos25m8ivg.cloudfront.net/270/20121217074726-CADERNO_IX_EXAME_TIPO_01.pdf', 'https://dpmzos25m8ivg.cloudfront.net/270/20121217085531-GABARITOS%20PRELIMINARES_IX_EXAME_DE_ORDEM.pdf', 'Sun Dec 16 00:00:00 BRST 2012');
insert into questoes (num_exame, num_questao, enunciado, opcao_correta)
values(9, 1, 'Um advogado é contratado por um empresário para atuar em causas na área empresarial, formalizando contrato escrito e emitindo fatura para pagamento dos honorários ajustados. A partir de determinado momento o empresário passou a não pagar os honorários ajustados. Consoante as regras do Código de Ética, o advogado para buscar o recebimento dos honorários pactuados, deverá', 'A');
insert into opcoes (num_exame, num_questao, letra_opcao, texto)
values(9, 1, 'A', 'emitir duplicatas decorrentes da fatura apresentada.');
insert into opcoes (num_exame, num_questao, letra_opcao, texto)
values(9, 1, 'B', 'levar o contrato de honorários a protesto.');
insert into opcoes (num_exame, num_questao, letra_opcao, texto)
values(9, 1, 'C', 'emitir debêntures em decorrência do contrato firmado.');
insert into opcoes (num_exame, num_questao, letra_opcao, texto)
values(9, 1, 'D', 'cobrar os valores por meio de ação judicial.');
insert into questoes (num_exame, num_questao, enunciado, opcao_correta)
values(9, 2, 'O advogado Carlos é Presidente da empresa XYZ, com sede no Município Q. Em determinada data, a empresa é notificada para apresentar defesa em processo trabalhista ajuizado por antigo empregado da empresa. No dia da audiência designada, Carlos apresenta-se como preposto, vez que dirigente da empresa e advogado, por possuir habilitação profissional regular. Observados tais fatos, de acordo com as normas do Regulamento Geral do Estatuto da Advocacia e da OAB, assinale a afirmativa correta.', 'A');
insert into opcoes (num_exame, num_questao, letra_opcao, texto)
values(9, 2, 'A', 'Por economia processual admite-se a atuação do advogado como preposto e advogado no mesmo processo.');
insert into opcoes (num_exame, num_questao, letra_opcao, texto)
values(9, 2, 'B', 'Essa é uma situação excepcional que permite a atuação do advogado como preposto da empresa e seu representante judicial.');
insert into opcoes (num_exame, num_questao, letra_opcao, texto)
values(9, 2, 'C', 'É vedada a atuação como preposto e como advogado da empresa ao mesmo tempo.');
insert into opcoes (num_exame, num_questao, letra_opcao, texto)
values(9, 2, 'D', 'Não havendo oposição da parte adversa, pode ocorrer a atuação do advogado nas duas funções: preposto e representante judicial.');
insert into questoes (num_exame, num_questao, enunciado, opcao_correta)
values(9, 3, 'Marcos, Letícia e Cristina, advogados, resolvem formar sociedade, para atuar na área cível, campo profissional da preferência de todos. No entanto, não regularizam a sociedade perante a Ordem dos Advogados do Brasil. Observado tal relato, consoante as normas do Regulamento Geral do Estatuto da Advocacia e da OAB, assinale a afirmativa correta.', 'A');
insert into opcoes (num_exame, num_questao, letra_opcao, texto)
values(9, 3, 'A', 'A ausência de registro da sociedade de advogados na Ordem dos Advogados do Brasil constitui mera irregularidade.');
insert into opcoes (num_exame, num_questao, letra_opcao, texto)
values(9, 3, 'B', 'Os atos das sociedades de advogados devem ser restritos às atividades de consultoria jurídica.');
insert into opcoes (num_exame, num_questao, letra_opcao, texto)
values(9, 3, 'C', 'Os atos praticados pelos advogados que integram sociedades irregulares são nulos de pleno direito.');
insert into opcoes (num_exame, num_questao, letra_opcao, texto)
values(9, 3, 'D', 'A prática de atos privativos de advocacia por sociedade irregular tipifica exercício irregular da profissão.');
insert into questoes (num_exame, num_questao, enunciado, opcao_correta)
values(9, 4, 'Laura, advogada na área empresarial, após concluir o mestrado em renomada instituição de ensino superior, é convidada para integrar a equipe de assessoria jurídica da empresa K S/A. No dia da entrevista final, é inquirida pelo Gerente Jurídico da empresa, bacharel em Direito, sem inscrição na Ordem dos Advogados do Brasil, apesar de o mesmo ter logrado êxito no Exame de Ordem. Observado tal relato, consoante as normas do Regulamento Geral do Estatuto da Advocacia e da OAB, assinale a afirmativa correta.', 'A');
insert into opcoes (num_exame, num_questao, letra_opcao, texto)
values(9, 4, 'A', 'O bacharel em Direito pode exercer as funções de Gerência Jurídica mesmo que não tenha os requisitos para ingresso na Ordem dos Advogados.');
insert into opcoes (num_exame, num_questao, letra_opcao, texto)
values(9, 4, 'B', 'A função de Gerente Jurídico é privativa de advogados com regular inscrição nos quadros da Ordem dos Advogados.');
insert into opcoes (num_exame, num_questao, letra_opcao, texto)
values(9, 4, 'C', 'O bacharel em Direito, caso preencha os requisitos legais, inclusive aprovação em Exame de Ordem, pode exercer funções de Gerente Jurídico antes da inscrição na Ordem dos Advogados.');
insert into opcoes (num_exame, num_questao, letra_opcao, texto)
values(9, 4, 'D', 'A função de Gerente Jurídico, como é de confiança da empresa, pode ser exercida por quem não tem formação na área.');
insert into questoes (num_exame, num_questao, enunciado, opcao_correta)
values(9, 5, 'Sávio, aluno regularmente matriculado em Escola de Direito, obtém a sua graduação e, logo a seguir, aprovação no Exame de Ordem. Por força de movimento grevista na sua instituição, o diploma não pode ser expedido. A respeito da inscrição no quadro de advogados, consoante as normas do Regulamento Geral do Estatuto da Advocacia e da OAB, assinale a afirmativa correta.', 'A');
insert into opcoes (num_exame, num_questao, letra_opcao, texto)
values(9, 5, 'A', 'O diploma é essencial para a inscrição nos quadros da Ordem dos Advogados.');
insert into opcoes (num_exame, num_questao, letra_opcao, texto)
values(9, 5, 'B', 'O bacharel, diante do impedimento de apresentar o diploma, deve apresentar declaração de autoridade certificando a conclusão do curso.');
insert into opcoes (num_exame, num_questao, letra_opcao, texto)
values(9, 5, 'C', 'A Ordem, diante do movimento grevista comprovado, poderá acolher declaração de próprio punho do requerente afirmando ter obtido grau.');
insert into opcoes (num_exame, num_questao, letra_opcao, texto)
values(9, 5, 'D', 'O bacharel em Direito deve apresentar certidão de conclusão de curso e histórico escolar autenticado.');
insert into questoes (num_exame, num_questao, enunciado, opcao_correta)
values(9, 6, 'Marcio é estagiário de Direito regularmente inscrito na Ordem dos Advogados do Brasil e atua sob supervisão da advogada Helena. Atuando em determinado processo, a advogada substabelece ao estagiário os poderes que lhe foram conferidos pelo cliente. A respeito do caso apresentado, consoante as normas do Regulamento Geral do Estatuto da Advocacia e da OAB, assinale a afirmativa correta.', 'A');
insert into opcoes (num_exame, num_questao, letra_opcao, texto)
values(9, 6, 'A', 'O estagiário poderá retirar os autos do cartório conjuntamente com a advogada.');
insert into opcoes (num_exame, num_questao, letra_opcao, texto)
values(9, 6, 'B', 'Os atos do estagiário ocorrem sob a supervisão e responsabilidade da advogada.');
insert into opcoes (num_exame, num_questao, letra_opcao, texto)
values(9, 6, 'C', 'As petições apresentadas no processo terão a subscrição conjunta da advogada inclusive de juntada de documentos.');
insert into opcoes (num_exame, num_questao, letra_opcao, texto)
values(9, 6, 'D', 'O estagiário poderá realizar audiências judiciais autonomamente sem a presença da advogada.');
insert into questoes (num_exame, num_questao, enunciado, opcao_correta)
values(9, 7, 'Assinale a afirmativa que indica como ocorrerá, em havendo necessidade, a criação de novos Conselhos Seccionais, de acordo com as normas do Regulamento Geral do Estatuto da Advocacia e da OAB.', 'A');
insert into opcoes (num_exame, num_questao, letra_opcao, texto)
values(9, 7, 'A', 'Por meio de Lei aprovada pelo Congresso Nacional.');
insert into opcoes (num_exame, num_questao, letra_opcao, texto)
values(9, 7, 'B', 'Por meio de Medida Provisória Federal.');
insert into opcoes (num_exame, num_questao, letra_opcao, texto)
values(9, 7, 'C', 'Por Provimento do Conselho Federal.');
insert into opcoes (num_exame, num_questao, letra_opcao, texto)
values(9, 7, 'D', 'Por meio de Resolução do Conselho Federal');
insert into questoes (num_exame, num_questao, enunciado, opcao_correta)
values(9, 8, 'José da Silva, advogado renomado, é acometido por doença mental considerada pela unanimidade dos médicos como incurável, perdendo suas faculdades de discernimento e sendo considerado absolutamente incapaz por sentença judicial. Nos termos das regras estatutárias, sua inscrição como advogado será', 'A');
insert into opcoes (num_exame, num_questao, letra_opcao, texto)
values(9, 8, 'A', 'suspensa até laudo médico sobre a doença portada.');
insert into opcoes (num_exame, num_questao, letra_opcao, texto)
values(9, 8, 'B', 'cancelada diante da incurabilidade da doença.');
insert into opcoes (num_exame, num_questao, letra_opcao, texto)
values(9, 8, 'C', 'extinta por decisão de junta médica convocada para tal fim.');
insert into opcoes (num_exame, num_questao, letra_opcao, texto)
values(9, 8, 'D', 'suspensa temporariamente para avaliação pelo Conselho Seccional.');
insert into questoes (num_exame, num_questao, enunciado, opcao_correta)
values(9, 9, 'O advogado João, regularmente contratado para defender os interesses de José em Juízo, realiza a defesa regular em primeiro grau, mas não apresenta recurso de apelação contra sentença que julgou improcedente o pedido, mesmo havendo sólida fundamentação para modificar o decidido. O prejuízo causado ao cliente foi de R$ 10.000,00, parcialmente coberto por seguro realizado pela sociedade de advogados integrada por João. Consoante as regras estatutárias, os prejuízos causados ao cliente acarretam a responsabilidade pessoal do sócio advogado de forma', 'A');
insert into opcoes (num_exame, num_questao, letra_opcao, texto)
values(9, 9, 'A', 'limitada à responsabilidade decorrente de contrato de seguro.');
insert into opcoes (num_exame, num_questao, letra_opcao, texto)
values(9, 9, 'B', 'ilimitada, mas subsidiária em relação à sociedade.');
insert into opcoes (num_exame, num_questao, letra_opcao, texto)
values(9, 9, 'C', 'limitada e principal, sendo a da sociedade subsidiária.');
insert into opcoes (num_exame, num_questao, letra_opcao, texto)
values(9, 9, 'D', 'ilimitada e vinculada ao resultado do processo disciplinar instaurado.');
insert into questoes (num_exame, num_questao, enunciado, opcao_correta)
values(9, 10, 'O advogado Cândido, conhecido pelas soluções criativas para resolver os problemas dos seus clientes, aduz, como tese defensiva, em ação de despejo por falta de pagamento, que a norma que autoriza tal desocupação forçada seria inconstitucional, pois caberia ao Estado fornecer habitação gratuita ou a preços módicos aos necessitados e, em caso de impossibilidade financeira, custear a moradia, pagando ao locador os valores devidos, a título de aluguel social. Essa defesa foi considerada como contrária à disposição de lei que determina, como consequência do não pagamento dos alugueres, o despejo por falta de pagamento. Em razão disso, foi proferida sentença determinando a desocupação do imóvel e condenando o cliente do advogado Cândido ao pagamento dos alugueres devidos, bem como as demais verbas decorrentes da sucumbência. Além disso, determinou o magistrado a expedição de ofício à Ordem dos Advogados do Brasil para abertura de processo disciplinar. Consoante as regras do Estatuto da Advocacia, assinale a afirmativa correta.', 'A');
insert into opcoes (num_exame, num_questao, letra_opcao, texto)
values(9, 10, 'A', 'O fato de advogar contra literal disposição de lei sem exceções, não constitui infração disciplinar.');
insert into opcoes (num_exame, num_questao, letra_opcao, texto)
values(9, 10, 'B', 'A alegação de inconstitucionalidade descaracteriza a infração disciplinar invocada.');
insert into opcoes (num_exame, num_questao, letra_opcao, texto)
values(9, 10, 'C', 'A infração disciplinar não está prevista no sistema por caracterizar delito de hermenêutica.');
insert into opcoes (num_exame, num_questao, letra_opcao, texto)
values(9, 10, 'D', 'A referida infração somente pode ser considerada quando causar prejuízo ao cliente o que não foi o caso.');
insert into questoes (num_exame, num_questao, enunciado, opcao_correta)
values(9, 11, 'Caio é advogado que atua em três estados da federação, possuindo uma inscrição principal e duas suplementares, tendo em vista o número elevado de causas que possui. Em decorrência de conflitos ocorridos em função dos processos em que atua, foram instaurados três processos disciplinares, um em cada seccional onde atua. De acordo com as normas do Estatuto da Advocacia, a competência para julgamento desses processos cabe ao', 'A');
insert into opcoes (num_exame, num_questao, letra_opcao, texto)
values(9, 11, 'A', 'Conselho Federal da Ordem dos Advogados do Brasil.');
insert into opcoes (num_exame, num_questao, letra_opcao, texto)
values(9, 11, 'B', 'Conselho Seccional em que o advogado possui inscrição principal.');
insert into opcoes (num_exame, num_questao, letra_opcao, texto)
values(9, 11, 'C', 'Conselho Seccional de cada infração disciplinar.');
insert into opcoes (num_exame, num_questao, letra_opcao, texto)
values(9, 11, 'D', 'Conselho Nacional de Justiça.');
insert into questoes (num_exame, num_questao, enunciado, opcao_correta)
values(9, 12, 'Mário advogou, por muitos anos, para a empresa “X”, especializada no ramo de cosméticos. Por problemas pessoais, afastou-se da advocacia empresarial por um período de dois anos. No retorno, passou a representar os interesses da empresa “Y”, também do ramo de cosméticos, e concorrente direta da empresa para quem anteriormente prestara serviços. Quando da prestação de seus serviços à empresa “X”, Mário atuou em vários contratos em que constavam informações submetidas a segredo industrial, a que teve acesso exclusivamente em decorrência da sua atuação como advogado. Observado tal relato, em consonância com as normas do Código de Ética da Advocacia, assinale a afirmativa correta.', 'A');
insert into opcoes (num_exame, num_questao, letra_opcao, texto)
values(9, 12, 'A', 'Os segredos advindos da prática profissional, após determinado período de recesso, podem ser livremente utilizados pelo advogado.');
insert into opcoes (num_exame, num_questao, letra_opcao, texto)
values(9, 12, 'B', 'O advogado, ao atuar contra antigos clientes, não pode lançar mão de informações reservadas que lhe tenham sido confiadas.');
insert into opcoes (num_exame, num_questao, letra_opcao, texto)
values(9, 12, 'C', 'O advogado não pode ser contratado por concorrentes de antigos clientes, pois o impedimento de com eles contratar não tem prazo.');
insert into opcoes (num_exame, num_questao, letra_opcao, texto)
values(9, 12, 'D', 'O advogado, diante do conflito de interesses entre o antigo e o novo cliente, deve renunciar ao mandato.');
insert into questoes (num_exame, num_questao, enunciado, opcao_correta)
values(9, 13, 'A respeito da ação de habeas corpus, assinale a afirmativa incorreta.', 'A');
insert into opcoes (num_exame, num_questao, letra_opcao, texto)
values(9, 13, 'A', 'Pode ser impetrado por estrangeiro residente no país.');
insert into opcoes (num_exame, num_questao, letra_opcao, texto)
values(9, 13, 'B', 'É cabível contra punição disciplinar militar imposta por autoridade incompetente.');
insert into opcoes (num_exame, num_questao, letra_opcao, texto)
values(9, 13, 'C', 'Não é meio hábil para controle concreto de constitucionalidade.');
insert into opcoes (num_exame, num_questao, letra_opcao, texto)
values(9, 13, 'D', 'A Constituição assegura a gratuidade para seu ajuizamento.');
insert into questoes (num_exame, num_questao, enunciado, opcao_correta)
values(9, 14, 'O Estado W, governado por dirigente progressista, pretende realizar uma ampla reforma agrária no seu território para melhor dividir a terra, incluindo diversos desempregados na vida produtiva, apresentando, ainda, amplo programa de financiamento das atividades agrícolas. Com essa proposta política, resolve apresentar projeto de lei, criando formas de desapropriação e inovando nos procedimentos, dando característica sumária e permitindo o ingresso nos imóveis sem pagar indenização. Quanto ao tema em foco, legislação sobre desapropriação, nos termos da Constituição Federal, assinale a afirmativa correta.', 'A');
insert into opcoes (num_exame, num_questao, letra_opcao, texto)
values(9, 14, 'A', 'Trata-se de competência privativa da União');
insert into opcoes (num_exame, num_questao, letra_opcao, texto)
values(9, 14, 'B', 'Trata-se de competência da União em comum com os Estados.');
insert into opcoes (num_exame, num_questao, letra_opcao, texto)
values(9, 14, 'C', 'Trata-se de competência privativa dos Estados');
insert into opcoes (num_exame, num_questao, letra_opcao, texto)
values(9, 14, 'D', 'Trata-se de competência dos Estados em comum com os Municípios.');
insert into questoes (num_exame, num_questao, enunciado, opcao_correta)
values(9, 15, 'O Congresso Nacional aprova tratados internacionais por meio de:', 'A');
insert into opcoes (num_exame, num_questao, letra_opcao, texto)
values(9, 15, 'A', 'Decreto.');
insert into opcoes (num_exame, num_questao, letra_opcao, texto)
values(9, 15, 'B', 'Resolução.');
insert into opcoes (num_exame, num_questao, letra_opcao, texto)
values(9, 15, 'C', 'Decreto-Lei.');
insert into opcoes (num_exame, num_questao, letra_opcao, texto)
values(9, 15, 'D', 'Decreto Legislativo.');
insert into questoes (num_exame, num_questao, enunciado, opcao_correta)
values(9, 16, 'João ingressa com ação individual buscando a repetição de indébito tributário, tendo como causa de pedir a inconstitucionalidade da Lei Federal “X”, que criou o tributo. Sobre a demanda, assinale a afirmativa correta.', 'A');
insert into opcoes (num_exame, num_questao, letra_opcao, texto)
values(9, 16, 'A', 'João não possui legitimidade para ingressar com a demanda, questionando a constitucionalidade da Lei Federal “X”, atribuída exclusivamente às pessoas e entidades previstas no art. 103 da Constituição.');
insert into opcoes (num_exame, num_questao, letra_opcao, texto)
values(9, 16, 'B', 'Caso a questão seja levada ao Supremo Tribunal Federal, em sede de recurso extraordinário, e este declarar a inconstitucionalidade da Lei Federal “X” pela maioria absoluta dos seus membros, a decisão terá eficácia contra todos e efeitos vinculantes.');
insert into opcoes (num_exame, num_questao, letra_opcao, texto)
values(9, 16, 'C', 'O órgão colegiado, em sede de apelação, não pode declarar a inconstitucionalidade da norma, devendo submeter a questão ao Pleno do Tribunal ou ao órgão especial (quando houver), salvo se já houver prévio pronunciamento deste ou do plenário do STF sobre a sua inconstitucionalidade.');
insert into opcoes (num_exame, num_questao, letra_opcao, texto)
values(9, 16, 'D', 'O juiz de primeiro grau não detém competência para a declaração de inconstitucionalidade de lei ou ato normativo, mas somente o Tribunal de segundo grau e desde que haja prévio pronunciamento do plenário do Supremo Tribunal Federal sobre a questão.');
insert into questoes (num_exame, num_questao, enunciado, opcao_correta)
values(9, 17, 'José da Silva, prefeito do Município “X”, integrante do Estado “Y”, possui familiares que pretendem concorrer a cargos elegíveis nas próximas eleições. Sobre essa situação, assinale a afirmativa correta.', 'A');
insert into opcoes (num_exame, num_questao, letra_opcao, texto)
values(9, 17, 'A', 'José da Silva Junior, filho de José da Silva, que terá 18 anos completos na época da eleição, poderá se candidatar ao cargo de deputado estadual de “Y”, desde que José da Silva tenha se desincompatibilizado seis meses antes do pleito.');
insert into opcoes (num_exame, num_questao, letra_opcao, texto)
values(9, 17, 'B', 'Maria da Silva, esposa de José da Silva, vereadora do município “X”, só poderá concorrer novamente ao cargo de vereadora, se José da Silva se desincompatibilizar seis meses antes do pleito.');
insert into opcoes (num_exame, num_questao, letra_opcao, texto)
values(9, 17, 'C', 'José da Silva poderá concorrer ao cargo de governador do estado “Z”, não sendo necessário que renuncie ao mandato até seis meses antes do pleito.');
insert into opcoes (num_exame, num_questao, letra_opcao, texto)
values(9, 17, 'D', 'Pedro Costa, sobrinho de José da Silva, poderá concorrer ao cargo de Vereador do Município “X” mesmo que José da Silva não tenha se desincompatibilizado seis meses antes do pleito.');
insert into questoes (num_exame, num_questao, enunciado, opcao_correta)
values(9, 18, 'O Estado ”X” possui Lei Ordinária, que dispõe sobre regras de trânsito e transporte. Determina essa lei a instalação de cinto de segurança em veículos de transporte coletivo de passageiros, impondo penalidades em caso de descumprimento. Inconformado com este diploma legal, o Governador do Estado deseja propor ação direta de inconstitucionalidade. Neste caso, assinale a afirmativa correta.', 'A');
insert into opcoes (num_exame, num_questao, letra_opcao, texto)
values(9, 18, 'A', 'A ação não poderá ser ajuizada pelo Governador sem prévia autorização da Assembleia Legislativa do Estado X, já que se trata de ação contra lei do próprio Estado.');
insert into opcoes (num_exame, num_questao, letra_opcao, texto)
values(9, 18, 'B', 'O Governador não poderá propor a ADI, como pretende, pois a lei não possui vício de inconstitucionalidade.');
insert into opcoes (num_exame, num_questao, letra_opcao, texto)
values(9, 18, 'C', 'A lei é inconstitucional, pois viola a competência privativa da União para legislar sobre trânsito.');
insert into opcoes (num_exame, num_questao, letra_opcao, texto)
values(9, 18, 'D', 'Não haveria vício de inconstitucionalidade, caso a lei estadual tivesse status de lei complementar, ao invés de lei ordinária.');
insert into questoes (num_exame, num_questao, enunciado, opcao_correta)
values(9, 19, 'Com relação às diretrizes e normas constitucionais referentes à prestação da saúde, assinale a afirmativa correta.', 'A');
insert into opcoes (num_exame, num_questao, letra_opcao, texto)
values(9, 19, 'A', 'É permitida a destinação de recursos públicos para auxílios ou subvenções às instituições privadas com fins lucrativos.');
insert into opcoes (num_exame, num_questao, letra_opcao, texto)
values(9, 19, 'B', 'Ao sistema único de saúde compete, dentre outras atribuições, colaborar na proteção do meio ambiente, nele compreendido o do trabalho.');
insert into opcoes (num_exame, num_questao, letra_opcao, texto)
values(9, 19, 'C', 'É admitida a participação indireta de empresas ou capitais estrangeiros na assistência à saúde no País, independentemente de previsão legal.');
insert into opcoes (num_exame, num_questao, letra_opcao, texto)
values(9, 19, 'D', 'As instituições privadas poderão participar de forma complementar do sistema único de saúde, segundo diretrizes deste, mediante contrato de direito privado, vedada qualquer preferência ou distinção entre elas.');
insert into questoes (num_exame, num_questao, enunciado, opcao_correta)
values(9, 20, 'A Resolução 96 (I), de 11 de dezembro de 1946, da Assembleia Geral da Organização das Nações Unidas declarou que o genocídio é um crime contra o Direito Internacional. Nesse passo, a Convenção para a Prevenção e Repressão do Crime de Genocídio afirmou que', 'A');
insert into opcoes (num_exame, num_questao, letra_opcao, texto)
values(9, 20, 'A', 'as partes contratantes da Convenção confirmam que o genocídio configura crime contra o Direito Internacional, exceto se cometido em tempo de guerra.');
insert into opcoes (num_exame, num_questao, letra_opcao, texto)
values(9, 20, 'B', 'o genocídio é entendido como o assassinato de membros de um grupo nacional, étnico, racial ou religioso, com a intenção de destruí-lo no todo, não se entendendo como tal, dano grave à saúde do grupo.');
insert into opcoes (num_exame, num_questao, letra_opcao, texto)
values(9, 20, 'C', 'os atos tentados ou consumados, bem como a cumplicidade para cometer genocídio, serão punidos, mas a incitação ao cometimento de genocídio, ainda que direta e pública, não será punida.');
insert into opcoes (num_exame, num_questao, letra_opcao, texto)
values(9, 20, 'D', 'a transferência forçada de menores de um grupo religioso para outro grupo religioso, cometida com a intenção de destruir aquele, considera-se genocídio.');
insert into questoes (num_exame, num_questao, enunciado, opcao_correta)
values(9, 21, 'O Pacto de São José da Costa Rica prevê que os Estados signatários devem cumprir com as decisões emanadas pela Corte Interamericana de Direitos Humanos. Uma das hipóteses de condenação consiste no pagamento, pelo Estado, de indenização compensatória à vítima da violação de direitos humanos. Assinale a afirmativa que indica o procedimento a ser adotado, caso o Estado brasileiro não cumpra espontaneamente a sentença internacional que o obriga a pagar a indenização.', 'A');
insert into opcoes (num_exame, num_questao, letra_opcao, texto)
values(9, 21, 'A', 'Como é considerada título executivo judicial, poderá ser executada perante o Superior Tribunal de Justiça, uma vez que goza de status internacional.');
insert into opcoes (num_exame, num_questao, letra_opcao, texto)
values(9, 21, 'B', 'Como é considerada título executivo judicial, poderá ser executada perante a Vara Federal competente territorialmente.');
insert into opcoes (num_exame, num_questao, letra_opcao, texto)
values(9, 21, 'C', 'A Corte Interamericana, em razão do princípio da soberania, obrigará o Estado brasileiro a cumprir a sentença, sendo necessária a propositura de processo de execução, autônomo, pela parte interessada na Corte.');
insert into opcoes (num_exame, num_questao, letra_opcao, texto)
values(9, 21, 'D', 'A Corte Interamericana, em razão do princípio da soberania, não poderá obrigar o Brasil a cumprir a sentença, mas o descumprimento poderá fundamentar uma advertência da Assembleia Geral da Organização das Nações Unidas, pelo descumprimento da Convenção Americana de Direitos Humanos.');
insert into questoes (num_exame, num_questao, enunciado, opcao_correta)
values(9, 22, 'Com relação à Convenção Interamericana para Prevenir e Punir a Tortura, ratificada pelo Brasil em 20 de julho de 1989, assinale a afirmativa correta.', 'A');
insert into opcoes (num_exame, num_questao, letra_opcao, texto)
values(9, 22, 'A', 'Os funcionários públicos que ordenem a execução da tortura ou a cometam diretamente são responsáveis pelo delito de tortura, exceto se houverem agido por ordens superiores, o que eximirá o agente da responsabilidade penal correspondente.');
insert into opcoes (num_exame, num_questao, letra_opcao, texto)
values(9, 22, 'B', 'O Estado Parte somente tomará as medidas necessárias para conceder a extradição, em conformidade com sua legislação e suas obrigações internacionais, de pessoa condenada pela prática de delito de tortura, não bastando a acusação pela prática do delito.');
insert into opcoes (num_exame, num_questao, letra_opcao, texto)
values(9, 22, 'C', 'As declarações obtidas por meio de tortura não podem ser admitidas como prova em processo, salvo em processo instaurado contra a pessoa acusada de havê-las obtido mediante atos de tortura e unicamente como prova de que, por esse meio, o acusado obteve tal declaração.');
insert into opcoes (num_exame, num_questao, letra_opcao, texto)
values(9, 22, 'D', 'Esgotado o procedimento jurídico interno do Estado e os recursos que este prevê para a investigação sobre caso de tortura, o processo deverá ser submetido a instâncias internacionais, mesmo que o Estado não tenha aceitado tal competência.');
insert into questoes (num_exame, num_questao, enunciado, opcao_correta)
values(9, 23, 'Com base da Carta das Nações Unidas, assinale a afirmativa correta.', 'A');
insert into opcoes (num_exame, num_questao, letra_opcao, texto)
values(9, 23, 'A', 'A Assembleia Geral pode expulsar um Estado membro que tenha persistentemente violado os princípios da Carta das Nações Unidas, ouvido o Conselho de Segurança.');
insert into opcoes (num_exame, num_questao, letra_opcao, texto)
values(9, 23, 'B', 'Os principais órgãos das Nações Unidas são a Assembleia Geral, o Conselho de Segurança, a Organização Mundial do Comércio e a Corte Internacional de Justiça.');
insert into opcoes (num_exame, num_questao, letra_opcao, texto)
values(9, 23, 'C', 'As principais atribuições do Conselho de Segurança são a manutenção da paz internacional e a liberalização dos fluxos internacionais de comércio.');
insert into opcoes (num_exame, num_questao, letra_opcao, texto)
values(9, 23, 'D', 'Um Estado não pode se tornar membro da Corte Internacional de Justiça sem antes se tornar membro nas Nações Unidas.');
insert into questoes (num_exame, num_questao, enunciado, opcao_correta)
values(9, 24, 'José, de nacionalidade brasileira, era casado com Maria, de nacionalidade sueca, encontrando-se o casal domiciliado no Brasil. Durante a viagem de “lua de mel”, na França, Maria, após o jantar, veio a falecer, em razão de uma intoxicação alimentar. Maria, quando ainda era noiva de José, havia realizado testamento em Londres, dispondo sobre os seus bens, entre eles dois imóveis situados no Rio de Janeiro. À luz das regras de Direito Internacional Privado, assinale a afirmativa correta.', 'A');
insert into opcoes (num_exame, num_questao, letra_opcao, texto)
values(9, 24, 'A', 'Se houver discussão acerca da validade do testamento, no que diz respeito à observância das formalidades, deverá ser aplicada a legislação brasileira, pois Maria encontrava- se domiciliada no Brasil.');
insert into opcoes (num_exame, num_questao, letra_opcao, texto)
values(9, 24, 'B', 'Se houver discussão acerca da validade do testamento, no que diz respeito à observância das formalidades, deverá ser aplicada a legislação inglesa, local em que foi realizado o ato de disposição de última vontade de Maria.');
insert into opcoes (num_exame, num_questao, letra_opcao, texto)
values(9, 24, 'C', 'A autoridade judiciária brasileira não é competente para proceder ao inventário e à partilha de bens, porquanto Maria faleceu na França, e não no Brasil.');
insert into opcoes (num_exame, num_questao, letra_opcao, texto)
values(9, 24, 'D', 'Se houver discussão acerca do regime sucessório, deverá ser aplicada a legislação sueca, em razão da nacionalidade do de cujus.');
insert into questoes (num_exame, num_questao, enunciado, opcao_correta)
values(9, 25, 'Acerca do Imposto sobre Produtos Industrializados, de competência da União, assinale a afirmativa que contempla duas de suas características.', 'A');
insert into opcoes (num_exame, num_questao, letra_opcao, texto)
values(9, 25, 'A', 'É imposto ordinário e caracterizado pela seletividade.');
insert into opcoes (num_exame, num_questao, letra_opcao, texto)
values(9, 25, 'B', 'É imposto real e caracterizado por ser direto.');
insert into opcoes (num_exame, num_questao, letra_opcao, texto)
values(9, 25, 'C', 'É imposto monofásico e qualificado como indireto.');
insert into opcoes (num_exame, num_questao, letra_opcao, texto)
values(9, 25, 'D', 'É imposto interno e lançado por declaração.');
insert into questoes (num_exame, num_questao, enunciado, opcao_correta)
values(9, 26, 'De acordo com as regras contidas no Código Tributário Nacional, considera-se fraude à execução fiscal', 'A');
insert into opcoes (num_exame, num_questao, letra_opcao, texto)
values(9, 26, 'A', 'a alienação dos direitos reais do patrimônio do devedor, efetivada a qualquer tempo, para terceiro de má-fé.');
insert into opcoes (num_exame, num_questao, letra_opcao, texto)
values(9, 26, 'B', 'a alienação do patrimônio do devedor, feita após ciência inequívoca da regular inscrição de crédito da Fazenda contra si constituído.');
insert into opcoes (num_exame, num_questao, letra_opcao, texto)
values(9, 26, 'C', 'a aquisição, de má-fé, por terceiro, de parte do patrimônio devedor, refletindo tal situação presunção absoluta de fraude.');
insert into opcoes (num_exame, num_questao, letra_opcao, texto)
values(9, 26, 'D', 'a alienação de qualquer parcela do patrimônio do devedor, mesmo que feita a terceiro de boa-fé, após notificação do lançamento fiscal.');
insert into questoes (num_exame, num_questao, enunciado, opcao_correta)
values(9, 27, 'Concessionária de veículos se insurge contra aumento da alíquota do IPI sobre automóveis nacionais e, antes mesmo da ocorrência do lançamento do tributo em questão, ajuíza ação declaratória e efetua o depósito judicial do montante do valor tributado que considera devido. Após cinco anos e oito meses, ocorre o trânsito em julgado da decisão judicial proferida em favor da Fazenda Pública, a qual entende como devido o IPI integral. Considerando que a Fazenda Pública não adotou qualquer providência quanto ao lançamento do imposto devido durante o trâmite da ação judicial, tem-se que', 'A');
insert into opcoes (num_exame, num_questao, letra_opcao, texto)
values(9, 27, 'A', 'o IPI é devido e coincide com o valor depositado.');
insert into opcoes (num_exame, num_questao, letra_opcao, texto)
values(9, 27, 'B', 'o IPI é devido no valor cobrado pela Fazenda Pública.');
insert into opcoes (num_exame, num_questao, letra_opcao, texto)
values(9, 27, 'C', 'o IPI não é devido, uma vez que ocorreu a prescrição.');
insert into opcoes (num_exame, num_questao, letra_opcao, texto)
values(9, 27, 'D', 'o IPI não é devido, em razão da decadência.');
insert into questoes (num_exame, num_questao, enunciado, opcao_correta)
values(9, 28, 'O procurador do município Gama decide contestar judicialmente a cobrança do ICMS discriminada na fatura da conta de luz do imóvel onde funciona a sede da prefeitura, alegando a condição de ente político para livrar-se da exação. A demanda da municipalidade deverá ser', 'A');
insert into opcoes (num_exame, num_questao, letra_opcao, texto)
values(9, 28, 'A', 'acolhida, em razão da imunidade recíproca, que impede que os entes da federação instituam impostos sobre bens e serviços uns dos outros.');
insert into opcoes (num_exame, num_questao, letra_opcao, texto)
values(9, 28, 'B', 'rejeitada, pois na situação apresentada o município se apresenta na condição de contribuinte de direito do ICMS.');
insert into opcoes (num_exame, num_questao, letra_opcao, texto)
values(9, 28, 'C', 'acolhida, pois a empresa concessionária prestadora do serviço de fornecimento de energia não tem competência para cobrar ICMS.');
insert into opcoes (num_exame, num_questao, letra_opcao, texto)
values(9, 28, 'D', 'rejeitada, pois o município não goza de imunidade com relação a imposto que incide apenas indiretamente sobre seus bens e serviços.');
insert into questoes (num_exame, num_questao, enunciado, opcao_correta)
values(9, 29, 'Acerca dos serviços considerados como serviços públicos uti singuli, assinale a afirmativa correta.', 'A');
insert into opcoes (num_exame, num_questao, letra_opcao, texto)
values(9, 29, 'A', 'Serviços em que não é possível identificar os usuários e, da mesma forma, não é possível a identificação da parcela do serviço utilizada por cada beneficiário.');
insert into opcoes (num_exame, num_questao, letra_opcao, texto)
values(9, 29, 'B', 'Serviços singulares e essenciais prestados pela Administração Pública direta e indireta.');
insert into opcoes (num_exame, num_questao, letra_opcao, texto)
values(9, 29, 'C', 'Serviços em que é possível a identificação do usuário e da parcela do serviço utilizada por cada beneficiário.');
insert into opcoes (num_exame, num_questao, letra_opcao, texto)
values(9, 29, 'D', 'Serviços que somente são prestados pela Administração Pública direta do Estado.');
insert into questoes (num_exame, num_questao, enunciado, opcao_correta)
values(9, 30, 'A desapropriação é um procedimento administrativo que possui duas fases: a primeira, denominada declaratória e a segunda, denominada executória. Quanto à fase declaratória, assinale a afirmativa correta.', 'A');
insert into opcoes (num_exame, num_questao, letra_opcao, texto)
values(9, 30, 'A', 'Acarreta a aquisição da propriedade pela Administração, gerando o dever de justa indenização ao expropriado.');
insert into opcoes (num_exame, num_questao, letra_opcao, texto)
values(9, 30, 'B', 'Importa no início do prazo para a ocorrência da caducidade do ato declaratório e gera, para a Administração, o direito de penetrar no bem objeto da desapropriação.');
insert into opcoes (num_exame, num_questao, letra_opcao, texto)
values(9, 30, 'C', 'Implica a geração de efeitos, com o titular mantendo o direito de propriedade plena, não tendo a Administração direitos ou deveres.');
insert into opcoes (num_exame, num_questao, letra_opcao, texto)
values(9, 30, 'D', 'Gera o direito à imissão provisória na posse e o impedimento à desistência da desapropriação.');
insert into questoes (num_exame, num_questao, enunciado, opcao_correta)
values(9, 31, 'De acordo com o Art. 2º, inciso XIII, da Lei n. 9.784/98, a Administração deve buscar a interpretação da norma que melhor garanta o atendimento do fim público a que se dirige, vedada a aplicação retroativa da nova interpretação. Assinale a alternativa que indica o princípio consagrado por esse dispositivo, em sua parte final.', 'A');
insert into opcoes (num_exame, num_questao, letra_opcao, texto)
values(9, 31, 'A', 'Legalidade.');
insert into opcoes (num_exame, num_questao, letra_opcao, texto)
values(9, 31, 'B', 'Eficiência.');
insert into opcoes (num_exame, num_questao, letra_opcao, texto)
values(9, 31, 'C', 'Moralidade.');
insert into opcoes (num_exame, num_questao, letra_opcao, texto)
values(9, 31, 'D', 'Segurança das relações jurídicas.');
insert into questoes (num_exame, num_questao, enunciado, opcao_correta)
values(9, 32, 'Atento à crescente especulação imobiliária, e ciente do sucesso econômico obtido pelas construtoras do País com a construção de imóveis destinados ao público de alta renda, o Estado “X” decide ingressar nesse lucrativo mercado. Assim, edita uma lei autorizando a criação de uma empresa pública e, no mesmo ano, promove a inscrição dos seus atos constitutivos no registro das pessoas jurídicas. Assinale a alternativa que apresenta a alegação que as construtoras privadas, incomodadas pela concorrência de uma empresa pública, poderiam apresentar.', 'A');
insert into opcoes (num_exame, num_questao, letra_opcao, texto)
values(9, 32, 'A', 'A nulidade da constituição daquela pessoa jurídica, uma vez que as pessoas jurídicas estatais só podem ser criadas por lei específica.');
insert into opcoes (num_exame, num_questao, letra_opcao, texto)
values(9, 32, 'B', 'O objeto social daquela empresa só poderia ser atribuído a uma sociedade de economia mista e não a uma empresa pública.');
insert into opcoes (num_exame, num_questao, letra_opcao, texto)
values(9, 32, 'C', 'Os pressupostos de segurança nacional ou de relevante interesse coletivo na exploração daquela atividade econômica não estão presentes.');
insert into opcoes (num_exame, num_questao, letra_opcao, texto)
values(9, 32, 'D', 'A criação da empresa pública não poderia ter ocorrido no mesmo ano em que foi editada a lei autorizativa.');
insert into questoes (num_exame, num_questao, enunciado, opcao_correta)
values(9, 33, 'Um estado da Federação, em processo de recuperação econômica, pretende restaurar o seu antigo Parque de Esportes, uma enorme área que concentra estádio de futebol, ginásio de esportes coletivos e parque aquático. Não dispondo de recursos para custear a totalidade da obra e nem tendo expertise para promover uma boa gestão do espaço, o Estado pretende firmar um contrato de parceria público-privada, nos moldes da Lei n. 11.079/2004. Sobre o instituto da Parceria Público-Privada, assinale a afirmativa correta.', 'A');
insert into opcoes (num_exame, num_questao, letra_opcao, texto)
values(9, 33, 'A', 'As parcerias público-privadas têm natureza de convênio, e não de contrato, uma vez que o ente público e o ente particular conjugam esforços na realização de uma atividade de interesse público.');
insert into opcoes (num_exame, num_questao, letra_opcao, texto)
values(9, 33, 'B', 'As parcerias público-privadas preveem que o ente público executará uma parcela do serviço ou obra, nunca inferior a 50%, e o particular o restante do serviço ou obra.');
insert into opcoes (num_exame, num_questao, letra_opcao, texto)
values(9, 33, 'C', 'As parcerias público-privadas não podem ter por objeto, exclusivamente, a execução de obra pública de restauração do Parque de Esportes.');
insert into opcoes (num_exame, num_questao, letra_opcao, texto)
values(9, 33, 'D', 'As parcerias público-privadas remuneram o ente particular integralmente com o valor das tarifas cobradas dos usuários do serviço, sendo vedado ao ente público o custeio direto das atividades desenvolvidas pelo particular.');
insert into questoes (num_exame, num_questao, enunciado, opcao_correta)
values(9, 34, 'As contas do Prefeito do Município X não foram aprovadas pelo Tribunal de Contas do Estado. Dentre outras irregularidades, apurou-se o superfaturamento em obras públicas. Sobre o controle exercido pelas Cortes de Contas, assinale a afirmativa correta.', 'A');
insert into opcoes (num_exame, num_questao, letra_opcao, texto)
values(9, 34, 'A', 'O parecer desfavorável emitido pelo Tribunal de Contas do Estado pode ser superado por decisão de dois terços dos membros da Câmara Municipal.');
insert into opcoes (num_exame, num_questao, letra_opcao, texto)
values(9, 34, 'B', 'A atuação do Tribunal de Contas configura exemplo de controle interno dos atos da Administração Pública.');
insert into opcoes (num_exame, num_questao, letra_opcao, texto)
values(9, 34, 'C', 'A atuação do Tribunal de Contas do estado somente será possível até que haja a criação de um Tribunal de Contas do Município, por lei complementar de iniciativa do Prefeito.');
insert into opcoes (num_exame, num_questao, letra_opcao, texto)
values(9, 34, 'D', 'As contas do Prefeito estarão sujeitas à atuação do Tribunal de Contas somente se houver previsão na Lei Orgânica do Município.');
insert into questoes (num_exame, num_questao, enunciado, opcao_correta)
values(9, 35, 'A Lei Complementar n. 140 de 2011 fixou normas para a cooperação entre os entes da federação nas ações administrativas decorrentes do exercício da competência comum relativas ao meio ambiente. Sobre esse tema, assinale a afirmativa correta.', 'A');
insert into opcoes (num_exame, num_questao, letra_opcao, texto)
values(9, 35, 'A', 'Compete à União aprovar o manejo e a supressão de vegetação, de florestas e formações sucessoras em Áreas de Preservação Ambientais - APAs.');
insert into opcoes (num_exame, num_questao, letra_opcao, texto)
values(9, 35, 'B', 'Compete aos Estados e ao Distrito Federal controlar a introdução no País de espécies exóticas potencialmente invasoras que possam ameaçar os ecossistemas, habitats e espécies nativas.');
insert into opcoes (num_exame, num_questao, letra_opcao, texto)
values(9, 35, 'C', 'Compete aos municípios gerir o patrimônio genético e o acesso ao conhecimento tradicional associado, respeitadas as atribuições setoriais.');
insert into opcoes (num_exame, num_questao, letra_opcao, texto)
values(9, 35, 'D', 'Compete à União aprovar a liberação de exemplares de espécie exótica da fauna e da flora em ecossistemas naturais frágeis ou protegidos.');
insert into questoes (num_exame, num_questao, enunciado, opcao_correta)
values(9, 36, 'A respeito da responsabilidade administrativa federal por danos ambientais, regulamentada pelo Decreto n. 6.514/08 e alterado pelo Decreto 6.686/08, assinale a afirmativa correta.', 'A');
insert into opcoes (num_exame, num_questao, letra_opcao, texto)
values(9, 36, 'A', 'A demolição de obra só poderá ser aplicada em edificações não residenciais e sua execução deverá ocorrer às custas do infrator.');
insert into opcoes (num_exame, num_questao, letra_opcao, texto)
values(9, 36, 'B', 'A demolição de obra é medida excepcional e só poderá ser aplicada em situações de flagrante ilegalidade e em edificações com menos de dez anos.');
insert into opcoes (num_exame, num_questao, letra_opcao, texto)
values(9, 36, 'C', 'A demolição de obra, em respeito ao direito fundamental à moradia, só poderá ser aplicada em construções residenciais erguidas em unidades de conservação e outros espaços ambientalmente protegidos e as custas para a sua realização correrão por conta do infrator.');
insert into opcoes (num_exame, num_questao, letra_opcao, texto)
values(9, 36, 'D', 'A demolição de obra ou construção com fins residenciais ou comerciais, em razão do princípio da defesa do meio ambiente, dar-se-á nos casos em que a ausência da demolição importa em iminente risco de agravamento do dano ambiental e as custas para sua realização correrão por conta do infrator.');
insert into questoes (num_exame, num_questao, enunciado, opcao_correta)
values(9, 37, 'José, viúvo, é pai de Mauro e Mário, possuindo um patrimônio de R$ 300.000,00. Casou-se com Roberta, que tinha um patrimônio de R$ 200.000,00, pelo regime da comunhão universal de bens. José e Roberta tiveram dois filhos, Bruno e Breno. Falecendo Roberta, a divisão do monte seria a seguinte:', 'A');
insert into opcoes (num_exame, num_questao, letra_opcao, texto)
values(9, 37, 'A', 'José recebe R$ 250.000,00 e Mauro, Mário, Bruno e Breno recebem cada um R$ 62.500,00.');
insert into opcoes (num_exame, num_questao, letra_opcao, texto)
values(9, 37, 'B', 'O monte, no valor total de R$ 500.000,00, deve ser dividido em cinco partes, ou seja, José, Mauro, Mário, Breno e Bruno recebem, cada um, R$ 100.000,00.');
insert into opcoes (num_exame, num_questao, letra_opcao, texto)
values(9, 37, 'C', 'José recebe R$ 250.000,00 e Bruno e Breno recebem, cada um, a importância de R$ 125.000,00.');
insert into opcoes (num_exame, num_questao, letra_opcao, texto)
values(9, 37, 'D', 'A herança deve ser dividida em três partes, cabendo a José, Bruno e Breno 1/3 do monte, ou seja, R$ 166.666,66 para cada um.');
insert into questoes (num_exame, num_questao, enunciado, opcao_correta)
values(9, 38, 'Marcelo firmou com Augusto contrato de compra e venda de imóvel, tendo sido instituindo no contrato o pacto de preempção. Acerca do instituto da preempção, assinale a afirmativa correta.', 'A');
insert into opcoes (num_exame, num_questao, letra_opcao, texto)
values(9, 38, 'A', 'Trata-se de pacto adjeto ao contrato de compra e venda em que Marcelo se reserva ao direito de recobrar o imóvel vendido a Augusto no prazo máximo de 3 anos, restituindo o preço recebido e reembolsando as despesas do comprador.');
insert into opcoes (num_exame, num_questao, letra_opcao, texto)
values(9, 38, 'B', 'Trata-se de pacto adjeto ao contrato de compra e venda em que Marcelo impõe a Augusto a obrigação de oferecer a coisa quando vender, ou dar em pagamento, para que use de seu direito de prelação na compra, tanto por tanto.');
insert into opcoes (num_exame, num_questao, letra_opcao, texto)
values(9, 38, 'C', 'Trata-se de pacto adjeto ao contrato de compra e venda em que Marcelo reserva para si a propriedade do imóvel até o momento em que Augusto realize o pagamento integral do preço.');
insert into opcoes (num_exame, num_questao, letra_opcao, texto)
values(9, 38, 'D', 'Trata-se de pacto adjeto ao contrato de compra e venda em que Marcelo, enquanto constituir faculdade de exercício, poderá ceder ou transferir por ato inter vivos.');
insert into questoes (num_exame, num_questao, enunciado, opcao_correta)
values(9, 39, 'De acordo com as regras atinentes à hipoteca, assinale a afirmativa correta.', 'A');
insert into opcoes (num_exame, num_questao, letra_opcao, texto)
values(9, 39, 'A', 'O Código Civil não admite a divisibilidade da hipoteca em casos de loteamento do imóvel hipotecado.');
insert into opcoes (num_exame, num_questao, letra_opcao, texto)
values(9, 39, 'B', 'O ordenamento jurídico admite a instituição de nova hipoteca sobre imóvel hipotecado, desde que seja dada em favor do mesmo credor.');
insert into opcoes (num_exame, num_questao, letra_opcao, texto)
values(9, 39, 'C', 'Segundo o Código Civil, o adquirente de bem hipotecado não pode remir a hipoteca para que seja extinto o gravame pendente sobre o bem sem autorização expressa de todos credores hipotecários.');
insert into opcoes (num_exame, num_questao, letra_opcao, texto)
values(9, 39, 'D', 'A hipoteca pode ser constituída para garantia de dívida futura ou condicionada, desde que determinado o valor máximo do crédito a ser garantido.');
insert into questoes (num_exame, num_questao, enunciado, opcao_correta)
values(9, 40, 'Henrique e Natália, casados sob o regime de comunhão parcial de bens, decidiram se divorciar após 10 anos de união conjugal. Do relacionamento nasceram Gabriela e Bruno, hoje, com 8 e 6 anos, respectivamente. Enquanto esteve casada, Natália, apesar de ter curso superior completo, ser pessoa jovem e capaz para o trabalho, não exerceu atividade profissional para se dedicar integralmente aos cuidados da casa e dos filhos. Considerando a hipótese acima e as regras atinentes à prestação de alimentos, assinale a afirmativa correta.', 'A');
insert into opcoes (num_exame, num_questao, letra_opcao, texto)
values(9, 40, 'A', 'Uma vez homologado judicialmente o valor da prestação alimentícia devida por Henrique em favor de seus filhos Gabriela e Bruno, no percentual de um salário mínimo para cada um, ocorrendo a constituição de nova família por parte de Henrique, automaticamente será minorado o valor dos alimentos devido aos filhos do primeiro casamento.');
insert into opcoes (num_exame, num_questao, letra_opcao, texto)
values(9, 40, 'B', 'Henrique poderá opor a impenhorabillidade de sua única casa, por ser bem de família, na hipótese de ser acionado judicialmente para pagar débito alimentar atual aos seus filhos Gabriela e Bruno.');
insert into opcoes (num_exame, num_questao, letra_opcao, texto)
values(9, 40, 'C', 'Natália poderá pleitear alimentos transitórios e por prazo razoável, se demonstrar sua dificuldade em ingressar no mercado de trabalho em razão do longo período que permaneceu afastada do desempenho de suas atividades profissionais para se dedicar integralmente aos cuidados do lar.');
insert into opcoes (num_exame, num_questao, letra_opcao, texto)
values(9, 40, 'D', 'Caso Natália descubra, após dois meses de separação de fato, que espera um filho de Henrique, serão devidos alimentos gravídicos até o nascimento da criança, pois após este fato a obrigação alimentar somente será exigida em ação judicial própria.');
insert into questoes (num_exame, num_questao, enunciado, opcao_correta)
values(9, 41, 'Em 12.09.12, Sílvio adquiriu de Maurício, por contrato particular de compra e venda, um automóvel, ano 2011, por R$ 34.000,00 (trinta e quatro mil reais). Vinte dias após a celebração do negócio, Sílvio tomou conhecimento que o veículo apresentava avarias na suspensão dianteira, tornando seu uso impróprio pela ausência de segurança. Considerando que o vício apontado existia ao tempo da contratação, de acordo com a hipótese acima e as regras de direito civil, assinale a afirmativa correta.', 'A');
insert into opcoes (num_exame, num_questao, letra_opcao, texto)
values(9, 41, 'A', 'Sílvio terá o prazo de doze meses, após o conhecimento do defeito, para reclamar a Maurício o abatimento do preço pago ou desfazimento do negócio jurídico em virtude do vício oculto.');
insert into opcoes (num_exame, num_questao, letra_opcao, texto)
values(9, 41, 'B', 'Mauricio deverá restituir o valor recebido e as despesas decorrentes do contrato se, no momento da venda, desconhecesse o defeito na suspensão dianteira do veículo.');
insert into opcoes (num_exame, num_questao, letra_opcao, texto)
values(9, 41, 'C', 'Caso Silvio e Maurício estabeleçam no contrato cláusula de garantia pelo prazo de 90 dias, o prazo decadencial legal para reclamação do vício oculto correrá independentemente do prazo da garantia estipulada.');
insert into opcoes (num_exame, num_questao, letra_opcao, texto)
values(9, 41, 'D', 'Caso Silvio e Mauricio tenham inserido no contrato de compra e venda cláusula que exclui a responsabilidade de Mauricio pelo vício oculto, persistirá a irresponsabilidade de Maurício mesmo que este tenha agido com dolo positivo.');
insert into questoes (num_exame, num_questao, enunciado, opcao_correta)
values(9, 42, 'Tiago celebrou com Ronaldo contrato de compra e venda de dez máquinas de costura importadas da China. Restou acordado que o pagamento se daria em trinta e seis prestações mensais e consecutivas com reajuste a cada doze meses conforme taxa Selic, a ser efetuado no domicílio do credor. O contrato estabeleceu, ainda, a incidência de juros moratórios, no importe de 2% (dois por cento) do valor da parcela em atraso, e cláusula penal, fixada em 10% (dez por cento) do valor do contrato, em caso de inadimplência. Após o pagamento de nove parcelas, Tiago foi surpreendido com a notificação extrajudicial enviada por Ronaldo, em que se comunicava um reajuste de 30% (trinta por cento) sobre o valor da última parcela paga sob o argumento de que ocorreu elevada desvalorização no câmbio. Tiago não concordou com o reajuste e ao tentar efetuar o pagamento da décima parcela com base no valor inicialmente ajustado teve o pagamento recusado por Ronaldo. Considerando o caso acima e as regras previstas no Código Civil, assinale a afirmativa correta.', 'A');
insert into opcoes (num_exame, num_questao, letra_opcao, texto)
values(9, 42, 'A', 'Caso Tiago consigne o valor da décima parcela por meio de depósito judicial, poderá levantá-lo enquanto Ronaldo não informar o aceite ou não o impugnar, desde que pague todas as despesas.');
insert into opcoes (num_exame, num_questao, letra_opcao, texto)
values(9, 42, 'B', 'Na hipótese de Tiago consignar judicialmente duas máquinas de costura com a finalidade de afastar a incidência dos encargos moratórios e da cláusula penal, este depósito será apto a liberá-lo da obrigação assumida.');
insert into opcoes (num_exame, num_questao, letra_opcao, texto)
values(9, 42, 'C', 'O depósito consignatório realizado por Tiago em seu domicílio terá o poder liberatório do vínculo obrigacional, isentando-o do pagamento dos juros moratórios e da cláusula penal.');
insert into opcoes (num_exame, num_questao, letra_opcao, texto)
values(9, 42, 'D', 'Tiago poderá depositar o valor referente à décima parcela sob o fundamento de injusta recusa, porém não poderá discutir, no âmbito da ação consignatória, a abusividade ou ilegalidade das cláusulas contratuais.');
insert into questoes (num_exame, num_questao, enunciado, opcao_correta)
values(9, 43, 'No dia 23 de junho de 2012, Alfredo, produtor rural, contratou a sociedade Simões Aviação Agrícola Ltda., com a finalidade de pulverizar, por via aérea, sua plantação de soja. Ocorre que a pulverização se deu de forma incorreta, ocasionando a perda integral da safra de abóbora pertencente a Nilson, vizinho lindeiro de Alfredo. Considerando a situação hipotética e as regras de responsabilidade civil, assinale a afirmativa correta.', 'A');
insert into opcoes (num_exame, num_questao, letra_opcao, texto)
values(9, 43, 'A', 'Com base no direito brasileiro, Alfredo responderá subjetivamente pelos danos causados a Nilson e a sociedade Simões Aviação Agrícola Ltda. será responsabilizada de forma subsidiária.');
insert into opcoes (num_exame, num_questao, letra_opcao, texto)
values(9, 43, 'B', 'Alfredo e a sociedade Simões Aviação Agrícola Ltda. responderão objetiva e solidariamente pelos danos causados a Nilson.');
insert into opcoes (num_exame, num_questao, letra_opcao, texto)
values(9, 43, 'C', 'Não há lugar para a responsabilidade civil solidária entre Alfredo e a sociedade Simões Aviação Agrícola Ltda. pelos danos causados a Nilson, dada a inexistência da relação de preposição.');
insert into opcoes (num_exame, num_questao, letra_opcao, texto)
values(9, 43, 'D', 'Trata-se de responsabilidade civil objetiva, em que a sociedade Simões Aviação Agrícola Ltda. é o responsável principal pela reparação dos danos, enquanto Alfredo é responsável subsidiário.');
insert into questoes (num_exame, num_questao, enunciado, opcao_correta)
values(9, 44, 'Juliana, estudante de 17 anos, em comemoração a sua recente aprovação no vestibular de uma renomada universidade, saiu em viagem com Gustavo, seu namorado de 25 anos, funcionário público federal. Acerca de possíveis intercorrências ao longo da viagem, é correto afirmar que', 'A');
insert into opcoes (num_exame, num_questao, letra_opcao, texto)
values(9, 44, 'A', 'Juliana, por ser adolescente, independentemente de estar em companhia de Gustavo, maior de idade, não poderá se hospedar no local livremente por eles escolhido, sem portar expressa autorização de seus pais ou responsável.');
insert into opcoes (num_exame, num_questao, letra_opcao, texto)
values(9, 44, 'B', 'Juliana, em companhia de Gustavo, poderá ingressar em um badalado bar do local, onde é realizado um show de música ao vivo no primeiro piso e há um salão de jogos de bilhar no segundo piso.');
insert into opcoes (num_exame, num_questao, letra_opcao, texto)
values(9, 44, 'C', 'Juliana, por ser adolescente e estar em companhia de Gustavo, maior de idade, poderá se hospedar no local livremente por eles escolhido, independentemente de portar ou não autorização de seus pais.');
insert into opcoes (num_exame, num_questao, letra_opcao, texto)
values(9, 44, 'D', 'Juliana poderá se hospedar em hotel, motel, pensão ou estabelecimento congênere, assim como poderá ingressar em local que explore jogos de bilhar, se portar expressa autorização dos seus pais ou responsável.');
insert into questoes (num_exame, num_questao, enunciado, opcao_correta)
values(9, 45, 'Acerca do estágio de convivência precedente a adoção, assinale a afirmativa correta.', 'A');
insert into opcoes (num_exame, num_questao, letra_opcao, texto)
values(9, 45, 'A', 'O período do estágio de convivência será fixado pela autoridade judiciária, sendo dispensado na hipótese de o adotando encontrar-se sob a tutela, a guarda legal ou de fato do adotante durante tempo suficiente para a avaliação da conveniência da constituição do vínculo.');
insert into opcoes (num_exame, num_questao, letra_opcao, texto)
values(9, 45, 'B', 'A finalidade do estágio de convivência é permitir a avaliação da conveniência da constituição do vínculo familiar entre adotante e adotado, razão pela qual pode ser dispensado se, cumulativamente, o adotando já encontrar-se sob a tutela, guarda legal ou de fato do adotante e, em audiência, consentir com a adoção.');
insert into opcoes (num_exame, num_questao, letra_opcao, texto)
values(9, 45, 'C', 'O período do estágio de convivência será fixado pela autoridade judiciária, em observância as peculiaridades do caso, não podendo este ser inferior a 60 dias para os casos de adoção internacional e de 30 dias para adoção nacional, salvo a hipótese de convivência prévia em decorrência de tutela, guarda legal ou de fato.');
insert into opcoes (num_exame, num_questao, letra_opcao, texto)
values(9, 45, 'D', 'O período do estágio de convivência prévio a adoção internacional deverá ser cumprido no Brasil e terá prazo mínimo 30 dias, ao passo que para a adoção nacional inexiste prazo mínimo, podendo, inclusive, ser dispensado na hipótese de prévia convivência familiar em decorrência da guarda legal ou da tutela.');
insert into questoes (num_exame, num_questao, enunciado, opcao_correta)
values(9, 46, 'Academia de ginástica veicula anúncio assinalando que os seus alunos, quando viajam ao exterior, podem se utilizar de rede mundial credenciada, presente em 60 países e 230 cidades, sem custo adicional. Um ano após continuamente fazer tal divulgação, vários alunos reclamam que, em quase todos os países, é exigida tarifa de uso da unidade conveniada. A academia responde que a referência ao “sem custo adicional” refere-se à inexistência de acréscimo cobrado por ela, e não de eventual cobrança, no exterior, de terceiro. Acerca dessa situação, assinale a afirmativa correta.', 'A');
insert into opcoes (num_exame, num_questao, letra_opcao, texto)
values(9, 46, 'A', 'A loja veicula publicidade enganosa, que se caracteriza como a que induz o consumidor a se comportar de forma prejudicial ou perigosa a sua saúde ou segurança.');
insert into opcoes (num_exame, num_questao, letra_opcao, texto)
values(9, 46, 'B', 'A loja promove publicidade abusiva, pois anuncia informação parcialmente falsa, a respeito do preço e qualidade do serviço.');
insert into opcoes (num_exame, num_questao, letra_opcao, texto)
values(9, 46, 'C', 'Não há irregularidade, e as informações complementares podem ser facilmente buscadas na recepção ou com as atendentes, sendo inviável que o ordenamento exija que detalhes sejam prestados, todos, no anúncio.');
insert into opcoes (num_exame, num_questao, letra_opcao, texto)
values(9, 46, 'D', 'A loja faz publicidade enganosa, que se configura, basicamente, pela falsidade, total ou parcial, da informação veiculada.');
insert into questoes (num_exame, num_questao, enunciado, opcao_correta)
values(9, 47, 'A sociedade empresária XYZ Ltda. oferta e celebra, com vários estudantes universitários, contratos individuais de fornecimento de material didático, nos quais garante a entrega, com 25% de desconto sobre o valor indicado pela editora, dos livros didáticos escolhidos pelos contratantes (de lista de editoras de antemão definidas). Os contratos têm duração de 24 meses, e cada estudante compromete-se a pagar valor mensal, que fica como crédito, a ser abatido do valor dos livros escolhidos. Posteriormente, a capacidade de entrega da sociedade diminuiu, devido a dívidas e problemas judiciais. Em razão disso, ela pretende rever judicialmente os contratos, para obter aumento do valor mensal, ou então liberar-se do vínculo. Acerca dessa situação, assinale a afirmativa correta.', 'A');
insert into opcoes (num_exame, num_questao, letra_opcao, texto)
values(9, 47, 'A', 'A empresa não pode se valer do Código de Defesa do Consumidor e não há base, à luz do indicado, para rever os contratos.');
insert into opcoes (num_exame, num_questao, letra_opcao, texto)
values(9, 47, 'B', 'Aplica-se o CDC, já que os estudantes são destinatários finais do serviço, mas o aumento só será concedido se provada a dificuldade financeira e que, ademais, ainda assim o contrato seja proveitoso para os compradores.');
insert into opcoes (num_exame, num_questao, letra_opcao, texto)
values(9, 47, 'C', 'Aplica-se o CDC, mas a pretendida revisão da cláusula contratual só poderá ser efetuada se provado que os problemas citados têm natureza imprevisível, característica indispensável, no sistema do consumidor, para autorizar a revisão.');
insert into opcoes (num_exame, num_questao, letra_opcao, texto)
values(9, 47, 'D', 'A revisão é cabível, assentada na teoria da imprevisão, pois existe o contrato de execução diferida, a superveniência de onerosidade excessiva da prestação, a extrema vantagem para a outra parte, e a ocorrência de acontecimento extraordinário e imprevisível.');
insert into questoes (num_exame, num_questao, enunciado, opcao_correta)
values(9, 48, 'Leia o trecho a seguir. Companhia cuja totalidade das ações em que se divide o capital pertence a uma sociedade brasileira. Essa definição refere-se à', 'A');
insert into opcoes (num_exame, num_questao, letra_opcao, texto)
values(9, 48, 'A', 'subsidiária integral.');
insert into opcoes (num_exame, num_questao, letra_opcao, texto)
values(9, 48, 'B', 'sociedade em conta de participação.');
insert into opcoes (num_exame, num_questao, letra_opcao, texto)
values(9, 48, 'C', 'sociedade limitada.');
insert into opcoes (num_exame, num_questao, letra_opcao, texto)
values(9, 48, 'D', 'sociedade de propósito específico.');
insert into questoes (num_exame, num_questao, enunciado, opcao_correta)
values(9, 49, 'A sociedade limitada encontra-se regulada nos artigos 1052 a 1087 do Código Civil. Para que ela possa atingir sua finalidade, necessita de patrimônio, já que sua personalidade é diversa da personalidade dos sócios. Em relação ao capital e ao patrimônio social desse tipo societário, assinale a afirmativa incorreta.', 'A');
insert into opcoes (num_exame, num_questao, letra_opcao, texto)
values(9, 49, 'A', 'No momento em que a sociedade limitada é constituída e inicia a atividade que constitui o objeto social, o patrimônio é igual ao capital social.');
insert into opcoes (num_exame, num_questao, letra_opcao, texto)
values(9, 49, 'B', 'Na constituição da sociedade há possibilidade do ingresso de sócio cuja contribuição consista exclusivamente em prestação de serviços.');
insert into opcoes (num_exame, num_questao, letra_opcao, texto)
values(9, 49, 'C', 'A distribuição dolosa de lucros ilícitos acarreta a responsabilidade solidária dos administradores que a realizarem e dos sócios que os receberem.');
insert into opcoes (num_exame, num_questao, letra_opcao, texto)
values(9, 49, 'D', 'O sócio remisso é aquele que não integraliza sua quota na forma e prazo previstos, podendo, por esse fato, ser excluído da sociedade.');
insert into questoes (num_exame, num_questao, enunciado, opcao_correta)
values(9, 50, 'Com relação aos títulos de crédito, assinale a afirmativa correta.', 'A');
insert into opcoes (num_exame, num_questao, letra_opcao, texto)
values(9, 50, 'A', 'No endosso de letra de câmbio após o protesto por falta de pagamento, o portador tem ação cambiária contra o seu endossante.');
insert into opcoes (num_exame, num_questao, letra_opcao, texto)
values(9, 50, 'B', 'A cláusula não à ordem inserida no cheque impede sua circulação tanto por endosso quanto por cessão de crédito.');
insert into opcoes (num_exame, num_questao, letra_opcao, texto)
values(9, 50, 'C', 'O endosso de cheque poderá ser realizado pelo sacado ou por mandatário deste com poderes especiais.');
insert into opcoes (num_exame, num_questao, letra_opcao, texto)
values(9, 50, 'D', 'A duplicata pode ser apresentada para aceite do sacado pelo próprio sacador ou por instituição financeira.');
insert into questoes (num_exame, num_questao, enunciado, opcao_correta)
values(9, 51, 'A respeito do processo de falência, assinale a afirmativa correta.', 'A');
insert into opcoes (num_exame, num_questao, letra_opcao, texto)
values(9, 51, 'A', 'As restituições em dinheiro determinadas por sentença judicial poderão ser realizadas antes do pagamento de qualquer crédito.');
insert into opcoes (num_exame, num_questao, letra_opcao, texto)
values(9, 51, 'B', 'Os créditos ao serem classificados, os créditos com garantia real terão preferência sobre os créditos tributários, independentemente do valor do bem dado em garantia.');
insert into opcoes (num_exame, num_questao, letra_opcao, texto)
values(9, 51, 'C', 'Os créditos decorrentes das remunerações devidas ao administrador judicial e seus auxiliares serão pagos com preferência em relação aos credores concursais.');
insert into opcoes (num_exame, num_questao, letra_opcao, texto)
values(9, 51, 'D', 'Os credores remanescentes da recuperação deverão habilitar seus créditos na falência, em qualquer hipótese, quando da convolação da recuperação judicial em falência.');
insert into questoes (num_exame, num_questao, enunciado, opcao_correta)
values(9, 52, 'Primavera do Leste Arrendamento Mercantil S.A. ajuizou ação de reintegração de posse de bem arrendado à sociedade empresária Vila Bela Distribuidora de Jornais e Revistas Ltda., em face do não pagamento das prestações nos vencimentos. O contrato de arrendamento mercantil prevê resolução de pleno direito em caso de qualquer inadimplemento da arrendatária. O juiz extinguiu o processo sem resolução de mérito porque', 'A');
insert into opcoes (num_exame, num_questao, letra_opcao, texto)
values(9, 52, 'A', 'no contrato de arrendamento mercantil, ainda que haja cláusula resolutiva expressa, é necessária a notificação prévia do arrendatário para constituí-lo em mora.');
insert into opcoes (num_exame, num_questao, letra_opcao, texto)
values(9, 52, 'B', 'nos contratos de arrendamento mercantil celebrados entre a arrendadora e as sociedades empresárias é vedada a aposição de cláusula resolutiva expressa.');
insert into opcoes (num_exame, num_questao, letra_opcao, texto)
values(9, 52, 'C', 'a ação cabível para a retomada do bem em poder do arrendatário pela arrendadora é a ação de depósito, com pedido de liminar de reintegração de posse.');
insert into opcoes (num_exame, num_questao, letra_opcao, texto)
values(9, 52, 'D', 'como no contrato de arrendamento mercantil há opção de compra pela arrendatária, a propriedade da arrendadora é resolúvel, sendo incabível ação possessória.');
insert into questoes (num_exame, num_questao, enunciado, opcao_correta)
values(9, 53, 'Os Juizados Especiais da Fazenda Pública, órgãos da Justiça comum e integrantes do Sistema dos Juizados Especiais, foram instituídos pela Lei n. 12.153/2009. Com base nessas disposições, asinale a afirmativa correta.', 'A');
insert into opcoes (num_exame, num_questao, letra_opcao, texto)
values(9, 53, 'A', 'A competência dos Juizados Especiais da Fazenda Pública é absoluta para as causas cujo valor seja de até 40 salários mínimos, sendo dispensável a presença de advogado, se o valor da causa for de até 20 salários mínimos.');
insert into opcoes (num_exame, num_questao, letra_opcao, texto)
values(9, 53, 'B', 'A citação do Estado como réu sendo realizada, ele terá o prazo em quádruplo para apresentar defesa.');
insert into opcoes (num_exame, num_questao, letra_opcao, texto)
values(9, 53, 'C', 'A sentença que julgar procedente o pedido do autor em face da Fazenda Pública, deverá, independente do recurso das partes, ser remetida ao Tribunal de Justiça, para julgamento da remessa de ofício.');
insert into opcoes (num_exame, num_questao, letra_opcao, texto)
values(9, 53, 'D', 'O cumprimento da sentença transitada em julgado que imponha obrigação de fazer, não fazer ou entregar coisa será efetuado mediante ofício do juiz à autoridade citada para a causa, com cópia da sentença.');
insert into questoes (num_exame, num_questao, enunciado, opcao_correta)
values(9, 54, 'Impetrado um mandado de segurança, já sob a égide da Lei n. 12.016/2009, assinale a afirmativa correta.', 'A');
insert into opcoes (num_exame, num_questao, letra_opcao, texto)
values(9, 54, 'A', 'A sentença não fixará honorários advocatícios, por serem eles incabíveis no Mandado de Segurança.');
insert into opcoes (num_exame, num_questao, letra_opcao, texto)
values(9, 54, 'B', 'A decisão do juiz que conceder ou denegar a Medida Liminar é irrecorrível, cabendo apenas o pedido de reconsideração.');
insert into opcoes (num_exame, num_questao, letra_opcao, texto)
values(9, 54, 'C', 'O juiz converterá o Mandado de Segurança no procedimento que entender cabível, quando não for o caso de Mandado de Segurança, ou lhe faltar um dos requisitos legais ou quando decorrido o prazo para impetração, em homenagem ao princípio da celeridade processual.');
insert into opcoes (num_exame, num_questao, letra_opcao, texto)
values(9, 54, 'D', 'A suspensão das medidas liminares concedidas em face do Poder Público sendo determinada, o pedido original não poderá ser aditado para abranger as medidas liminares supervenientes, cabendo, apenas, novo pedido de suspensão das liminares.');
insert into questoes (num_exame, num_questao, enunciado, opcao_correta)
values(9, 55, 'Considerando a assistência e as demais formas de intervenção de terceiros previstas no Código de Processo Civil, assinale a afirmativa correta.', 'A');
insert into opcoes (num_exame, num_questao, letra_opcao, texto)
values(9, 55, 'A', 'É admissível o chamamento ao processo daquele que detiver a coisa em nome alheio.');
insert into opcoes (num_exame, num_questao, letra_opcao, texto)
values(9, 55, 'B', 'A oposição consiste na intervenção daquele que estiver obrigado, pela lei ou pelo contrato, a indenizar o prejuízo do réu da demanda.');
insert into opcoes (num_exame, num_questao, letra_opcao, texto)
values(9, 55, 'C', 'O terceiro deve demonstrar que possui interesse jurídico que a sentença seja favorável a uma das partes, para ser admitido como assistente.');
insert into opcoes (num_exame, num_questao, letra_opcao, texto)
values(9, 55, 'D', 'Feita a denunciação da lide, se o denunciante aceitar, ele será assistente simples do denunciado.');
insert into questoes (num_exame, num_questao, enunciado, opcao_correta)
values(9, 56, 'A respeito da Ação Rescisória, assinale a afirmativa correta.', 'A');
insert into opcoes (num_exame, num_questao, letra_opcao, texto)
values(9, 56, 'A', 'Uma vez ajuizada, impede o cumprimento da sentença ou acórdão rescindendo, ressalvada a concessão, em casos imprescindíveis e sob os pressupostos previstos em lei, de medidas de natureza cautelar ou antecipatória de tutela.');
insert into opcoes (num_exame, num_questao, letra_opcao, texto)
values(9, 56, 'B', 'Em caso de procedência, rescindindo-se a sentença e proferindo, se for o caso, novo julgamento, o tribunal determinará a restituição ao demandante do depósito de 5% sobre o valor da causa a que se refere o Art. 488, II, do CPC.');
insert into opcoes (num_exame, num_questao, letra_opcao, texto)
values(9, 56, 'C', 'O Ministério Público não tem legitimidade ativa, exceto e unicamente para propor a ação ao fundamento de não ter sido ouvido no processo, em que lhe era obrigatória a intervenção.');
insert into opcoes (num_exame, num_questao, letra_opcao, texto)
values(9, 56, 'D', 'É a medida aplicável a fim de rescindir a sentença homologatória e outros atos judiciais que não dependam de sentença, desde que respeitado o prazo de 2 (dois) anos para a sua propositura, contados do trânsito em julgado da decisão.');
insert into questoes (num_exame, num_questao, enunciado, opcao_correta)
values(9, 57, 'Como forma de prestigiar o princípio da razoável duração do processo e propiciar uma prestação jurisdicional mais célere e eficiente, um legislador promoveu uma série de alterações na sistemática recursal do Processo Civil brasileiro. Nesse sentido, destaca-se a Emenda Constitucional n. 45/2004 que introduziu em nosso ordenamento jurídicoa figura da repercussão geral. Acerca deste instituto, assinale a afirmativa correta.', 'A');
insert into opcoes (num_exame, num_questao, letra_opcao, texto)
values(9, 57, 'A', 'É um pressuposto processual de admissibilidade específico do Recurso Especial que permite que apenas sejam analisados os recursos que tratem de questões relevantes do ponto de vista econômico, político, social ou jurídico, e as que ultrapassem os interesses subjetivos da causa.');
insert into opcoes (num_exame, num_questao, letra_opcao, texto)
values(9, 57, 'B', 'Sempre que o recurso impugnar decisão contrária à súmula ou jurisprudência dominante do Supremo Tribunal Federal, haverá repercussão geral.');
insert into opcoes (num_exame, num_questao, letra_opcao, texto)
values(9, 57, 'C', 'Não se admite, quando da análise da existência de repercussão geral pelo Ministro Relator do recurso, a manifestação de terceiros interessados.');
insert into opcoes (num_exame, num_questao, letra_opcao, texto)
values(9, 57, 'D', 'A decisão que nega a existência da repercussão geral não tem o condão de atingir outros recursos que tratem de matéria idêntica, apenas gerando efeitos endoprocessuais.');
insert into questoes (num_exame, num_questao, enunciado, opcao_correta)
values(9, 58, 'A execução tem por finalidade precípua a adoção de medidas necessárias à satisfação da obrigação prevista em um título executivo judicial ou extrajudicial. Em um primeiro momento, vigia no ordenamento pátrio o princípio da autonomia, segundo o qual as atividades executivas e de conhecimento deveriam ser desenvolvidas necessariamente por meio de ações distintas. Contudo, tal sistemática foi alvo de uma série de reformas que buscaram prestigiar um desenvolvimento sincrético do processo, bem como a própria efetivação do título executivo. Com base na legislação vigente, assinale a afirmativa correta:', 'A');
insert into opcoes (num_exame, num_questao, letra_opcao, texto)
values(9, 58, 'A', 'A sentença arbitral, de acordo com o CPC, possui natureza de título executivo extrajudicial e poderá ser liquidada ou executada, conforme o caso, perante o juízo cível competente, hipótese na qual o mandado inicial incluirá a ordem de citação do devedor.');
insert into opcoes (num_exame, num_questao, letra_opcao, texto)
values(9, 58, 'B', 'O executado, nas obrigações de pagar quantia certa ou já fixada em liquidação, poderá oferecer impugnação para rediscutir qualquer causa impeditiva, modificativa ou extintiva da obrigação, desde que superveniente à sentença.');
insert into opcoes (num_exame, num_questao, letra_opcao, texto)
values(9, 58, 'C', 'O CPC prevê que o juiz pode atribuir efeito suspensivo aos embargos quando ficar demonstrado que o prosseguimento da execução manifestamente pode causar ao executado grave dano de difícil ou incerta reparação o que não ocorre na impugnação, tendo em vista que nesta modalidade de defesa está prevista, expressamente, a impossibilidade de concessão de efeitos suspensivos em quaisquer hipóteses.');
insert into opcoes (num_exame, num_questao, letra_opcao, texto)
values(9, 58, 'D', 'A concessão de efeito suspensivo nos embargos do executado obsta o prosseguimento da execução principal, impedindo, inclusive, a efetivação dos atos de penhora e avaliação dos bens.');
insert into questoes (num_exame, num_questao, enunciado, opcao_correta)
values(9, 59, 'O sistema punitivo brasileiro é progressivo. Por meio dele o condenado passa do regime inicial de cumprimento de pena mais severo para regime mais brando, até alcançar o livramento condicional ou a liberdade definitiva. A respeito da progressão de regime, assinale a afirmativa correta.', 'A');
insert into opcoes (num_exame, num_questao, letra_opcao, texto)
values(9, 59, 'A', 'O sistema progressivo brasileiro é compatível com a progressão “por saltos”, consistente na possibilidade da passagem direta do regime fechado para o aberto.');
insert into opcoes (num_exame, num_questao, letra_opcao, texto)
values(9, 59, 'B', 'O cumprimento da pena privativa de liberdade nos crimes hediondos é uma exceção ao sistema progressivo. O condenado nesta modalidade criminosa deve iniciar e encerrar o cumprimento da pena no regime fechado, sem possibilidade de passagem para regime mais brando.');
insert into opcoes (num_exame, num_questao, letra_opcao, texto)
values(9, 59, 'C', 'A progressão está condicionada, nos crimes contra a Administração Pública , à reparação do dano causado ou à devolução do produto do ilícito praticado com os acréscimos legais, além do cumprimento de 1/6 da pena no regime anterior e do mérito do condenado.');
insert into opcoes (num_exame, num_questao, letra_opcao, texto)
values(9, 59, 'D', 'O pedido de progressão deve ser endereçado ao juízo sentenciante, que decidirá independente de manifestação do Ministério Público.');
insert into questoes (num_exame, num_questao, enunciado, opcao_correta)
values(9, 60, 'Tendo como base o instituto da ação penal, assinale a afirmativa correta.', 'A');
insert into opcoes (num_exame, num_questao, letra_opcao, texto)
values(9, 60, 'A', 'Na ação penal privada vigora o princípio da oportunidade ou conveniência.');
insert into opcoes (num_exame, num_questao, letra_opcao, texto)
values(9, 60, 'B', 'A ação penal privada subsidiária da pública fere dispositivo constitucional que atribui ao Ministério Público o direito exclusivo de iniciar a ação pública.');
insert into opcoes (num_exame, num_questao, letra_opcao, texto)
values(9, 60, 'C', 'Como o Código Penal é silente no tocante à natureza da ação penal no crime de lesão corporal culposa, verifica-se que a referida infração será de ação penal pública incondicionada.');
insert into opcoes (num_exame, num_questao, letra_opcao, texto)
values(9, 60, 'D', 'A legitimidade para ajuizamento da queixa-crime na ação penal exclusivamente privada (ou propriamente dita) é unicamente do ofendido.');
insert into questoes (num_exame, num_questao, enunciado, opcao_correta)
values(9, 61, 'Acerca das causas excludentes de ilicitude e extintivas de punibilidade, assinale a afirmativa incorreta.', 'A');
insert into opcoes (num_exame, num_questao, letra_opcao, texto)
values(9, 61, 'A', 'A coação moral irresistível exclui a culpabilidade, enquanto que a coação física irresistível exclui a própria conduta, de modo que, nesta segunda hipótese, sequer chegamos a analisar a tipicidade, pois não há conduta penalmente relevante.');
insert into opcoes (num_exame, num_questao, letra_opcao, texto)
values(9, 61, 'B', 'Em um bar, Caio, por notar que Tício olhava maliciosamente para sua namorada, desfere contra este um soco no rosto. Aturdido, Tício vai ao chão, levantando- se em seguida, e vai atrás de Caio e o interpela quando este já estava saindo do bar. Ao voltar-se para trás, atendendo ao chamado, Caio é surpreendido com um soco no ventre. Tício praticou conduta típica, mas amparada por uma causa excludente de ilicitude.');
insert into opcoes (num_exame, num_questao, letra_opcao, texto)
values(9, 61, 'C', 'Mévio, atendendo a ordem dada por seu líder religioso e, com o intuito de converter Rufus, permanece na residência deste à sua revelia, ou seja, sem o seu consentimento. Neste caso, Mévio, mesmo cumprindo ordem de seu superior e mesmo sendo tal ordem não manifestamente ilegal, pratica crime de violação de domicílio (Art. 150 do Código Penal), não estando amparado pela obediência hierárquica.');
insert into opcoes (num_exame, num_questao, letra_opcao, texto)
values(9, 61, 'D', 'O consentimento do ofendido não foi previsto pelo nosso ordenamento jurídico-penal como uma causa de exclusão da ilicitude. Todavia, sua natureza justificante é pacificamente aceita, desde que, entre outros requisitos, o ofendido seja capaz de consentir e que tal consentimento recaia sobre bem disponível.');
insert into questoes (num_exame, num_questao, enunciado, opcao_correta)
values(9, 62, 'José subtrai o carro de um jovem que lhe era totalmente desconhecido, chamado João. Tal subtração deu-se mediante o emprego de grave ameaça exercida pela utilização de arma de fogo. João, entretanto, rapaz jovem e de boa saúde, sem qualquer histórico de doença cardiovascular, assusta-se de tal forma com a arma, que vem a óbito em virtude de ataque cardíaco. Com base no cenário acima, assinale a afirmativa correta.', 'A');
insert into opcoes (num_exame, num_questao, letra_opcao, texto)
values(9, 62, 'A', 'José responde por latrocínio.');
insert into opcoes (num_exame, num_questao, letra_opcao, texto)
values(9, 62, 'B', 'José não responde pela morte de João.');
insert into opcoes (num_exame, num_questao, letra_opcao, texto)
values(9, 62, 'C', 'José responde em concurso material pelos crimes de roubo e de homicídio culposo.');
insert into opcoes (num_exame, num_questao, letra_opcao, texto)
values(9, 62, 'D', 'José praticou crime preterdoloso.');
insert into questoes (num_exame, num_questao, enunciado, opcao_correta)
values(9, 63, 'Guilherme praticou, em 18/02/2009, contravenção penal de vias de fato (Art. 21 do Decreto Lei n. 3.688/41), tendo sido condenado à pena de multa. A sentença transitou definitivamente em julgado no dia 15/03/2010, mas Guilherme não pagou a multa. No dia 10/07/2010, Guilherme praticou crime de ato obsceno (Art. 233 do CP). Com base na situação descrita e na legislação, assinale a afirmativa correta.', 'A');
insert into opcoes (num_exame, num_questao, letra_opcao, texto)
values(9, 63, 'A', 'Guilherme não pode ser considerado reincidente por conta de uma omissão legislativa.');
insert into opcoes (num_exame, num_questao, letra_opcao, texto)
values(9, 63, 'B', 'Guilherme deve ter a pena de multa não paga da primeira condenação convertida em pena privativa de liberdade.');
insert into opcoes (num_exame, num_questao, letra_opcao, texto)
values(9, 63, 'C', 'Guilherme é reincidente, pois praticou novo crime após condenação transitada em julgado.');
insert into opcoes (num_exame, num_questao, letra_opcao, texto)
values(9, 63, 'D', 'A pena de multa não gera reincidência.');
insert into questoes (num_exame, num_questao, enunciado, opcao_correta)
values(9, 64, 'Jaime, brasileiro, passou a morar em um país estrangeiro no ano de 1999. Assim como seu falecido pai, Jaime tinha por hábito sempre levar consigo acessórios de arma de fogo, o que não era proibido, levando-se em conta a legislação vigente à época, a saber, a Lei n. 9.437/97. Tal hábito foi mantido no país estrangeiro que, em sua legislação, não vedava a conduta. Todavia, em 2012, Jaime resolve vir de férias ao Brasil. Além de matar as saudades dos familiares, Jaime também queria apresentar o país aos seus dois filhos, ambos nascidos no estrangeiro. Ocorre que, dois dias após sua chegada, Jaime foi preso em flagrante por portar ilegalmente acessório de arma de fogo, conduta descrita no Art. 14 da Lei n. 10.826/2003, verbis: “Portar, deter, adquirir, fornecer, receber, ter em depósito, transportar, ceder, ainda que gratuitamente, emprestar, remeter, empregar, manter sob guarda ou ocultar arma de fogo, acessório ou munição, de uso permitido, sem autorização e em desacordo com determinação legal ou regulamentar”. Nesse sentido, podemos afirmar que Jaime agiu em hipótese de', 'A');
insert into opcoes (num_exame, num_questao, letra_opcao, texto)
values(9, 64, 'A', 'erro de proibição direto.');
insert into opcoes (num_exame, num_questao, letra_opcao, texto)
values(9, 64, 'B', 'erro de tipo essencial.');
insert into opcoes (num_exame, num_questao, letra_opcao, texto)
values(9, 64, 'C', 'erro de tipo acidental.');
insert into opcoes (num_exame, num_questao, letra_opcao, texto)
values(9, 64, 'D', 'erro sobre as descriminantes putativas.');
insert into questoes (num_exame, num_questao, enunciado, opcao_correta)
values(9, 65, 'Com relação à Lei n. 9.099/95, assinale a afirmativa incorreta.', 'A');
insert into opcoes (num_exame, num_questao, letra_opcao, texto)
values(9, 65, 'A', 'A transação penal consiste na aplicação imediata de pena restritiva de direitos ou multas àquele a quem se imputa uma infração de menor potencial ofensivo.');
insert into opcoes (num_exame, num_questao, letra_opcao, texto)
values(9, 65, 'B', 'Não poderá ser oferecida a suspensão condicional do processo ao acusado que tiver sido condenado anteriormente por contravenção penal.');
insert into opcoes (num_exame, num_questao, letra_opcao, texto)
values(9, 65, 'C', 'Em caso de delito persequível por ação penal pública condicionada à representação, havendo a representação do ofendido, o Ministério Público está legitimado para oferecer transação penal, mesmo que o ofendido se oponha e deseje a continuação do processo.');
insert into opcoes (num_exame, num_questao, letra_opcao, texto)
values(9, 65, 'D', 'Se, no curso da suspensão condicional do processo, o acusado vier a ser processado por contravenção penal, o benefício poderá ser revogado pelo juiz.');
insert into questoes (num_exame, num_questao, enunciado, opcao_correta)
values(9, 66, 'O Código de Processo Penal pátrio menciona que também se considera em flagrante delito quem é perseguido, logo após o delito, pela autoridade, pelo ofendido ou por qualquer pessoa, em situação que faça presumir ser o perseguido autor da infração. A essa modalidade dá-se o nome de flagrante', 'A');
insert into opcoes (num_exame, num_questao, letra_opcao, texto)
values(9, 66, 'A', 'impróprio.');
insert into opcoes (num_exame, num_questao, letra_opcao, texto)
values(9, 66, 'B', 'ficto.');
insert into opcoes (num_exame, num_questao, letra_opcao, texto)
values(9, 66, 'C', 'diferido ou retardado.');
insert into opcoes (num_exame, num_questao, letra_opcao, texto)
values(9, 66, 'D', 'esperado.');
insert into questoes (num_exame, num_questao, enunciado, opcao_correta)
values(9, 67, 'Em relação aos procedimentos previstos na Lei n. 8.666/93, que instituiu as normas de licitações e contratos da Administração Pública, assinale a afirmativa correta.', 'A');
insert into opcoes (num_exame, num_questao, letra_opcao, texto)
values(9, 67, 'A', 'Todos os crimes definidos na lei de licitação e contratos são de ação penal pública incondicionada.');
insert into opcoes (num_exame, num_questao, letra_opcao, texto)
values(9, 67, 'B', 'Somente a vítima poderá provocar a iniciativa do Ministério Público, fornecendo-lhe, por escrito, informações sobre o fato e sua autoria, bem como as circunstâncias em que se deu a ocorrência.');
insert into opcoes (num_exame, num_questao, letra_opcao, texto)
values(9, 67, 'C', 'Não será admitida ação penal privada subsidiária da pública.');
insert into opcoes (num_exame, num_questao, letra_opcao, texto)
values(9, 67, 'D', 'Da sentença caberá apelação, interponível no prazo de 10 (dez) dias.');
insert into questoes (num_exame, num_questao, enunciado, opcao_correta)
values(9, 68, 'Joel foi condenado pela prática do crime de extorsão mediante sequestro. A defesa interpôs recurso de Apelação, que foi recebido e processado, sendo certo que o tribunal, de forma não unânime, manteve a condenação imposta pelo juízo a quo. O advogado do réu verifica que o acórdão viola, de forma direta, dispositivos constitucionais, razão pela qual decide continuar recorrendo da decisão exarada pela Segunda Instância. De acordo com as informações acima, assinale a alternativa que indica o recurso a ser interposto.', 'A');
insert into opcoes (num_exame, num_questao, letra_opcao, texto)
values(9, 68, 'A', 'Recurso em Sentido Estrito.');
insert into opcoes (num_exame, num_questao, letra_opcao, texto)
values(9, 68, 'B', 'Recurso Ordinário Constitucional.');
insert into opcoes (num_exame, num_questao, letra_opcao, texto)
values(9, 68, 'C', 'Recurso Extraordinário.');
insert into opcoes (num_exame, num_questao, letra_opcao, texto)
values(9, 68, 'D', 'Embargos Infringentes.');
insert into questoes (num_exame, num_questao, enunciado, opcao_correta)
values(9, 69, 'Em relação à Lei Maria da Penha, assinale a afirmativa correta.', 'A');
insert into opcoes (num_exame, num_questao, letra_opcao, texto)
values(9, 69, 'A', 'Constatada a prática de violência doméstica e familiar contra a mulher, a autoridade policial poderá aplicar, de imediato, ao agressor, em conjunto ou separadamente, medidas protetivas de urgência, dentre as quais o afastamento do lar, domicílio ou local de convivência com a ofendida.');
insert into opcoes (num_exame, num_questao, letra_opcao, texto)
values(9, 69, 'B', 'Em todos os casos de violência doméstica e familiar contra a mulher, feito o registro da ocorrência, deverá a autoridade policial adotar, de imediato, procedimentos especiais em relação ao agressor, dentre os quais podemos citar a suspensão da posse ou restrição do porte de armas, com comunicação ao órgão competente, nos termos da Lei n. 10.826, de 22 de dezembro de 2003, sem prejuízo daqueles previstos no Código de Processo Penal.');
insert into opcoes (num_exame, num_questao, letra_opcao, texto)
values(9, 69, 'C', 'Somente o advogado da ofendida deverá ser notificado, através do Diário Oficial, dos atos processuais relativos ao agressor, especialmente dos pertinentes ao ingresso e à saída da prisão.');
insert into opcoes (num_exame, num_questao, letra_opcao, texto)
values(9, 69, 'D', 'Em qualquer fase do inquérito policial ou da instrução criminal, caberá a prisão preventiva do agressor, decretada pelo juiz, de ofício, a requerimento do Ministério Público ou mediante representação da autoridade policial.');
insert into questoes (num_exame, num_questao, enunciado, opcao_correta)
values(9, 70, 'Após sofrer um acidente automobilístico de gravíssimas proporções enquanto viajava a lazer, o empregado Pedro foi aposentado por invalidez pelo INSS. Assinale a alternativa que indica o efeito desse fato no seu contrato de trabalho.', 'A');
insert into opcoes (num_exame, num_questao, letra_opcao, texto)
values(9, 70, 'A', 'O contrato de Pedro será interrompido.');
insert into opcoes (num_exame, num_questao, letra_opcao, texto)
values(9, 70, 'B', 'O contrato de Pedro será suspenso.');
insert into opcoes (num_exame, num_questao, letra_opcao, texto)
values(9, 70, 'C', 'O contrato de Pedro será extinto.');
insert into opcoes (num_exame, num_questao, letra_opcao, texto)
values(9, 70, 'D', 'O contrato de Pedro continuará em vigor e ele terá todos os direitos trabalhistas assegurados.');
insert into questoes (num_exame, num_questao, enunciado, opcao_correta)
values(9, 71, 'Maria foi contratada pela empresa Bolos S.A. para exercer a função de copeira, cumprindo jornada de trabalho de segunda à sexta-feira das 13:00 h às 17:00 h, sem intervalo alimentar. Decorridos dois anos do início do pacto contratual, foi a empregada dispensada, recebendo as parcelas da ruptura. Contudo, inconformada porque jamais lhe foi permitido usufruir de intervalo para descanso e alimentação, Maria ajuíza reclamação trabalhista postulando o pagamento do período correspondente ao intervalo alimentar não concedido. Diante da hipótese relatada, assinale a afirmativa correta.', 'A');
insert into opcoes (num_exame, num_questao, letra_opcao, texto)
values(9, 71, 'A', 'A ex-empregada faz jus ao pagamento de uma hora extraordinária diária, haja vista a supressão do intervalo intrajornada, na forma do Art. 71, § 4º, da CLT.');
insert into opcoes (num_exame, num_questao, letra_opcao, texto)
values(9, 71, 'B', 'A ex-empregada faz jus ao pagamento de apenas 15 minutos diários a título de horas extraordinárias, haja vista a supressão do intervalo intrajornada, na forma do Art. 71,§ 4º, da CLT.');
insert into opcoes (num_exame, num_questao, letra_opcao, texto)
values(9, 71, 'C', 'A ex-empregada não faz jus ao pagamento de horas extraordinárias, porquanto diante da carga horária cumprida, não lhe era assegurada a fruição de intervalo intrajornada.');
insert into opcoes (num_exame, num_questao, letra_opcao, texto)
values(9, 71, 'D', 'A ex-empregada faz jus ao pagamento de indenização correspondente ao valor de uma hora extraordinária diária, haja vista a supressão do intervalo intrajornada.');
insert into questoes (num_exame, num_questao, enunciado, opcao_correta)
values(9, 72, 'Partindo-se da premissa legal de que o pedido de demissão ou recibo de quitação de rescisão do contrato de trabalho, firmado por empregado com mais de um ano de serviço, somente será válido quando realizado perante a autoridade competente, assinale a afirmativa correta.', 'A');
insert into opcoes (num_exame, num_questao, letra_opcao, texto)
values(9, 72, 'A', 'A assistência na rescisão contratual firmada por empregado com mais de (1) um ano de serviço somente poderá ser realizada pelo sindicato representativo da categoria do empregado.');
insert into opcoes (num_exame, num_questao, letra_opcao, texto)
values(9, 72, 'B', 'Não havendo na localidade sindicato representativo da categoria, a assistência será prestada pela Justiça do Trabalho.');
insert into opcoes (num_exame, num_questao, letra_opcao, texto)
values(9, 72, 'C', 'Não havendo na localidade sindicato representativo da categoria ou autoridade do Ministério do Trabalho, a assistência será prestada por representante do Ministério Público ou, onde houver, defensor público e, na falta ou impedimento destes, pelo Juiz de Paz.');
insert into opcoes (num_exame, num_questao, letra_opcao, texto)
values(9, 72, 'D', 'A assistência na rescisão contratual firmada por empregado com mais de (1) um ano de serviço somente poderá ser realizada pelo sindicato representativo da categoria do empregado ou, na ausência deste, pela Justiça do Trabalho.');
insert into questoes (num_exame, num_questao, enunciado, opcao_correta)
values(9, 73, 'Buscando profissionais experientes para manusear equipamentos de alta tecnologia e custo extremamente elevado, uma empresa anuncia a existência de vagas para candidatos que possuam dois anos de experiência prévia em determinada atividade. A partir da hipótese apresentada, assinale a afirmativa correta.', 'A');
insert into opcoes (num_exame, num_questao, letra_opcao, texto)
values(9, 73, 'A', 'A manifestação é inválida porque o máximo de experiência que pode ser exigida é de seis meses.');
insert into opcoes (num_exame, num_questao, letra_opcao, texto)
values(9, 73, 'B', 'A manifestação é inválida, pois o empregador não tem o direito de exigir experiência pretérita do candidato a emprego.');
insert into opcoes (num_exame, num_questao, letra_opcao, texto)
values(9, 73, 'C', 'A manifestação é inválida porque o máximo de experiência que pode ser exigida é de um ano.');
insert into opcoes (num_exame, num_questao, letra_opcao, texto)
values(9, 73, 'D', 'A manifestação é valida, em razão do valor do equipamento, visando à proteção do patrimônio do empregador.');
insert into questoes (num_exame, num_questao, enunciado, opcao_correta)
values(9, 74, 'De acordo com o entendimento consolidado da jurisprudência, a mudança de regime jurídico do empregado celetista para estatutário', 'A');
insert into opcoes (num_exame, num_questao, letra_opcao, texto)
values(9, 74, 'A', 'não gera alteração no contrato de trabalho, que permanece intacto.');
insert into opcoes (num_exame, num_questao, letra_opcao, texto)
values(9, 74, 'B', 'gera a suspensão do contrato de trabalho pelo período de três anos, prazo necessário para que o servidor público adquira estabilidade.');
insert into opcoes (num_exame, num_questao, letra_opcao, texto)
values(9, 74, 'C', 'gera extinção do contrato de trabalho, iniciando-se o prazo prescricional da alteração.');
insert into opcoes (num_exame, num_questao, letra_opcao, texto)
values(9, 74, 'D', 'não gera alteração no contrato de trabalho, mesmo porque o empregado não é obrigado a aceitar a alteração de regime jurídico.');
insert into questoes (num_exame, num_questao, enunciado, opcao_correta)
values(9, 75, 'Assinale a alternativa em que há, incontroversamente, responsabilidade solidária no âmbito trabalhista.', 'A');
insert into opcoes (num_exame, num_questao, letra_opcao, texto)
values(9, 75, 'A', 'No contrato de empreitada, em relação ao dono da obra, quanto aos créditos dos empregados do empreiteiro.');
insert into opcoes (num_exame, num_questao, letra_opcao, texto)
values(9, 75, 'B', 'No contrato de terceirização lícita, em relação ao tomador dos serviços, quanto aos créditos dos empregados da prestadora dos serviços.');
insert into opcoes (num_exame, num_questao, letra_opcao, texto)
values(9, 75, 'C', 'Das partes vencidas nos dissídios coletivos, pelo valor das custas.');
insert into opcoes (num_exame, num_questao, letra_opcao, texto)
values(9, 75, 'D', 'No contrato temporário, em relação ao tomador ou cliente, caso a empresa de trabalho temporário tenha a recuperação judicial deferida.');
insert into questoes (num_exame, num_questao, enunciado, opcao_correta)
values(9, 76, 'De acordo com a Consolidação das Leis do Trabalho, assinale a afirmativa correta.', 'A');
insert into opcoes (num_exame, num_questao, letra_opcao, texto)
values(9, 76, 'A', 'não há citação para a execução, uma vez que a fase executiva pode ser iniciada de ofício.');
insert into opcoes (num_exame, num_questao, letra_opcao, texto)
values(9, 76, 'B', 'a citação na execução será realizada por via postal.');
insert into opcoes (num_exame, num_questao, letra_opcao, texto)
values(9, 76, 'C', 'a citação na execução será realizada por mandado.');
insert into opcoes (num_exame, num_questao, letra_opcao, texto)
values(9, 76, 'D', 'a citação na execução será realizada por mandado, mas, se o executado não for encontrado após três tentativas, caberá a citação por edital.');
insert into questoes (num_exame, num_questao, enunciado, opcao_correta)
values(9, 77, 'Um dos princípios norteadores do Processo do Trabalho é o da celeridade, dada a natureza salarial do crédito trabalhista. Entretanto, por força de Lei, algumas causas especiais possuem preferência na tramitação. Das situações listadas a seguir, assinale aquela que terá preferência em todas as fases processuais.', 'A');
insert into opcoes (num_exame, num_questao, letra_opcao, texto)
values(9, 77, 'A', 'a que será executada contra a União, Estados ou Municípios.');
insert into opcoes (num_exame, num_questao, letra_opcao, texto)
values(9, 77, 'B', 'a que será executada perante o juízo da falência.');
insert into opcoes (num_exame, num_questao, letra_opcao, texto)
values(9, 77, 'C', 'a que será executada em face de empregador doméstico');
insert into opcoes (num_exame, num_questao, letra_opcao, texto)
values(9, 77, 'D', 'a que será executada em face de empresa pública.');
insert into questoes (num_exame, num_questao, enunciado, opcao_correta)
values(9, 78, 'Uma das espécies de resposta é a reconvenção, que vem a ser a ação do réu contra o autor no mesmo feito e juízo em que é demandado. Malgrado não estar formalmente previsto na CLT, é pacífico o cabimento da reconvenção nas lides trabalhistas. Das hipóteses abaixo listadas, assinale aquela em que, pela natureza da pretensão deduzida, seria inviável a apresentação de reconvenção na Justiça do Trabalho.', 'A');
insert into opcoes (num_exame, num_questao, letra_opcao, texto)
values(9, 78, 'A', 'Quando a empresa pretender a condenação do empregado no valor do aviso prévio por ele não concedido, ao pedir demissão.');
insert into opcoes (num_exame, num_questao, letra_opcao, texto)
values(9, 78, 'B', 'Quando a empresa pretender o ressarcimento por dano causado pelo empregado no decorrer do contrato de trabalho.');
insert into opcoes (num_exame, num_questao, letra_opcao, texto)
values(9, 78, 'C', 'Quando a empresa pretender a devolução do valor de um curso pago em benefício do empregado e pelo qual o obreiro comprometeu-se a não pedir demissão durante determinado período, o que depois foi descumprido pelo trabalhador.');
insert into opcoes (num_exame, num_questao, letra_opcao, texto)
values(9, 78, 'D', 'Quando a empresa pretender a devolução de valor pago pela compra de um bem do seu empregado que, após, verificou possuir vício redibitório.');
insert into questoes (num_exame, num_questao, enunciado, opcao_correta)
values(9, 79, 'A liquidação tem por objetivo a apuração do quantum debeatur nas sentenças proferidas de forma ilíquida e que tenham deferido, ao menos em parte, a pretensão deduzida. De acordo com a CLT, assinale a alternativa que indica as formas possíveis de liquidação da sentença nas obrigações de dar (pagar) e, caso o juiz conceda prazo às partes para manifestação, o número de dias para a impugnação.', 'A');
insert into opcoes (num_exame, num_questao, letra_opcao, texto)
values(9, 79, 'A', 'Artigos, cálculo ou arbitramento. Prazo de 8 dias.');
insert into opcoes (num_exame, num_questao, letra_opcao, texto)
values(9, 79, 'B', 'Cálculo, arbitramento ou artigos. Prazo de 10 dias.');
insert into opcoes (num_exame, num_questao, letra_opcao, texto)
values(9, 79, 'C', 'Artigos ou arbitramento. Prazo de 15 dias.');
insert into opcoes (num_exame, num_questao, letra_opcao, texto)
values(9, 79, 'D', 'Cálculo ou arbitramento. Prazo de 5 dias.');
insert into questoes (num_exame, num_questao, enunciado, opcao_correta)
values(9, 80, 'Na Justiça do Trabalho, segundo o entendimento sumulado pelo TST, é correto afirmar-se que o jus postulandi', 'A');
insert into opcoes (num_exame, num_questao, letra_opcao, texto)
values(9, 80, 'A', 'não se aplica à ação rescisória, à ação cautelar, ao mandado de segurança e aos recursos de competência do TST.');
insert into opcoes (num_exame, num_questao, letra_opcao, texto)
values(9, 80, 'B', 'não tem mais aplicação na Justiça do Trabalho desde o advento da emenda constitucional 45.');
insert into opcoes (num_exame, num_questao, letra_opcao, texto)
values(9, 80, 'C', 'aplica-se em todas as causas cujo valor seja inferior a 20 salários mínimos, porque, a partir deste patamar, o advogado é indispensável.');
insert into opcoes (num_exame, num_questao, letra_opcao, texto)
values(9, 80, 'D', 'aplica-se irrestritamente na seara trabalhista, em todas as esferas, instâncias e ações, sendo uma de suas características marcantes.');
commit;
insert into exames (num_exame, url_exame, url_gabarito, data)
values(10, 'https://dpmzos25m8ivg.cloudfront.net/303/20130429114315-CADERNO_X_EXAME_TIPO_01_vf.pdf', 'https://dpmzos25m8ivg.cloudfront.net/303/20130502093708-GABARITOS%20PRELIMIARES_X_EXAME_DE_ORDEM.pdf', 'Sun Apr 28 00:00:00 BRT 2013');
insert into questoes (num_exame, num_questao, enunciado, opcao_correta)
values(10, 1, 'O advogado João, que também é formado em Comunicação Social, atua nas duas profissões, possuindo uma coluna onde apresenta noticias jurídicas, com informações sobre atividades policiais, forenses ou vinculadas ao Ministério Público. Semanalmente inclui, nos seus comentários, alguns em forma de poesia, suas alegações forenses e os resultados dos processos sob sua responsabilidade, divulgando, com isso, seu trabalho como advogado. À luz das normas estatutárias, assinale a afirmativa correta.', 'A');
insert into opcoes (num_exame, num_questao, letra_opcao, texto)
values(10, 1, 'A', 'A divulgação de notícias, como aventado no enunciado, constitui um direito do advogado em dar publicidade aos seus processos');
insert into opcoes (num_exame, num_questao, letra_opcao, texto)
values(10, 1, 'B', 'Nos termos das regras que caracterizam as infrações disciplinares está delineada a de publicação desnecessária e habitual de alegações forenses ou causas pendentes.');
insert into opcoes (num_exame, num_questao, letra_opcao, texto)
values(10, 1, 'C', 'Diante das novas mídias que também atingem a advocacia, o advogado pode utilizar-se dos meios ofertados para a divulgação de seu trabalho.');
insert into opcoes (num_exame, num_questao, letra_opcao, texto)
values(10, 1, 'D', 'A situação caracteriza o chamado desvio da função de advogado, com o prejuízo à imagem dos clientes pela divulgação.');
insert into questoes (num_exame, num_questao, enunciado, opcao_correta)
values(10, 2, 'O advogado Mário pertence aos quadros da sociedade de economia mista controlada pelo Estado W, na qual chefia o Departamento Jurídico. Não existe óbice para a prestação de serviços de advocacia privada, o que ocorre no escritório que possui no centro da capital do Estado, em horário diverso do expediente na empresa. Um dos seus clientes realiza contrato para que Mário aponha o seu visto em ato constitutivo de pessoa jurídica, em Junta Comercial cuja sede está localizada na capital do Estado W. Observado tal relato, consoante as normas do Regulamento Geral do Estatuto da Advocacia e da OAB, assinale a afirmativa correta.', 'A');
insert into opcoes (num_exame, num_questao, letra_opcao, texto)
values(10, 2, 'A', 'As circunstâncias indicam que não existe óbice para a aposição do visto nos referidos atos.');
insert into opcoes (num_exame, num_questao, letra_opcao, texto)
values(10, 2, 'B', 'O fato de chefiar Departamento Jurídico de empresa, seja de que natureza for, constitui elemento impeditivo da aposição do visto.');
insert into opcoes (num_exame, num_questao, letra_opcao, texto)
values(10, 2, 'C', 'O exercício da advocacia no local da sede da Junta Comercial é impeditivo para a aposição do visto.');
insert into opcoes (num_exame, num_questao, letra_opcao, texto)
values(10, 2, 'D', 'A atuação em sociedade de economia mista estadual impede a aposição do visto contratado.');
insert into questoes (num_exame, num_questao, enunciado, opcao_correta)
values(10, 3, 'João, advogado regularmente inscrito nos quadros da Ordem dos Advogados do Brasil, veio a ser indiciado por força de investigação proposta em face de um dos seus inúmeros clientes, não tendo o causídico participado de qualquer ato ilícito, mas apenas como advogado. Veio a saber que seu nome fora incluído por força de exercício considerado exacerbado de sua atividade advocatícia. Contratou advogado para a sua defesa no inquérito criminal e postulou assistência à Ordem dos Advogados do Brasil por entender feridas suas prerrogativas profissionais. Observado tal relato, consoante as normas do Regulamento Geral do Estatuto da Advocacia e da OAB, assinale a afirmativa correta.', 'A');
insert into opcoes (num_exame, num_questao, letra_opcao, texto)
values(10, 3, 'A', 'Ao contratar advogado para a defesa da sua pretensão, não mais cabe à Ordem dos Advogados interferir no processo para salvaguardar eventuais prerrogativas feridas.');
insert into opcoes (num_exame, num_questao, letra_opcao, texto)
values(10, 3, 'B', 'A atuação da Ordem dos Advogados na defesa das prerrogativas profissionais implicará a assistência de representante da instituição, mesmo com defensor constituído.');
insert into opcoes (num_exame, num_questao, letra_opcao, texto)
values(10, 3, 'C', 'A assistência da Ordem dos Advogados está restrita a processos judiciais ou administrativos, mas não a inquéritos.');
insert into opcoes (num_exame, num_questao, letra_opcao, texto)
values(10, 3, 'D', 'A postulação de assistência deve ser examinada pelo Conselho Federal da Ordem dos Advogados que pode autorizar ou não essa atividade.');
insert into questoes (num_exame, num_questao, enunciado, opcao_correta)
values(10, 4, 'Nos termos do Estatuto da Advocacia existe a previsão de pagamento de honorários advocatícios. Assinale a afirmativa que indica como deve ocorrer o pagamento, quando não houver estipulação em contrário.', 'A');
insert into opcoes (num_exame, num_questao, letra_opcao, texto)
values(10, 4, 'A', 'Metade no início e o restante parcelado em duas vezes.');
insert into opcoes (num_exame, num_questao, letra_opcao, texto)
values(10, 4, 'B', 'Um terço no inicio, um terço até a decisão de primeira instância e um terço ao final.');
insert into opcoes (num_exame, num_questao, letra_opcao, texto)
values(10, 4, 'C', 'Dez por cento no início, vinte por cento na sentença e o restante após o trânsito em julgado.');
insert into opcoes (num_exame, num_questao, letra_opcao, texto)
values(10, 4, 'D', 'Cinquenta por cento no início, trinta por cento até decisão de primeiro grau e o restante após o recurso, se existir.');
insert into questoes (num_exame, num_questao, enunciado, opcao_correta)
values(10, 5, 'A advogada Maria solicitou, no cartório de determinada vara cível, ter vista e extrair cópias dos autos de processo não sujeito a sigilo. O serventuário a quem foi feita a solicitação afirmou que Maria não havia juntado procuração aos autos do processo em questão e, em razão disso, apenas poderia ter vista dos autos e que lhe seria vedada a extração de cópias. A partir do caso apresentado, assinale a afirmativa correta.', 'A');
insert into opcoes (num_exame, num_questao, letra_opcao, texto)
values(10, 5, 'A', 'O serventuário não agiu corretamente. Mesmo não estando constituída nos autos do processo, Maria pode ter vista e obter cópias dos autos do processo, já que o mesmo não está sujeito a sigilo.');
insert into opcoes (num_exame, num_questao, letra_opcao, texto)
values(10, 5, 'B', 'O serventuário agiu corretamente. O advogado não constituído nos autos de determinado processo apenas pode ter vista dos mesmos em balcão, mas não pode retirá-los de cartório para extração de cópias.');
insert into opcoes (num_exame, num_questao, letra_opcao, texto)
values(10, 5, 'C', 'O serventuário não agiu corretamente. Tendo em vista que Maria não estava constituída nos autos e que não poderia retirá-los de cartório para a extração de cópias, o serventuário deveria ter providenciado pessoalmente as cópias de que Maria necessitava.');
insert into opcoes (num_exame, num_questao, letra_opcao, texto)
values(10, 5, 'D', 'O serventuário não agiu corretamente. Tendo em vista que Maria não estava constituída nos autos do processo, não poderia sequer ter vista dos mesmos.');
insert into questoes (num_exame, num_questao, enunciado, opcao_correta)
values(10, 6, 'O advogado Mário, para ilustrar a tese que desenvolvia, fez inserir, em petição por ele apresentada, citação de julgado inexistente. Inseriu, ainda, citação doutrinária, cujo teor foi completamente deturpado. A respeito da hipótese, assinale a afirmativa correta.', 'A');
insert into opcoes (num_exame, num_questao, letra_opcao, texto)
values(10, 6, 'A', 'Mário não cometeu infração disciplinar, pois o advogado, amparado no princípio da ampla defesa, deve ter liberdade para defender os interesses de seus clientes da forma que achar conveniente.');
insert into opcoes (num_exame, num_questao, letra_opcao, texto)
values(10, 6, 'B', 'Mário cometeu infração disciplinar punível com pena de censura, nos termos do EAOAB, e violou dispositivo do Código de Ética e Disciplina da OAB.');
insert into opcoes (num_exame, num_questao, letra_opcao, texto)
values(10, 6, 'C', 'Mário cometeu infração disciplinar punível com pena de exclusão, nos termos do EAOAB, e violou dispositivo do Código de Ética e Disciplina da OAB.');
insert into opcoes (num_exame, num_questao, letra_opcao, texto)
values(10, 6, 'D', 'Mário não cometeu infração disciplinar prevista no EAOAB, tendo apenas violado dispositivo do Código de Ética e Disciplina da OAB.');
insert into questoes (num_exame, num_questao, enunciado, opcao_correta)
values(10, 7, 'João, além de advogado, é próspero fazendeiro no Estado W. Após fiscalização regular, é comunicado que seus trabalhadores estão em situação irregular, análoga à de escravidão. Nos termos do Código de Ética, o advogado deve', 'A');
insert into opcoes (num_exame, num_questao, letra_opcao, texto)
values(10, 7, 'A', 'ignorar a comunicação porque são separadas as atividades de advogado e fazendeiro.');
insert into opcoes (num_exame, num_questao, letra_opcao, texto)
values(10, 7, 'B', 'deixar de prestar concurso a atos que atentem contra a dignidade da pessoa humana.');
insert into opcoes (num_exame, num_questao, letra_opcao, texto)
values(10, 7, 'C', 'atuar como advogado na defesa da situação considerada irregular, ignorando as acusações.');
insert into opcoes (num_exame, num_questao, letra_opcao, texto)
values(10, 7, 'D', 'defender sua atuação como fazendeiro que obedece a regras peculiares e costumeiras.');
insert into questoes (num_exame, num_questao, enunciado, opcao_correta)
values(10, 8, 'Lara, advogada, é chefe do departamento jurídico da empresa Nós e Nós, que é especializada na produção de cordas. O departamento que ela coordena possui cerca de cem advogados. Dez deles resolvem propor ação judicial para reclamar direitos que são comuns a todos, inclusive à advogada chefe do departamento. Nos termos do Código de Ética, a advogada chefe do departamento deve', 'A');
insert into opcoes (num_exame, num_questao, letra_opcao, texto)
values(10, 8, 'A', 'assumir a defesa da empresa, por força da relação de trabalho.');
insert into opcoes (num_exame, num_questao, letra_opcao, texto)
values(10, 8, 'B', 'comunicar o fato à empresa e escusar-se de realizar a defesa.');
insert into opcoes (num_exame, num_questao, letra_opcao, texto)
values(10, 8, 'C', 'indicar advogado da sua equipe para realizar a defesa.');
insert into opcoes (num_exame, num_questao, letra_opcao, texto)
values(10, 8, 'D', 'renunciar ao cargo por impossibilidade de exercício do mesmo.');
insert into questoes (num_exame, num_questao, enunciado, opcao_correta)
values(10, 9, 'Um jovem advogado inicia sua carreira em seu estado natal, angariando clientes em decorrência das suas raras habilidades de negociador. Com o curso do tempo, sua fama de bom profissional se espraia e, em razão disso, surgem convites para atuar em outros estados da federação. Ao contatar um cliente no Estado Y, distante mais de mil quilômetros do seu estado natal, é surpreendido pelas autoridades de Y, com determinação restritiva ao seu exercício profissional, por não ser advogado do local. A partir do exposto, nos termos do Estatuto da Advocacia, assinale a afirmativa correta.', 'A');
insert into opcoes (num_exame, num_questao, letra_opcao, texto)
values(10, 9, 'A', 'O advogado deve restringir o exercício profissional ao local em que obteve sua inscrição.');
insert into opcoes (num_exame, num_questao, letra_opcao, texto)
values(10, 9, 'B', 'O advogado deve solicitar autorização a cada processo em que atuar fora do local de inscrição.');
insert into opcoes (num_exame, num_questao, letra_opcao, texto)
values(10, 9, 'C', 'O advogado deve realizar Exame de Ordem em cada estado em que for atuar.');
insert into opcoes (num_exame, num_questao, letra_opcao, texto)
values(10, 9, 'D', 'O advogado pode exercer sua profissão em todo o território nacional.');
insert into questoes (num_exame, num_questao, enunciado, opcao_correta)
values(10, 10, 'O advogado Francisco é conhecido por sua rara habilidade no setor de contratos empresariais, experto nas chamadas cláusulas venenosas que dificultam a quebra imotivada de avenças. No exercício regular da sua profissão de advogado, apresenta-se, munido dos devidos poderes, em assembleia de sociedade anônima, cujo controlador é seu cliente. O presidente da assembleia não acolhe a sua presença, aduzindo falta de autorização legal. Nos termos do Estatuto da Advocacia, é direito do advogado', 'A');
insert into opcoes (num_exame, num_questao, letra_opcao, texto)
values(10, 10, 'A', 'ingressar em assembleia, representando seu cliente, mesmo não munido de mandato.');
insert into opcoes (num_exame, num_questao, letra_opcao, texto)
values(10, 10, 'B', 'representar seu cliente com procuração outorgada com poderes gerais.');
insert into opcoes (num_exame, num_questao, letra_opcao, texto)
values(10, 10, 'C', 'atuar em assembleia a que seu cliente possa comparecer, munido de poderes especiais.');
insert into opcoes (num_exame, num_questao, letra_opcao, texto)
values(10, 10, 'D', 'atuar excepcionalmente com autorização do presidente da assembleia, que supre o mandato.');
insert into questoes (num_exame, num_questao, enunciado, opcao_correta)
values(10, 11, 'A hermenêutica aplicada ao direito formula diversos modos de interpretação das leis. A interpretação que leva em consideração principalmente os objetivos para os quais um diploma legal foi criado é chamada de', 'A');
insert into opcoes (num_exame, num_questao, letra_opcao, texto)
values(10, 11, 'A', 'interpretação restritiva, por levar em conta apenas os objetivos da lei, ignorando sua estrutura gramatical.');
insert into opcoes (num_exame, num_questao, letra_opcao, texto)
values(10, 11, 'B', 'interpretação extensiva, por aumentar o conteúdo de significado das sentenças com seus objetivos historicamente determinados.');
insert into opcoes (num_exame, num_questao, letra_opcao, texto)
values(10, 11, 'C', 'interpretação autêntica, pois apenas as finalidades da lei podem dar autenticidade à interpretação.');
insert into opcoes (num_exame, num_questao, letra_opcao, texto)
values(10, 11, 'D', 'interpretação teleológica, pois o sentido da lei deve ser considerado à luz de seus objetivos.');
insert into questoes (num_exame, num_questao, enunciado, opcao_correta)
values(10, 12, '“Manter os próprios compromissos não constitui dever de virtude, mas dever de direito, a cujo cumprimento pode-se ser forçado. Mas prossegue sendo uma ação virtuosa (uma demonstração de virtude) fazê-lo mesmo quando nenhuma coerção possa ser aplicada. A doutrina do direito e a doutrina da virtude não são, consequentemente, distinguidas tanto por seus diferentes deveres, como pela diferença em sua legislação, a qual relaciona um motivo ou outro com a lei”. Pelo trecho acima podemos inferir que Kant estabelece uma relação entre o direito e a moral. A esse respeito, assinale a afirmativa correta.', 'A');
insert into opcoes (num_exame, num_questao, letra_opcao, texto)
values(10, 12, 'A', 'O direito e a moral são idênticos, tanto na forma como no conteúdo prescritivo. Assim, toda ação contrária à moralidade das normas jurídicas é também uma violação da ordem jurídica.');
insert into opcoes (num_exame, num_questao, letra_opcao, texto)
values(10, 12, 'B', 'A conduta moral refere-se à vontade interna do sujeito, enquanto o direito é imposto por uma ação exterior e se concretiza no seu cumprimento, ainda que as razões da obediência do sujeito não sejam morais.');
insert into opcoes (num_exame, num_questao, letra_opcao, texto)
values(10, 12, 'C', 'A coerção, tanto no direito quanto na moral, é um elemento determinante. É na possibilidade de impor-se pela força, independentemente da vontade, que o direito e a moral regulam a liberdade.');
insert into opcoes (num_exame, num_questao, letra_opcao, texto)
values(10, 12, 'D', 'Direito e moral são absolutamente distintos. Consequentemente, cumprir a lei, ainda que espontaneamente, não é demonstração de virtude moral.');
insert into questoes (num_exame, num_questao, enunciado, opcao_correta)
values(10, 13, 'A Constituição brasileira não pode ser emendada', 'A');
insert into opcoes (num_exame, num_questao, letra_opcao, texto)
values(10, 13, 'A', 'na implantação do estado de emergência e durante a intervenção da União nos Estados.');
insert into opcoes (num_exame, num_questao, letra_opcao, texto)
values(10, 13, 'B', 'na vigência do estado de sítio e na implantação do estado de emergência.');
insert into opcoes (num_exame, num_questao, letra_opcao, texto)
values(10, 13, 'C', 'quando em estado de sítio e durante a intervenção da União nos Municípios.');
insert into opcoes (num_exame, num_questao, letra_opcao, texto)
values(10, 13, 'D', 'na vigência de estado de defesa, de estado de sítio e de intervenção federal.');
insert into questoes (num_exame, num_questao, enunciado, opcao_correta)
values(10, 14, 'Apesar da existência de vários partidos políticos por força de questões regionais, conjunturais e do vínculo da fidelidade partidária, é comum a cada ano o surgimento de novas agremiações no cenário nacional. Quanto ao funcionamento dos partidos políticos, à luz das normas constitucionais, assinale a afirmativa correta.', 'A');
insert into opcoes (num_exame, num_questao, letra_opcao, texto)
values(10, 14, 'A', 'Podem receber recursos financeiros de governo estrangeiro.');
insert into opcoes (num_exame, num_questao, letra_opcao, texto)
values(10, 14, 'B', 'Devem prestar as contas partidárias perante Conselho Especial.');
insert into opcoes (num_exame, num_questao, letra_opcao, texto)
values(10, 14, 'C', 'Podem ter caráter regional, representando pelo menos duas regiões.');
insert into opcoes (num_exame, num_questao, letra_opcao, texto)
values(10, 14, 'D', 'Têm acesso gratuito ao rádio e à televisão nos limites legais.');
insert into questoes (num_exame, num_questao, enunciado, opcao_correta)
values(10, 15, 'Em relação aos remédios constitucionais, assinale a afirmativa correta.', 'A');
insert into opcoes (num_exame, num_questao, letra_opcao, texto)
values(10, 15, 'A', 'O habeas data pode ser impetrado ainda que não haja negativa administrativa em relação ao acesso a informações pessoais.');
insert into opcoes (num_exame, num_questao, letra_opcao, texto)
values(10, 15, 'B', 'A ação popular pode ser impetrada por pessoa jurídica.');
insert into opcoes (num_exame, num_questao, letra_opcao, texto)
values(10, 15, 'C', 'O particular pode figurar no polo passivo da ação de habeas corpus.');
insert into opcoes (num_exame, num_questao, letra_opcao, texto)
values(10, 15, 'D', 'O mandado de segurança somente pode ser impetrado quando as questões jurídicas forem incontroversas.');
insert into questoes (num_exame, num_questao, enunciado, opcao_correta)
values(10, 16, 'Compete ao STF processar e julgar originariamente os litígios listados a seguir, à exceção de um. Assinale-o.', 'A');
insert into opcoes (num_exame, num_questao, letra_opcao, texto)
values(10, 16, 'A', 'Entre Estado estrangeiro e Estado membro da federação.');
insert into opcoes (num_exame, num_questao, letra_opcao, texto)
values(10, 16, 'B', 'Entre Estado estrangeiro e município.');
insert into opcoes (num_exame, num_questao, letra_opcao, texto)
values(10, 16, 'C', 'Entre organismo internacional e a União.');
insert into opcoes (num_exame, num_questao, letra_opcao, texto)
values(10, 16, 'D', 'Entre organismo internacional e Estado membro da federação.');
insert into questoes (num_exame, num_questao, enunciado, opcao_correta)
values(10, 17, 'Preocupado com a concorrência de eletrodomésticos produzidos na China e com o saldo da balança comercial, o Presidente da República, no dia 1º de abril, editou medida provisória determinando o aumento da alíquota do imposto sobre produtos industrializados (IPI) para os produtos provenientes daquele país. Entretanto, passados 30 (trinta) dias, o Congresso Nacional rejeitou a medida provisória, não a convertendo em lei. Com base no caso acima, assinale a afirmativa correta.', 'A');
insert into opcoes (num_exame, num_questao, letra_opcao, texto)
values(10, 17, 'A', 'A medida provisória terá eficácia por mais 30 (trinta) dias, perfazendo o total de 60 (sessenta) dias.');
insert into opcoes (num_exame, num_questao, letra_opcao, texto)
values(10, 17, 'B', 'A medida provisória terá eficácia por mais 30 (trinta) dias, período no qual poderá haver nova tentativa de conversão em lei.');
insert into opcoes (num_exame, num_questao, letra_opcao, texto)
values(10, 17, 'C', 'A medida provisória perderá sua eficácia, cabendo ao Presidente da República, caso haja interesse, reeditá-la imediatamente.');
insert into opcoes (num_exame, num_questao, letra_opcao, texto)
values(10, 17, 'D', 'A medida provisória perderá sua eficácia, devendo o Congresso Nacional disciplinar, por decreto legislativo, as relações jurídicas dela decorrentes.');
insert into questoes (num_exame, num_questao, enunciado, opcao_correta)
values(10, 18, 'Na ausência de lei federal estabelecendo normas gerais sobre proteção de ecossistemas ameaçados, determinado estado da Federação editou, no passado, a sua própria lei sobre o assunto, estabelecendo desde princípios e valores a serem observados até regras específicas sobre a exploração econômica de tais áreas. Criou, ainda, fiscalização efetiva em seu território e multou empresas e produtores que desrespeitaram a lei. Anos depois, a União edita lei contendo normas gerais sobre o tema e muitas de suas disposições conflitavam com a anterior lei estadual. Com relação a este caso, assinale a afirmativa correta.', 'A');
insert into opcoes (num_exame, num_questao, letra_opcao, texto)
values(10, 18, 'A', 'A União não poderia legislar, uma vez que o assunto é matéria de interesse local, não havendo justificativa para lei nacional sobre o tema. Houve invasão de competência privativa dos estados.');
insert into opcoes (num_exame, num_questao, letra_opcao, texto)
values(10, 18, 'B', 'No campo das competências legislativas concorrentes, a União deve legislar sobre normas gerais e o estado pode editar normas suplementares, mas enquanto inexistir lei federal, a competência do estado é plena. A superveniência de lei geral nacional suspende a eficácia das disposições contrárias da lei dos estados.');
insert into opcoes (num_exame, num_questao, letra_opcao, texto)
values(10, 18, 'C', 'A lei aplicável, no caso concreto, será aquela que estabelecer padrões mais restritivos, em atenção à proteção do meio ambiente, não importando se tal norma é a federal ou se a editada pelos estados-membros.');
insert into opcoes (num_exame, num_questao, letra_opcao, texto)
values(10, 18, 'D', 'O estado não poderia ter estabelecido normas próprias na ausência de lei nacional com disposições gerais que definissem marcos a serem seguidos pelos estados. Em consequência, são nulas todas as multas aplicadas anteriormente à publicação da lei editada pela União.');
insert into questoes (num_exame, num_questao, enunciado, opcao_correta)
values(10, 19, 'Ajuizada uma Ação Direta de Inconstitucionalidade (ADI) requerendo expressamente que se declare inconstitucional o Art. 2º da Lei X, o Supremo Tribunal Federal (STF), ao apreciar o pedido, apenas declarou inconstitucional uma interpretação possível da norma impugnada, sem declarar sua invalidade, e determinou que sua decisão só acarretasse efeitos a partir do seu trânsito em julgado. Com base na situação acima, assinale a afirmativa correta.', 'A');
insert into opcoes (num_exame, num_questao, letra_opcao, texto)
values(10, 19, 'A', 'O STF como órgão do Poder Judiciário, por força do princípio da correlação, não poderia julgar de forma distinta daquela requerida pela parte autora.');
insert into opcoes (num_exame, num_questao, letra_opcao, texto)
values(10, 19, 'B', 'O STF, no controle abstrato de constitucionalidade, não está adstrito ao pedido formulado na inicial, podendo, inclusive, fazer uma interpretação conforme a Constituição, a despeito de expresso requerimento pela declaração de invalidade da norma.');
insert into opcoes (num_exame, num_questao, letra_opcao, texto)
values(10, 19, 'C', 'A modulação dos efeitos das decisões do STF em Ação Direta de Inconstitucionalidade (ADI) é possível, desde que com a aprovação da maioria absoluta dos seus membros.');
insert into opcoes (num_exame, num_questao, letra_opcao, texto)
values(10, 19, 'D', 'O STF não pode fixar os efeitos da decisão a partir do seu trânsito em julgado, pois, em conformidade com o princípio da supremacia da Constituição, a pecha da inconstitucionalidade contamina a lei desde a sua gênese.');
insert into questoes (num_exame, num_questao, enunciado, opcao_correta)
values(10, 20, 'Sobre as denúncias e o sistema de responsabilização por violação de Direitos Humanos, perante a Comissão Interamericana de Direitos Humanos, assinale a afirmativa correta.', 'A');
insert into opcoes (num_exame, num_questao, letra_opcao, texto)
values(10, 20, 'A', 'A Comissão poderá responsabilizar tanto o Estado como as pessoas naturais e jurídicas, de direito público ou privado, que cometeram a violação, solidariamente.');
insert into opcoes (num_exame, num_questao, letra_opcao, texto)
values(10, 20, 'B', 'A Comissão não possui competência para responsabilizar a pessoas naturais, podendo apenas determinar a responsabilidade das pessoas jurídicas, de direito público ou privado, que cometeram a violação.');
insert into opcoes (num_exame, num_questao, letra_opcao, texto)
values(10, 20, 'C', 'A Comissão poderá responsabilizar tanto o Estado como as pessoas naturais e jurídicas, de direito público ou privado, que cometeram a violação. Neste caso a responsabilidade do Estado será subsidiária.');
insert into opcoes (num_exame, num_questao, letra_opcao, texto)
values(10, 20, 'D', 'A Comissão não possui competência para atribuir responsabilidades individuais, podendo apenas determinar a responsabilidade internacional de um Estado membro da OEA.');
insert into questoes (num_exame, num_questao, enunciado, opcao_correta)
values(10, 21, 'Sobre o sistema global de proteção dos Direitos Humanos, assinale a afirmativa correta.', 'A');
insert into opcoes (num_exame, num_questao, letra_opcao, texto)
values(10, 21, 'A', 'O Direito Humanitário, a Organização Internacional do Trabalho e a Liga das Nações são considerados os principais precedentes do processo de internacionalização dos direitos humanos, uma vez que rompem com o conceito de soberania, já que admitem intervenções nos países em prol da proteção dos direitos humanos.');
insert into opcoes (num_exame, num_questao, letra_opcao, texto)
values(10, 21, 'B', 'A Declaração Universal dos Direitos Humanos juntamente com a adoção do Pacto Internacional dos Direitos Civis e Políticos formam a Carta Internacional dos Direitos Humanos, podendo um Estado adotar ou não os seus postulados.');
insert into opcoes (num_exame, num_questao, letra_opcao, texto)
values(10, 21, 'C', 'O sistema global restringe-se à Carta Internacional dos Direitos Humanos. Outros tratados multilaterais sobre Direitos Humanos, que se referem a violações específicas de direitos, tais como Convenção Internacional contra a Tortura, são facultativos e, consequentemente, não são considerados como parte do sistema global.');
insert into opcoes (num_exame, num_questao, letra_opcao, texto)
values(10, 21, 'D', 'O sistema global é composto por mecanismos não- convencionais de proteção dos direitos humanos. Tais mecanismos são aqueles criados por convenções específicas de Direitos Humanos, de adoção facultativa para os Estados.');
insert into questoes (num_exame, num_questao, enunciado, opcao_correta)
values(10, 22, 'A Assembleia Constituinte de 1988 reservou texto expresso para elevar os Direitos Humanos ao patamar de princípio fundamental não só no território nacional, como também nas relações internacionais. Além de valorizar a independência do país no cenário internacional, consagrou a proteção dos interesses do ser humano. Considerando o texto constitucional do Estado-parte e a Convenção Americana de Direitos Humanos, as afirmativas a seguir estão corretas, à exceção de uma. Assinale-a.', 'A');
insert into opcoes (num_exame, num_questao, letra_opcao, texto)
values(10, 22, 'A', 'Proibição de propaganda a favor da guerra e repúdio ao terrorismo e ao racismo.');
insert into opcoes (num_exame, num_questao, letra_opcao, texto)
values(10, 22, 'B', 'Proteção judicial mesmo quando a violação de direitos fundamentais for cometida por pessoa atuando em função oficial.');
insert into opcoes (num_exame, num_questao, letra_opcao, texto)
values(10, 22, 'C', 'Direito de retificação ou de resposta, que eximirão das outras responsabilidades legais.');
insert into opcoes (num_exame, num_questao, letra_opcao, texto)
values(10, 22, 'D', 'Concessão de asilo político em delitos políticos ou comuns, conexos com delitos políticos.');
insert into questoes (num_exame, num_questao, enunciado, opcao_correta)
values(10, 23, 'A respeito dos elementos de conexão no Brasil, assinale a afirmativa correta.', 'A');
insert into opcoes (num_exame, num_questao, letra_opcao, texto)
values(10, 23, 'A', 'A lei da nacionalidade da pessoa determina as regras sobre o começo e o fim da personalidade.');
insert into opcoes (num_exame, num_questao, letra_opcao, texto)
values(10, 23, 'B', 'A Lex loci executionis é aplicável aos contratos de trabalho, os quais, ainda que tenham sido celebrados no exterior, são regidos pela norma do local da execução das atividades laborais.');
insert into opcoes (num_exame, num_questao, letra_opcao, texto)
values(10, 23, 'C', 'A norma do país em que é domiciliada a vítima aplica-se aos casos de responsabilidade por ato ilícito extracontratual.');
insert into opcoes (num_exame, num_questao, letra_opcao, texto)
values(10, 23, 'D', 'O elemento de conexão Lex loci executionis ou Lex loci solutionis é o critério aplicável, como regra geral, para qualificar e reger as obrigações.');
insert into questoes (num_exame, num_questao, enunciado, opcao_correta)
values(10, 24, 'Rafael é brasileiro naturalizado e casado com Letícia, de nacionalidade italiana. Rafael foi transferido pela empresa onde trabalha para a filial na Argentina, estabelecendo-se com sua esposa em Córdoba. Em 02/03/2009, lá nasceu Valentina, filha do casal, que foi registrada na repartição consular do Brasil. De acordo com as normas constitucionais vigentes, assinale a afirmativa correta.', 'A');
insert into opcoes (num_exame, num_questao, letra_opcao, texto)
values(10, 24, 'A', 'Valentina não pode ser considerada brasileira nata, em virtude de a nacionalidade brasileira de seu pai ter sido adquirida de modo derivado e pelo fato de sua mãe ser estrangeira.');
insert into opcoes (num_exame, num_questao, letra_opcao, texto)
values(10, 24, 'B', 'Valentina é brasileira nata, pelo simples fato de seu pai, brasileiro, se ter deslocado por motivo de trabalho, em nada influenciando o modo como Rafael adquiriu a nacionalidade.');
insert into opcoes (num_exame, num_questao, letra_opcao, texto)
values(10, 24, 'C', 'Valentina somente será brasileira nata se vier a residir no Brasil e fizer a opção pela nacionalidade brasileira após atingir a maioridade.');
insert into opcoes (num_exame, num_questao, letra_opcao, texto)
values(10, 24, 'D', 'Valentina é brasileira nata, não constituindo óbice o fato de seu pai ser brasileiro naturalizado e sua mãe, estrangeira.');
insert into questoes (num_exame, num_questao, enunciado, opcao_correta)
values(10, 25, 'Três irmãos são donos de um imóvel, em proporções iguais. Em relação ao IPTU, cada irmão', 'A');
insert into opcoes (num_exame, num_questao, letra_opcao, texto)
values(10, 25, 'A', 'só pode ser cobrado pelo fisco na razão de 33,33% do imposto.');
insert into opcoes (num_exame, num_questao, letra_opcao, texto)
values(10, 25, 'B', 'é devedor solidário em relação ao todo do imposto.');
insert into opcoes (num_exame, num_questao, letra_opcao, texto)
values(10, 25, 'C', 'é devedor na razão de 33,3% do imposto e responsável subsidiário pelo restante.');
insert into opcoes (num_exame, num_questao, letra_opcao, texto)
values(10, 25, 'D', 'não pode ser cobrado judicialmente pela parte de outro irmão que tenha recursos para pagá-la.');
insert into questoes (num_exame, num_questao, enunciado, opcao_correta)
values(10, 26, 'Uma autarquia federal, proprietária de veículos automotores adquiridos recentemente, foi surpreendida com a cobrança de IPVA pelo Estado responsável pelos respectivos licenciamentos, não obstante vincular a utilização desses veículos às suas finalidades essenciais. Com base na hipótese sugerida, assinale a afirmativa correta.', 'A');
insert into opcoes (num_exame, num_questao, letra_opcao, texto)
values(10, 26, 'A', 'A cobrança é constitucional, por se tratar de fato gerador do IPVA.');
insert into opcoes (num_exame, num_questao, letra_opcao, texto)
values(10, 26, 'B', 'A cobrança é constitucional, por se aplicar o princípio da capacidade contributiva.');
insert into opcoes (num_exame, num_questao, letra_opcao, texto)
values(10, 26, 'C', 'A cobrança é inconstitucional, por se tratar de isenção fiscal.');
insert into opcoes (num_exame, num_questao, letra_opcao, texto)
values(10, 26, 'D', 'A cobrança é inconstitucional, por tratar de hipótese de imunidade tributária.');
insert into questoes (num_exame, num_questao, enunciado, opcao_correta)
values(10, 27, 'Suponha que determinada Medida Provisória editada pela Presidenta da República, em 29/09/2012, estabeleça, entre outras providências, o aumento para as diversas faixas de alíquotas previstas na legislação aplicável ao imposto de renda das pessoas físicas. Nesse caso, com base no sistema tributário nacional, tal Medida Provisória', 'A');
insert into opcoes (num_exame, num_questao, letra_opcao, texto)
values(10, 27, 'A', 'não violaria o princípio da legalidade e produzirá efeitos a partir da data de sua publicação.');
insert into opcoes (num_exame, num_questao, letra_opcao, texto)
values(10, 27, 'B', 'violaria o princípio da legalidade, por ser incompatível com o processo legislativo previsto na Constituição Federal/88.');
insert into opcoes (num_exame, num_questao, letra_opcao, texto)
values(10, 27, 'C', 'não violaria o princípio da legalidade e produzirá efeitos a partir de 90 (noventa) dias contados a partir da data de sua publicação.');
insert into opcoes (num_exame, num_questao, letra_opcao, texto)
values(10, 27, 'D', 'não violaria o princípio da legalidade e só produzirá efeitos a partir do primeiro dia do exercício financeiro subsequente à data de sua conversão em lei.');
insert into questoes (num_exame, num_questao, enunciado, opcao_correta)
values(10, 28, 'A União criou um novo imposto não previsto na CRFB mediante lei complementar sobre a propriedade de veículos de duas rodas não motorizados, que adota fato gerador e base de cálculo diferente dos demais discriminados na Constituição. Nessa situação, a União terá feito uso de competência', 'A');
insert into opcoes (num_exame, num_questao, letra_opcao, texto)
values(10, 28, 'A', 'comum.');
insert into opcoes (num_exame, num_questao, letra_opcao, texto)
values(10, 28, 'B', 'residual.');
insert into opcoes (num_exame, num_questao, letra_opcao, texto)
values(10, 28, 'C', 'cumulativa.');
insert into opcoes (num_exame, num_questao, letra_opcao, texto)
values(10, 28, 'D', 'extraordinária.');
insert into questoes (num_exame, num_questao, enunciado, opcao_correta)
values(10, 29, 'Nenhuma proposta foi apresentada na licitação promovida por uma autarquia federal para a aquisição de softwares de processamento de dados. Com relação a esse caso, assinale a afirmativa correta.', 'A');
insert into opcoes (num_exame, num_questao, letra_opcao, texto)
values(10, 29, 'A', 'Um novo procedimento licitatório deve ser realizado no prazo de até 180 dias do término do procedimento anterior.');
insert into opcoes (num_exame, num_questao, letra_opcao, texto)
values(10, 29, 'B', 'A hipótese é de licitação dispensada, ainda que ela possa ser repetida sem prejuízo para a Administração.');
insert into opcoes (num_exame, num_questao, letra_opcao, texto)
values(10, 29, 'C', 'A hipótese é de inexigibilidade de licitação, desde que a contratação se faça no prazo de até 180 dias do término do procedimento anterior.');
insert into opcoes (num_exame, num_questao, letra_opcao, texto)
values(10, 29, 'D', 'A contratação direta é admitida, se a licitação não puder ser repetida sem prejuízo para a Administração.');
insert into questoes (num_exame, num_questao, enunciado, opcao_correta)
values(10, 30, 'Um servidor público foi acusado de corrupção passiva e peculato. Respondeu a processo criminal e foi absolvido por ausência de provas. Diante dessa situação, assinale a afirmativa correta.', 'A');
insert into opcoes (num_exame, num_questao, letra_opcao, texto)
values(10, 30, 'A', 'A Administração Pública, no caso, permanece livre para punir o funcionário, desde que verifique haver desvios na conduta funcional do servidor.');
insert into opcoes (num_exame, num_questao, letra_opcao, texto)
values(10, 30, 'B', 'A decisão de absolvição do servidor sempre vincula a Administração Pública, que não poderá punir o seu funcionário.');
insert into opcoes (num_exame, num_questao, letra_opcao, texto)
values(10, 30, 'C', 'A autotutela administrativa permite desconsiderar decisões judiciais contrárias à lei ou às provas dos autos, sendo possível a aplicação de sanções administrativas com cópias extraídas do processo criminal.');
insert into opcoes (num_exame, num_questao, letra_opcao, texto)
values(10, 30, 'D', 'As decisões da justiça, que punem o servidor por qualquer crime, vinculam o Poder Público, embora as decisões de absolvição nunca impeçam o poder punitivo da Administração.');
insert into questoes (num_exame, num_questao, enunciado, opcao_correta)
values(10, 31, 'A fim de permitir o escoamento da produção até uma refinaria, uma empresa pública federal, que explora a prospecção de petróleo em um campo terrestre, inicia a construção de um oleoduto. O único caminho possível para essa construção atravessa a propriedade rural de Josenildo que, em razão do oleoduto, teve que diminuir o espaço de plantio de mamão e, com isso, viu sua renda mensal cair pela metade. Assinale a afirmativa que indica a instrução correta que um advogado deve passar a Josenildo.', 'A');
insert into opcoes (num_exame, num_questao, letra_opcao, texto)
values(10, 31, 'A', 'Não há óbice à constituição da servidão administrativa no caso, mas cabe indenização pelos danos decorrentes dessa forma de intervenção na propriedade.');
insert into opcoes (num_exame, num_questao, letra_opcao, texto)
values(10, 31, 'B', 'A servidão administrativa é ilegal e Josenildo pode desconstituí-la, pois o instituto só tem aplicação em relação aos bens públicos.');
insert into opcoes (num_exame, num_questao, letra_opcao, texto)
values(10, 31, 'C', 'A servidão administrativa é ilegal, pois o nosso ordenamento veda a intervenção do Estado sobre propriedades produtivas.');
insert into opcoes (num_exame, num_questao, letra_opcao, texto)
values(10, 31, 'D', 'Não há óbice à constituição da servidão administrativa e não há de se falar em qualquer indenização.');
insert into questoes (num_exame, num_questao, enunciado, opcao_correta)
values(10, 32, 'Oscar é titular da propriedade de um terreno adjacente a uma creche particular. Aproveitando a expansão econômica da localidade, decidiu construir em seu terreno um grande galpão. Oscar iniciou as obras, sem solicitar à prefeitura do município “X” a necessária licença para construir, usando material de baixa qualidade. Ainda durante a construção, a diretora da creche notou que a estrutura não apresentava solidez e corria o risco de desabar sobre as crianças. Ao tomar conhecimento do fato, a prefeitura do município “X” inspecionou o imóvel e constatou a gravidade da situação. Após a devida notificação de Oscar, a estrutura foi demolida. Assinale a afirmativa que indica o instituto do direito administrativo que autoriza a atitude do município “X”.', 'A');
insert into opcoes (num_exame, num_questao, letra_opcao, texto)
values(10, 32, 'A', 'Tombamento.');
insert into opcoes (num_exame, num_questao, letra_opcao, texto)
values(10, 32, 'B', 'Poder de polícia.');
insert into opcoes (num_exame, num_questao, letra_opcao, texto)
values(10, 32, 'C', 'Ocupação temporária.');
insert into opcoes (num_exame, num_questao, letra_opcao, texto)
values(10, 32, 'D', 'Desapropriação.');
insert into questoes (num_exame, num_questao, enunciado, opcao_correta)
values(10, 33, 'As alternativas a seguir apresentam condições que geram vacância de cargo público, à exceção de uma. Assinale-a.', 'A');
insert into opcoes (num_exame, num_questao, letra_opcao, texto)
values(10, 33, 'A', 'Falecimento.');
insert into opcoes (num_exame, num_questao, letra_opcao, texto)
values(10, 33, 'B', 'Promoção.');
insert into opcoes (num_exame, num_questao, letra_opcao, texto)
values(10, 33, 'C', 'Aposentadoria.');
insert into opcoes (num_exame, num_questao, letra_opcao, texto)
values(10, 33, 'D', 'Licença para trato de interesse particular.');
insert into questoes (num_exame, num_questao, enunciado, opcao_correta)
values(10, 34, 'Cristina, cidadã brasileira comprometida com a boa administração, descobre que determinada obra pública em sua cidade foi realizada em desacordo com as normas que regem as licitações públicas, com vistas a beneficiar um particular amigo do prefeito. De posse de cópias do processo administrativo que comprovam a situação, pretende ingressar com medida judicial para a proteção do patrimônio público. Para combater tal situação, Cristina deverá', 'A');
insert into opcoes (num_exame, num_questao, letra_opcao, texto)
values(10, 34, 'A', 'ingressar com ação civil pública, que é o meio apto a sanar a lesividade ao patrimônio público.');
insert into opcoes (num_exame, num_questao, letra_opcao, texto)
values(10, 34, 'B', 'propor ação penal privada subsidiária da pública para condenar o prefeito e o particular beneficiado e reparar os prejuízos causados aos cofres públicos.');
insert into opcoes (num_exame, num_questao, letra_opcao, texto)
values(10, 34, 'C', 'impetrar mandado de segurança coletivo para amparar direito liquido e certo seu e de todos os cidadãos aos princípios da legalidade e moralidade.');
insert into opcoes (num_exame, num_questao, letra_opcao, texto)
values(10, 34, 'D', 'ingressar com ação popular apta a proteger o patrimônio público indevidamente lesado.');
insert into questoes (num_exame, num_questao, enunciado, opcao_correta)
values(10, 35, 'Na perspectiva da tutela do direito difuso ao meio ambiente, o ordenamento constitucional exigiu o estudo de impacto ambiental para instalação e desenvolvimento de certas atividades. Nessa perspectiva, o estudo prévio de impacto ambiental está concretizado no princípio', 'A');
insert into opcoes (num_exame, num_questao, letra_opcao, texto)
values(10, 35, 'A', 'da precaução.');
insert into opcoes (num_exame, num_questao, letra_opcao, texto)
values(10, 35, 'B', 'da prevenção.');
insert into opcoes (num_exame, num_questao, letra_opcao, texto)
values(10, 35, 'C', 'da vedação ao retrocesso.');
insert into opcoes (num_exame, num_questao, letra_opcao, texto)
values(10, 35, 'D', 'do poluidor-pagador.');
insert into questoes (num_exame, num_questao, enunciado, opcao_correta)
values(10, 36, 'João, militante ambientalista, adquire chácara em área rural já degradada, com o objetivo de cultivar alimentos orgânicos para consumo próprio. Alguns meses depois, ele é notificado pela autoridade ambiental local de que a área é de preservação permanente. Sobre o caso, assinale a afirmativa correta.', 'A');
insert into opcoes (num_exame, num_questao, letra_opcao, texto)
values(10, 36, 'A', 'João é responsável pela regeneração da área, mesmo não tendo sido responsável por sua degradação, uma vez que se trata de obrigação propter rem.');
insert into opcoes (num_exame, num_questao, letra_opcao, texto)
values(10, 36, 'B', 'João somente teria a obrigação de regenerar a área caso soubesse do dano ambiental cometido pelo antigo proprietário, em homenagem ao princípio da boa-fé.');
insert into opcoes (num_exame, num_questao, letra_opcao, texto)
values(10, 36, 'C', 'O único responsável pelo dano é o antigo proprietário, causador do dano, uma vez que João não pode ser responsabilizado por ato ilícito que não cometeu.');
insert into opcoes (num_exame, num_questao, letra_opcao, texto)
values(10, 36, 'D', 'Não há responsabilidade do antigo proprietário ou de João, mas da Administração Pública, em razão da omissão na fiscalização ambiental quando da transmissão da propriedade.');
insert into questoes (num_exame, num_questao, enunciado, opcao_correta)
values(10, 37, 'Rogério, solteiro, maior e capaz, estando acometido por grave enfermidade, descobre que é pai biológico de Mateus, de dez anos de idade, embora não conste a filiação paterna no registro de nascimento. Diante disso, Rogério decide lavrar testamento público, em que reconhece ser pai de Mateus e deixa para este a totalidade de seus bens. Sobrevindo a morte de Rogério, Renato, maior e capaz, até então o único filho reconhecido por Rogério, é surpreendido com as disposições testamentárias e resolve consultar um advogado a respeito da questão. A partir do fato narrado, assinale a afirmativa correta.', 'A');
insert into opcoes (num_exame, num_questao, letra_opcao, texto)
values(10, 37, 'A', 'Todas as disposições testamentárias são inválidas, tendo em vista que, em seu testamento, Rogério deixou de observar a parte legítima legalmente reconhecida a Renato, o que inquina todo o testamento público, por ser este um ato único.');
insert into opcoes (num_exame, num_questao, letra_opcao, texto)
values(10, 37, 'B', 'A disposição testamentária que reconhece a paternidade de Mateus é válida, devendo ser incluída a filiação paterna no registro de nascimento; a disposição testamentária relativa aos bens deverá ser reduzida ao limite da parte disponível, razão pela qual Mateus receberá o quinhão equivalente a 75% da herança e Renato o quinhão equivalente a 25% da herança.');
insert into opcoes (num_exame, num_questao, letra_opcao, texto)
values(10, 37, 'C', 'Todas as disposições testamentárias são inválidas, uma vez que Rogério não poderia reconhecer a paternidade de Mateus em testamento e, ainda, foi desconsiderada a parte legítima de seu filho Renato.');
insert into opcoes (num_exame, num_questao, letra_opcao, texto)
values(10, 37, 'D', 'A disposição testamentária que reconhece a paternidade de Mateus é válida, devendo ser incluída a filiação paterna no registro de nascimento; é, contudo, inválida a disposição testamentária relativa aos bens, razão pela qual caberá a cada filho herdar metade da herança de Rogério.');
insert into questoes (num_exame, num_questao, enunciado, opcao_correta)
values(10, 38, 'De acordo com o Código Civil, opera-se o mandato quando alguém recebe de outrem poderes para, em nome deste, praticar atos ou administrar interesses. Daniel outorgou a Heron, por instrumento público, poderes especiais e expressos, por prazo indeterminado, para vender sua casa na Rua da Abolição, em Salvador, Bahia. Ocorre que, três dias depois de lavrada e assinada a procuração, em viagem para um congresso realizado no exterior, Daniel sofre um acidente automobilístico e vem a falecer, quando ainda fora do país. Heron, no mesmo dia da morte de Daniel, ignorando o óbito, vende a casa para Fábio, que a compra, estando ambos de boa-fé. De acordo com a situação narrada, assinale a afirmativa correta.', 'A');
insert into opcoes (num_exame, num_questao, letra_opcao, texto)
values(10, 38, 'A', 'A compra e venda é nula, em razão de ter cessado o mandato automaticamente, com a morte do mandante.');
insert into opcoes (num_exame, num_questao, letra_opcao, texto)
values(10, 38, 'B', 'A compra e venda é válida, em relação aos contratantes.');
insert into opcoes (num_exame, num_questao, letra_opcao, texto)
values(10, 38, 'C', 'A compra e venda é inválida, em razão de ter o mandato sido celebrado por prazo indeterminado, quando deveria, no caso, ter termo certo.');
insert into opcoes (num_exame, num_questao, letra_opcao, texto)
values(10, 38, 'D', 'A compra e venda é anulável pelos herdeiros de Daniel, que podem escolher entre corroborar o negócio realizado em nome do mandante falecido, revogá-lo, ou cobrar indenização do mandatário.');
insert into questoes (num_exame, num_questao, enunciado, opcao_correta)
values(10, 39, 'Gustavo completou 17 anos de idade em janeiro de 2010. Em março de 2010 colou grau em curso de ensino médio. Em julho de 2010 contraiu matrimônio com Beatriz. Em setembro de 2010, foi aprovado em concurso público e iniciou o exercício de emprego público efetivo. Por fim, em novembro de 2010, estabeleceu-se no comércio, abrindo um restaurante. Assinale a alternativa que indica o momento em que se deu a cessação da incapacidade civil de Gustavo.', 'A');
insert into opcoes (num_exame, num_questao, letra_opcao, texto)
values(10, 39, 'A', 'No momento em que iniciou o exercício de emprego público efetivo.');
insert into opcoes (num_exame, num_questao, letra_opcao, texto)
values(10, 39, 'B', 'No momento em que colou grau em curso de ensino médio.');
insert into opcoes (num_exame, num_questao, letra_opcao, texto)
values(10, 39, 'C', 'No momento em que contraiu matrimônio.');
insert into opcoes (num_exame, num_questao, letra_opcao, texto)
values(10, 39, 'D', 'No momento em que se estabeleceu no comércio, abrindo um restaurante.');
insert into questoes (num_exame, num_questao, enunciado, opcao_correta)
values(10, 40, 'Amélia e Alberto são casados pelo regime de comunhão parcial de bens. Alfredo, amigo de Alberto, pede que ele seja seu fiador na compra de um imóvel. Diante da situação apresentada, assinale a afirmativa correta.', 'A');
insert into opcoes (num_exame, num_questao, letra_opcao, texto)
values(10, 40, 'A', 'A garantia acessória poderá ser prestada exclusivamente por Alberto.');
insert into opcoes (num_exame, num_questao, letra_opcao, texto)
values(10, 40, 'B', 'A outorga de Amélia se fará indispensável, independente do regime de bens.');
insert into opcoes (num_exame, num_questao, letra_opcao, texto)
values(10, 40, 'C', 'A fiança, se prestada por Alberto sem o consentimento de Amélia, será anulável.');
insert into opcoes (num_exame, num_questao, letra_opcao, texto)
values(10, 40, 'D', 'A anulação do aval somente poderá ser pleiteada por Amélia durante o período em que estiver casada.');
insert into questoes (num_exame, num_questao, enunciado, opcao_correta)
values(10, 41, 'Os vitrais do Mercado Municipal de São de Paulo, durante a reforma feita em 2004, foram retirados para limpeza e restauração da pintura. Considerando a hipótese e as regras sobre bens jurídicos, assinale a afirmativa correta.', 'A');
insert into opcoes (num_exame, num_questao, letra_opcao, texto)
values(10, 41, 'A', 'Os vitrais, enquanto separados do prédio do Mercado Municipal durante as obras, são classificados como bens móveis.');
insert into opcoes (num_exame, num_questao, letra_opcao, texto)
values(10, 41, 'B', 'Os vitrais retirados na qualidade de material de demolição, considerando que o Mercado Municipal resolva descartar- se deles, serão considerados bens móveis.');
insert into opcoes (num_exame, num_questao, letra_opcao, texto)
values(10, 41, 'C', 'Os vitrais do Mercado Municipal, considerando que foram feitos por grandes artistas europeus, são classificados como bens fungíveis.');
insert into opcoes (num_exame, num_questao, letra_opcao, texto)
values(10, 41, 'D', 'Os vitrais retirados para restauração, por sua natureza, são classificados como bens móveis.');
insert into questoes (num_exame, num_questao, enunciado, opcao_correta)
values(10, 42, 'João, credor quirografário de Marcos em R$ 150.000,00, ingressou com Ação Pauliana, com a finalidade de anular ato praticado por Marcos, que o reduziu à insolvência. João alega que Marcos transmitiu gratuitamente para seu filho, por contrato de doação, propriedade rural avaliada em R$ 200.000,00. Considerando a hipótese acima, assinale a afirmativa correta.', 'A');
insert into opcoes (num_exame, num_questao, letra_opcao, texto)
values(10, 42, 'A', 'Caso o pedido da Ação Pauliana seja julgado procedente e seja anulado o contrato de doação, o benefício da anulação aproveitará somente a João, cabendo aos demais credores, caso existam, ingressarem com ação individual própria.');
insert into opcoes (num_exame, num_questao, letra_opcao, texto)
values(10, 42, 'B', 'O caso narrado traz hipótese de fraude de execução, que constitui defeito no negócio jurídico por vício de consentimento.');
insert into opcoes (num_exame, num_questao, letra_opcao, texto)
values(10, 42, 'C', 'Na hipótese de João receber de Marcos, já insolvente, o pagamento da dívida ainda não vencida, ficará João obrigado a repor, em proveito do acervo sobre que se tenha de efetuar o concurso de credores, aquilo que recebeu.');
insert into opcoes (num_exame, num_questao, letra_opcao, texto)
values(10, 42, 'D', 'João tem o prazo prescricional de dois anos para pleitear a anulação do negócio jurídico fraudulento, contado do dia em que tomar conhecimento da doação feita por Marcos.');
insert into questoes (num_exame, num_questao, enunciado, opcao_correta)
values(10, 43, 'Luis, produtor de soja, firmou contrato de empréstimo de um trator com seu vizinho João. No contrato, Luis se comprometeu a devolver o trator 10 dias após o término da colheita. Restou ainda acordado um valor para a hipótese de atraso na entrega. Considerando o caso acima, assinale a afirmativa correta.', 'A');
insert into opcoes (num_exame, num_questao, letra_opcao, texto)
values(10, 43, 'A', 'Caracterizada a mora na devolução do trator, Luiz responderá pelos prejuízos decorrentes de caso fortuito ou de força maior, salvo se comprovar que o dano ocorreria mesmo se houvesse cumprido sua obrigação na forma ajustada.');
insert into opcoes (num_exame, num_questao, letra_opcao, texto)
values(10, 43, 'B', 'Por se tratar de hipótese de mora pendente, é indispensável a interpelação judicial ou extrajudicial para que João constitua Luis em mora.');
insert into opcoes (num_exame, num_questao, letra_opcao, texto)
values(10, 43, 'C', 'Luis, ainda que agindo dolosamente, não terá responsabilidade pela conservação do trator na hipótese de João recusar-se a receber o bem na data ajustada.');
insert into opcoes (num_exame, num_questao, letra_opcao, texto)
values(10, 43, 'D', 'Não caracteriza mora a hipótese de João se recusar a receber o trator na data avençada para não comprometer o espaço físico de seu galpão, vez que é necessária a comprovação de sua culpa e a ausência de justo motivo.');
insert into questoes (num_exame, num_questao, enunciado, opcao_correta)
values(10, 44, 'Acerca da colocação da criança ou do adolescente em família substituta na modalidade adoção, assinale a afirmativa correta.', 'A');
insert into opcoes (num_exame, num_questao, letra_opcao, texto)
values(10, 44, 'A', 'A adoção extingue os vínculos pretéritos entre o adotado e a família anterior, porém, excepcionalmente, no caso de falecimento dos adotantes, o poder familiar dos pais naturais poderá ser restabelecido, se atender ao melhor interesse do menor.');
insert into opcoes (num_exame, num_questao, letra_opcao, texto)
values(10, 44, 'B', 'A adoção produz os seus efeitos a partir do trânsito em julgado da sentença declaratória do estado de filiação, porém, se o adotante vier a falecer no curso do procedimento os efeitos retroagirão à data do óbito.');
insert into opcoes (num_exame, num_questao, letra_opcao, texto)
values(10, 44, 'C', 'A adoção depende do consentimento do adotando, se maior de 12 anos de idade, e dos pais do adotando ou do representante legal deste ou do guardião legal ou de fato, na falta dos primeiros.');
insert into opcoes (num_exame, num_questao, letra_opcao, texto)
values(10, 44, 'D', 'A adoção produz os seus efeitos a partir do trânsito em julgado da sentença constitutiva, porém, se o adotante vier a falecer após inequívoca manifestação de vontade no curso do procedimento, os efeitos retroagirão à data do óbito.');
insert into questoes (num_exame, num_questao, enunciado, opcao_correta)
values(10, 45, 'Com relação à internação, observado o que prevê o Estatuto da Criança e do Adolescente, assinale a afirmativa correta.', 'A');
insert into opcoes (num_exame, num_questao, letra_opcao, texto)
values(10, 45, 'A', 'Deve obedecer ao período determinado de um ano e meio, prorrogável por igual período, para atos infracionais praticados com emprego de violência.');
insert into opcoes (num_exame, num_questao, letra_opcao, texto)
values(10, 45, 'B', 'Deve obedecer ao período determinado de um ano, prorrogável por igual período, para atos infracionais praticados sem emprego de violência.');
insert into opcoes (num_exame, num_questao, letra_opcao, texto)
values(10, 45, 'C', 'Não comporta período determinado e não pode ultrapassar o máximo de três anos, independente do emprego ou não de violência no ato infracional praticado.');
insert into opcoes (num_exame, num_questao, letra_opcao, texto)
values(10, 45, 'D', 'Não pode ultrapassar o período máximo de três anos, quando o adolescente deverá ser colocado em liberdade com o dever de reparar o dano no caso de ato infracional com reflexos patrimoniais.');
insert into questoes (num_exame, num_questao, enunciado, opcao_correta)
values(10, 46, 'Aurora contratou com determinada empresa de telefonia fixa um pacote de serviços de valor preestabelecido que incluía ligações locais de até 100 minutos e isenção total dos valores pelo período de três meses, exceto os minutos que ultrapassassem os contratados, ligações interurbanas e para telefone móvel. Para sua surpresa, logo no primeiro mês recebeu cobrança pelo pacote de serviços no importe três vezes superior ao contratado, mesmo que tivesse utilizado apenas 32 minutos em ligações locais. A consumidora fez diversos contatos com a fornecedora do serviço para reclamar o ocorrido, mas não obteve solução. De posse dos números dos protocolos de reclamações, ingressou com medida judicial, obtendo liminar favorável para abstenção de cobrança e de negativação do nome. Considerando o caso acima descrito, assinale a afirmativa correta.', 'A');
insert into opcoes (num_exame, num_questao, letra_opcao, texto)
values(10, 46, 'A', 'A conversão da obrigação em perdas e danos faz-se independentemente de eventual aplicação de multa.');
insert into opcoes (num_exame, num_questao, letra_opcao, texto)
values(10, 46, 'B', 'A multa diária ao réu pode ser fixada na sentença, mas desde que o autor tenha requerido expressamente.');
insert into opcoes (num_exame, num_questao, letra_opcao, texto)
values(10, 46, 'C', 'A conversão da obrigação em perdas e danos independe de pedido do autor, em qualquer hipótese.');
insert into opcoes (num_exame, num_questao, letra_opcao, texto)
values(10, 46, 'D', 'A tutela liminar será concedida, desde que não implique em ordem de busca e apreensão, que requer medida cautelar própria e justificação prévia.');
insert into questoes (num_exame, num_questao, enunciado, opcao_correta)
values(10, 47, 'Elisabeth e Marcos, desejando passar a lua-de-mel em Paris, adquiriram junto à Operadora de Viagens e Turismo “X” um pacote de viagem, composto de passagens aéreas de ida e volta, hospedagem por sete noites, e seguro saúde e acidentes pessoais, este último prestado pela seguradora “Y”. Após chegar à cidade, Elisabeth sofreu os efeitos de uma gastrite severa e Marcos entrou em contato com a operadora de viagens a fim de que o seguro fosse acionado, sendo informado que não havia médico credenciado naquela localidade. O casal procurou um hospital, que manteve Elisabeth internada por 24 horas, e retornou ao Brasil no terceiro dia de estada em Paris, tudo às suas expensas. Partindo da hipótese apresentada, assinale a afirmativa correta.', 'A');
insert into opcoes (num_exame, num_questao, letra_opcao, texto)
values(10, 47, 'A', 'O casal poderá acionar judicialmente a operadora de turismo, mesmo que a falha do serviço tenha sido da seguradora, em razão da responsabilidade solidária aplicável ao caso.');
insert into opcoes (num_exame, num_questao, letra_opcao, texto)
values(10, 47, 'B', 'O casal somente poderá acionar judicialmente a seguradora Y, já que a operadora de turismo responderia por falhas na organização da viagem, e não pelo seguro porque esse foi realizado por outra empresa.');
insert into opcoes (num_exame, num_questao, letra_opcao, texto)
values(10, 47, 'C', 'O casal terá que acionar judicialmente a operadora de turismo e a seguradora simultaneamente por se tratar da hipótese de litisconsórcio necessário e unitário, sob pena de insurgir em carência da ação.');
insert into opcoes (num_exame, num_questao, letra_opcao, texto)
values(10, 47, 'D', 'O casal não poderá acionar judicialmente a operadora de turismo já que havia liberdade de contratar o seguro saúde viagem com outra seguradora e, portanto, não se tratando de venda casada, não há responsabilidade solidária na hipótese.');
insert into questoes (num_exame, num_questao, enunciado, opcao_correta)
values(10, 48, 'A respeito das diferenças existentes entre as sociedades anônimas abertas e fechadas, assinale a afirmativa correta.', 'A');
insert into opcoes (num_exame, num_questao, letra_opcao, texto)
values(10, 48, 'A', 'A companhia será aberta ou fechada conforme os valores mobiliários de sua emissão sejam admitidos ou não à negociação no mercado de bolsa ou de balcão.');
insert into opcoes (num_exame, num_questao, letra_opcao, texto)
values(10, 48, 'B', 'As companhias abertas poderão emitir partes beneficiárias, opções de compra de ações e bônus de subscrição.');
insert into opcoes (num_exame, num_questao, letra_opcao, texto)
values(10, 48, 'C', 'O estatuto social de uma companhia fechada nunca poderá impor limitações à circulação das ações ordinárias, mas poderá fazê-lo em relação às ações preferenciais.');
insert into opcoes (num_exame, num_questao, letra_opcao, texto)
values(10, 48, 'D', 'As ações ordinárias e preferenciais de uma companhia aberta poderão ser de uma ou mais classes.');
insert into questoes (num_exame, num_questao, enunciado, opcao_correta)
values(10, 49, 'Com relação às atribuições do Comitê de Credores, quando constituído no âmbito da recuperação judicial, assinale a afirmativa correta.', 'A');
insert into opcoes (num_exame, num_questao, letra_opcao, texto)
values(10, 49, 'A', 'Fiscalizar a execução do plano de recuperação judicial.');
insert into opcoes (num_exame, num_questao, letra_opcao, texto)
values(10, 49, 'B', 'Fornecer, com presteza, todas as informações exigidas pelos credores interessados.');
insert into opcoes (num_exame, num_questao, letra_opcao, texto)
values(10, 49, 'C', 'Consolidar o quadro geral de credores e providenciar sua publicação.');
insert into opcoes (num_exame, num_questao, letra_opcao, texto)
values(10, 49, 'D', 'Apresentar ao juiz, para juntada aos autos, relatório mensal das atividades do devedor.');
insert into questoes (num_exame, num_questao, enunciado, opcao_correta)
values(10, 50, 'Lavanderias Roupa Limpa Ltda. (“Roupa Limpa”) alienou um de seus estabelecimentos comerciais, uma lavanderia no bairro do Jacintinho, na cidade de Maceió, para Caio da Silva, empresário individual. O contrato de trespasse foi omisso quanto à possibilidade de restabelecimento da “Roupa Limpa”, bem como nada dispôs a respeito da responsabilidade de Caio da Silva por débitos anteriores à transferência do estabelecimento. Nesse cenário, assinale a afirmativa correta.', 'A');
insert into opcoes (num_exame, num_questao, letra_opcao, texto)
values(10, 50, 'A', 'O contrato de trespasse será oponível a terceiros, independentemente de qualquer registro na Junta Comercial ou publicação.');
insert into opcoes (num_exame, num_questao, letra_opcao, texto)
values(10, 50, 'B', 'Caio da Silva não responderá por qualquer débito anterior à transferência, exceto os que não estiverem devidamente escriturados.');
insert into opcoes (num_exame, num_questao, letra_opcao, texto)
values(10, 50, 'C', 'Na omissão do contrato de trespasse, Roupa Limpa poderá se restabelecer no bairro do Jacintinho e fazer concorrência a Caio da Silva.');
insert into opcoes (num_exame, num_questao, letra_opcao, texto)
values(10, 50, 'D', 'Não havendo autorização expressa, “Roupa Limpa” não poderá fazer concorrência a Caio da Silva, nos cinco anos subsequentes à transferência.');
insert into questoes (num_exame, num_questao, enunciado, opcao_correta)
values(10, 51, 'Laurentino recebeu um cheque nominal sacado na praça de “Z” no valor de R$ 20.000,00 (vinte mil reais) e pagável na praça de “A”. Vinte dias após a emissão e antes da apresentação ao sacado foram furtados vários documentos da residência do tomador, dentre eles o referido cheque. Com base nestas informações, assinale a afirmativa correta.', 'A');
insert into opcoes (num_exame, num_questao, letra_opcao, texto)
values(10, 51, 'A', 'A medida judicial cabível para impedir o pagamento do cheque pelo sacado é a contra-ordem ou oposição, que produz efeito durante o prazo de apresentação.');
insert into opcoes (num_exame, num_questao, letra_opcao, texto)
values(10, 51, 'B', 'A medida extrajudicial cabível para impedir o pagamento do cheque pelo sacado é a sustação ou oposição, que depende da prova da existência de fundos disponíveis.');
insert into opcoes (num_exame, num_questao, letra_opcao, texto)
values(10, 51, 'C', 'A medida judicial cabível para impedir o pagamento do cheque pelo sacado é a sustação ou oposição, que produz efeito apenas após o prazo de apresentação.');
insert into opcoes (num_exame, num_questao, letra_opcao, texto)
values(10, 51, 'D', 'A medida extrajudicial cabível para impedir o pagamento do cheque pelo sacado é a sustação ou oposição, que está fundada em relevante razão de direito.');
insert into questoes (num_exame, num_questao, enunciado, opcao_correta)
values(10, 52, 'Heliodora Moda Feminina Ltda. é locatária de uma loja situada no shopping center Mateus Leme. Sobre o contrato de locação de uma unidade comercial em shopping center, assinale a afirmativa correta.', 'A');
insert into opcoes (num_exame, num_questao, letra_opcao, texto)
values(10, 52, 'A', 'O locador poderá recusar a renovação do contrato com fundamento na necessidade de ele próprio utilizar o imóvel.');
insert into opcoes (num_exame, num_questao, letra_opcao, texto)
values(10, 52, 'B', 'As despesas cobradas do locatário não precisam estar previstas em orçamento, desde que devidamente demonstradas.');
insert into opcoes (num_exame, num_questao, letra_opcao, texto)
values(10, 52, 'C', 'O empreendedor poderá cobrar do locatário as despesas com obras de reformas que interessem à estrutura do shopping.');
insert into opcoes (num_exame, num_questao, letra_opcao, texto)
values(10, 52, 'D', 'As condições livremente pactuadas no contrato respectivo prevalecerão nas relações entre os lojistas e o empreendedor.');
insert into questoes (num_exame, num_questao, enunciado, opcao_correta)
values(10, 53, 'Com relação ao início da contagem do prazo para apresentação de resposta, em ação ajuizada pelo rito comum ordinário, em face de apenas um réu, assinale a afirmativa correta.', 'A');
insert into opcoes (num_exame, num_questao, letra_opcao, texto)
values(10, 53, 'A', 'Em se tratando de citação postal, começa a correr o prazo a partir da data da juntada aos autos do aviso de recebimento.');
insert into opcoes (num_exame, num_questao, letra_opcao, texto)
values(10, 53, 'B', 'Em se tratando de citação por oficial de justiça, começa a correr o prazo no dia seguinte ao do cumprimento da diligência.');
insert into opcoes (num_exame, num_questao, letra_opcao, texto)
values(10, 53, 'C', 'Em se tratando de citação por carta precatória, começa a correr o prazo no dia em que a carta é devolvida ao juízo de origem.');
insert into opcoes (num_exame, num_questao, letra_opcao, texto)
values(10, 53, 'D', 'Em se tratando de citação por edital, começa a correr o prazo no dia seguinte ao da publicação do referido edital.');
insert into questoes (num_exame, num_questao, enunciado, opcao_correta)
values(10, 54, 'A respeito da penhora, assinale a afirmativa correta.', 'A');
insert into opcoes (num_exame, num_questao, letra_opcao, texto)
values(10, 54, 'A', 'A penhora não será realizada quando o bem estiver na posse, detenção ou guarda de terceiro.');
insert into opcoes (num_exame, num_questao, letra_opcao, texto)
values(10, 54, 'B', 'Havendo mais de uma penhora, lavrar-se-á um único auto de penhora.');
insert into opcoes (num_exame, num_questao, letra_opcao, texto)
values(10, 54, 'C', 'Se o devedor fechar as portas da casa, a fim de obstar a penhora dos bens, o oficial de justiça providenciará o arrombamento, independente de qualquer autorização judicial.');
insert into opcoes (num_exame, num_questao, letra_opcao, texto)
values(10, 54, 'D', 'O juiz autorizará a alienação antecipada dos bens penhorados quando houver manifesta vantagem.');
insert into questoes (num_exame, num_questao, enunciado, opcao_correta)
values(10, 55, 'A respeito da capacidade processual, assinale a afirmativa correta.', 'A');
insert into opcoes (num_exame, num_questao, letra_opcao, texto)
values(10, 55, 'A', 'Os municípios serão representados em juízo, ativa e passivamente, pelo Prefeito ou pelo procurador.');
insert into opcoes (num_exame, num_questao, letra_opcao, texto)
values(10, 55, 'B', 'O juiz, de plano, deverá extinguir o processo sem resolução do mérito, ao verificar a incapacidade processual ou a irregularidade da representação das partes.');
insert into opcoes (num_exame, num_questao, letra_opcao, texto)
values(10, 55, 'C', 'O juiz dará curador especial ao réu preso, bem como ao réu citado por hora certa, por edital ou por meio eletrônico.');
insert into opcoes (num_exame, num_questao, letra_opcao, texto)
values(10, 55, 'D', 'A citação dos cônjuges nas ações que versem sobre direitos reais imobiliários é prescindível.');
insert into questoes (num_exame, num_questao, enunciado, opcao_correta)
values(10, 56, 'A Lei n. 12.153/09 regulamenta a criação e o funcionamento dos Juizados Especiais da Fazenda Pública no âmbito dos Estados, do Distrito Federal, dos Territórios e dos Municípios. Tal diploma legal trouxe importantes inovações à ordem processual vigente, buscando solucionar ou reduzir os problemas causados pelo elevado número de demandas fazendárias que obstam o adequado funcionamento da máquina judiciária. Consoante o exposto, assinale a afirmativa correta.', 'A');
insert into opcoes (num_exame, num_questao, letra_opcao, texto)
values(10, 56, 'A', 'Os Juizados da Fazenda Pública são relativamente competentes para o processamento e julgamento daquelas causas cíveis que versem sobre interesse dos Estados, do Distrito Federal, dos Territórios e dos Municípios até o valor de 60 (sessenta) salários mínimos.');
insert into opcoes (num_exame, num_questao, letra_opcao, texto)
values(10, 56, 'B', 'É expressamente vedada a concessão de quaisquer providências cautelares e antecipatórias no curso do processo que importem em ônus para os entes da Administração Pública Direta e Indireta que figurem no polo passivo da demanda.');
insert into opcoes (num_exame, num_questao, letra_opcao, texto)
values(10, 56, 'C', 'As microempresas e empresas de pequeno porte, assim definidas pela Lei Complementar n. 123/2006, possuem legitimidade ativa para demandar perante os Juizados da Fazenda Pública.');
insert into opcoes (num_exame, num_questao, letra_opcao, texto)
values(10, 56, 'D', 'O representante legal da pessoa jurídica de direito público, no âmbito dos Juizados Especiais da Fazenda Pública, disporá de prazo quádruplo para contestar e prazo em dobro para recorrer.');
insert into questoes (num_exame, num_questao, enunciado, opcao_correta)
values(10, 57, 'A proteção possessória pode se desenvolver por meio de diversos tipos de ações. No que se refere às espécies de ações possessórias e suas características, assinale a afirmativa correta.', 'A');
insert into opcoes (num_exame, num_questao, letra_opcao, texto)
values(10, 57, 'A', 'Em virtude do princípio da adstrição, a propositura de uma ação possessória em vez de outra impede que o juiz conheça do pedido e outorgue a proteção correspondente àquela cujos requisitos estejam provados.');
insert into opcoes (num_exame, num_questao, letra_opcao, texto)
values(10, 57, 'B', 'É defeso ao autor cumular o pedido possessório com condenação em perdas e danos, devendo optar por um ou outro provimento, sob pena de enriquecimento sem causa.');
insert into opcoes (num_exame, num_questao, letra_opcao, texto)
values(10, 57, 'C', 'As ações possessórias não possuem natureza dúplice. Sendo assim, caso o réu queira fazer pedido contra o autor, não poderá se valer da contestação, devendo apresentar reconvenção.');
insert into opcoes (num_exame, num_questao, letra_opcao, texto)
values(10, 57, 'D', 'Apenas o possuidor figura-se como parte legitima para a propositura das ações possessórias, tanto na hipótese de posse direta quanto na hipótese de posse indireta.');
insert into questoes (num_exame, num_questao, enunciado, opcao_correta)
values(10, 58, 'Paula ajuizou ação de reconhecimento de união estável. Ainda antes da citação do réu, a autora desistiu da ação proposta. Dois meses depois do trânsito em julgado da sentença que extinguiu o processo, sem resolução do mérito nos termos do Art. 267, inciso VIII, do CPC, Paula, arrependida, ingressou novamente com a ação. Com base na hipótese apresentada, assinale a afirmativa correta.', 'A');
insert into opcoes (num_exame, num_questao, letra_opcao, texto)
values(10, 58, 'A', 'O juiz deverá extinguir o processo sem resolução do mérito por existir coisa julgada, não podendo a autora ajuizar novamente a mesma ação.');
insert into opcoes (num_exame, num_questao, letra_opcao, texto)
values(10, 58, 'B', 'Paula pode ingressar novamente com a ação, mas a nova demanda deverá ser distribuída por dependência.');
insert into opcoes (num_exame, num_questao, letra_opcao, texto)
values(10, 58, 'C', 'Não pode a autora ingressar com a demanda novamente, pois a desistência da ação gera preclusão consumativa.');
insert into opcoes (num_exame, num_questao, letra_opcao, texto)
values(10, 58, 'D', 'Trata-se de clara hipótese de litispendência, existindo duas causas idênticas com as mesmas partes, o mesmo pedido e a mesma causa de pedir.');
insert into questoes (num_exame, num_questao, enunciado, opcao_correta)
values(10, 59, 'Coriolano, objetivando proteger seu amigo Romualdo, não obedeceu à requisição do Promotor de Justiça no sentido de determinar a instauração de inquérito policial para apurar eventual prática de conduta criminosa por parte de Romualdo. Nesse caso, é correto afirmar que Coriolano praticou crime de', 'A');
insert into opcoes (num_exame, num_questao, letra_opcao, texto)
values(10, 59, 'A', 'desobediência (Art. 330, do CP).');
insert into opcoes (num_exame, num_questao, letra_opcao, texto)
values(10, 59, 'B', 'prevaricação (Art. 319, do CP).');
insert into opcoes (num_exame, num_questao, letra_opcao, texto)
values(10, 59, 'C', 'corrupção passiva (Art. 317, do CP).');
insert into opcoes (num_exame, num_questao, letra_opcao, texto)
values(10, 59, 'D', 'crime de advocacia administrativa (Art. 321, do CP).');
insert into questoes (num_exame, num_questao, enunciado, opcao_correta)
values(10, 60, 'Filipe foi condenado em janeiro de 2011 à pena de cinco anos de reclusão pela prática do crime de tráfico de drogas, ocorrido em 2006. Considerando-se que a Lei n. 11.464, que modificou o período para a progressão de regime nos crimes hediondos para 2/5 (dois quintos) em caso de réu primário, foi publicada em março de 2007, é correto afirmar que', 'A');
insert into opcoes (num_exame, num_questao, letra_opcao, texto)
values(10, 60, 'A', 'se reputará cumprido o requisito objetivo para a progressão de regime quando Felipe completar 1/6 (um sexto) do cumprimento da pena, uma vez que o crime foi praticado antes da Lei n. 11.464.');
insert into opcoes (num_exame, num_questao, letra_opcao, texto)
values(10, 60, 'B', 'se reputará cumprido o requisito objetivo para a progressão de regime quando Felipe completar 2/5 (dois quintos) do cumprimento da pena, uma vez que a Lei n. 11.464 tem caráter processual e, portanto, deve ser aplicada de imediato.');
insert into opcoes (num_exame, num_questao, letra_opcao, texto)
values(10, 60, 'C', 'se reputará cumprido o requisito subjetivo para a progressão de regime quando Felipe completar 1/6 (um sexto) do cumprimento da pena, uma vez que o crime foi praticado antes da Lei n. 11.464.');
insert into opcoes (num_exame, num_questao, letra_opcao, texto)
values(10, 60, 'D', 'se reputará cumprido o requisito subjetivo para a progressão de regime quando Felipe completar 2/5 (dois quintos) do cumprimento da pena, uma vez que a Lei n. 11.464 tem caráter processual e, portanto, deve ser aplicada de imediato.');
insert into questoes (num_exame, num_questao, enunciado, opcao_correta)
values(10, 61, 'João, com intenção de matar, efetua vários disparos de arma de fogo contra Antônio, seu desafeto. Ferido, Antônio é internado em um hospital, no qual vem a falecer, não em razão dos ferimentos, mas queimado em um incêndio que destrói a enfermaria em que se encontrava. Assinale a alternativa que indica o crime pelo qual João será responsabilizado.', 'A');
insert into opcoes (num_exame, num_questao, letra_opcao, texto)
values(10, 61, 'A', 'Homicídio consumado.');
insert into opcoes (num_exame, num_questao, letra_opcao, texto)
values(10, 61, 'B', 'Homicídio tentado.');
insert into opcoes (num_exame, num_questao, letra_opcao, texto)
values(10, 61, 'C', 'Lesão corporal.');
insert into opcoes (num_exame, num_questao, letra_opcao, texto)
values(10, 61, 'D', 'Lesão corporal seguida de morte.');
insert into questoes (num_exame, num_questao, enunciado, opcao_correta)
values(10, 62, 'José e Maria estavam enamorados, mas posteriormente vieram a descobrir que eram irmãos consanguíneos, separados na maternidade. Extremamente infelizes com a notícia recebida, que impedia por completo qualquer possibilidade de relacionamento, resolveram dar cabo à própria vida. Para tanto, combinaram e executaram o seguinte: no apartamento de Maria, com todas as portas e janelas trancadas, José abriu o registro do gás de cozinha. Ambos inspiraram o ar envenenado e desmaiaram, sendo certo que somente não vieram a falecer porque os vizinhos, assustados com o cheiro forte que vinha do apartamento de Maria, decidiram arrombar a porta e resgatá-los. Ocorre que, não obstante o socorro ter chegado a tempo, José e Maria sofreram lesões corporais de natureza grave. Com base na situação descrita, assinale a afirmativa correta.', 'A');
insert into opcoes (num_exame, num_questao, letra_opcao, texto)
values(10, 62, 'A', 'José responde por tentativa de homicídio e Maria por instigação ou auxílio ao suicídio.');
insert into opcoes (num_exame, num_questao, letra_opcao, texto)
values(10, 62, 'B', 'José responde por lesão corporal grave e Maria não responde por nada, pois sua conduta é atípica.');
insert into opcoes (num_exame, num_questao, letra_opcao, texto)
values(10, 62, 'C', 'José e Maria respondem por instigação ou auxílio ao suicídio, em concurso de agentes.');
insert into opcoes (num_exame, num_questao, letra_opcao, texto)
values(10, 62, 'D', 'José e Maria respondem por tentativa de homicídio.');
insert into questoes (num_exame, num_questao, enunciado, opcao_correta)
values(10, 63, 'José, rapaz de 23 anos, acredita ter poderes espirituais excepcionais, sendo certo que todos conhecem esse seu “dom”, já que ele o anuncia amplamente. Ocorre que José está apaixonado por Maria, jovem de 14 anos, mas não é correspondido. Objetivando manter relações sexuais com Maria e conhecendo o misticismo de sua vítima, José a faz acreditar que ela sofre de um mal espiritual, o qual só pode ser sanado por meio de um ritual mágico de cura e purificação, que consiste em manter relações sexuais com alguém espiritualmente capacitado a retirar o malefício. José diz para Maria que, se fosse para livrá-la daquilo, aceitaria de bom grado colaborar no ritual de cura e purificação. Maria, muito assustada com a notícia, aceita e mantém, de forma consentida, relação sexual com José, o qual fica muito satisfeito por ter conseguido enganá-la e, ainda, satisfazer seu intento, embora tenha ficado um pouco frustrado por ter descoberto que Maria não era mais virgem. Com base na situação descrita, assinale a alternativa que indica o crime que José praticou.', 'A');
insert into opcoes (num_exame, num_questao, letra_opcao, texto)
values(10, 63, 'A', 'Corrupção de menores (Art. 218, do CP).');
insert into opcoes (num_exame, num_questao, letra_opcao, texto)
values(10, 63, 'B', 'Violência sexual mediante fraude (Art. 215, do CP).');
insert into opcoes (num_exame, num_questao, letra_opcao, texto)
values(10, 63, 'C', 'Estupro qualificado (Art. 213, § 1º, parte final, do CP).');
insert into opcoes (num_exame, num_questao, letra_opcao, texto)
values(10, 63, 'D', 'Estupro de vulnerável (Art. 217-A, do CP).');
insert into questoes (num_exame, num_questao, enunciado, opcao_correta)
values(10, 64, 'Jane, dirigindo seu veículo dentro do limite de velocidade para a via, ao efetuar manobra em uma rotatória, acaba abalroando o carro de Lorena, que, desrespeitando as regras de trânsito, ingressou na rotatória enquanto Jane fazia a manobra. Em virtude do abalroamento, Lorena sofreu lesões corporais. Nesse sentido, com base na teoria da imputação objetiva, assinale a afirmativa correta.', 'A');
insert into opcoes (num_exame, num_questao, letra_opcao, texto)
values(10, 64, 'A', 'Jane não praticou crime, pois agiu no exercício regular de direito.');
insert into opcoes (num_exame, num_questao, letra_opcao, texto)
values(10, 64, 'B', 'Jane não responderá pelas lesões corporais sofridas por Lorena com base no princípio da intervenção mínima.');
insert into opcoes (num_exame, num_questao, letra_opcao, texto)
values(10, 64, 'C', 'Jane não pode ser responsabilizada pelo resultado com base no princípio da confiança.');
insert into opcoes (num_exame, num_questao, letra_opcao, texto)
values(10, 64, 'D', 'Jane praticou delito previsto no Código de Trânsito Brasileiro, mas poderá fazer jus a benefícios penais.');
insert into questoes (num_exame, num_questao, enunciado, opcao_correta)
values(10, 65, 'João está sendo processado por um crime doloso contra a vida e, após o oferecimento das alegações finais, o magistrado impronuncia o réu. Assinale a alternativa que apresenta a situação em que seria possível processar João novamente pelo mesmo fato delituoso.', 'A');
insert into opcoes (num_exame, num_questao, letra_opcao, texto)
values(10, 65, 'A', 'Desde que haja novas provas e não tenha ocorrido qualquer causa extintiva de punibilidade, pois a decisão de impronúncia não transita em julgado.');
insert into opcoes (num_exame, num_questao, letra_opcao, texto)
values(10, 65, 'B', 'A justiça já se manifestou em relação ao processo de João, tendo a decisão do magistrado transitado em julgado.');
insert into opcoes (num_exame, num_questao, letra_opcao, texto)
values(10, 65, 'C', 'Ninguém pode ser processado duas vezes pelo mesmo fato ( non bis in idem ).');
insert into opcoes (num_exame, num_questao, letra_opcao, texto)
values(10, 65, 'D', 'A sentença de impronúncia é uma decisão interlocutória mista não terminativa.');
insert into questoes (num_exame, num_questao, enunciado, opcao_correta)
values(10, 66, 'Na cidade “A”, o Delegado de Polícia instaurou inquérito policial para averiguar a possível ocorrência do delito de estelionato praticado por Márcio, tudo conforme minuciosamente narrado na requisição do Ministério Público Estadual. Ao final da apuração, o Delegado de Polícia enviou o inquérito devidamente relatado ao Promotor de Justiça. No entendimento do parquet, a conduta praticada por Márcio, embora típica, estaria prescrita. Nessa situação, o Promotor deverá', 'A');
insert into opcoes (num_exame, num_questao, letra_opcao, texto)
values(10, 66, 'A', 'arquivar os autos.');
insert into opcoes (num_exame, num_questao, letra_opcao, texto)
values(10, 66, 'B', 'oferecer denúncia.');
insert into opcoes (num_exame, num_questao, letra_opcao, texto)
values(10, 66, 'C', 'determinar a baixa dos autos.');
insert into opcoes (num_exame, num_questao, letra_opcao, texto)
values(10, 66, 'D', 'requerer o arquivamento.');
insert into questoes (num_exame, num_questao, enunciado, opcao_correta)
values(10, 67, 'Um professor na aula de Processo Penal esclarece a um aluno que o Ministério Público, após ingressar com a ação penal, não poderá desistir dela, conforme expressa previsão do Art. 42 do CPP. O professor estava explicando ao aluno o princípio da', 'A');
insert into opcoes (num_exame, num_questao, letra_opcao, texto)
values(10, 67, 'A', 'indivisibilidade.');
insert into opcoes (num_exame, num_questao, letra_opcao, texto)
values(10, 67, 'B', 'obrigatoriedade.');
insert into opcoes (num_exame, num_questao, letra_opcao, texto)
values(10, 67, 'C', 'indisponibilidade.');
insert into opcoes (num_exame, num_questao, letra_opcao, texto)
values(10, 67, 'D', 'intranscedência.');
insert into questoes (num_exame, num_questao, enunciado, opcao_correta)
values(10, 68, 'No curso de uma investigação policial que apurava a ocorrência dos delitos de sonegação fiscal e evasão de divisas, o Procurador da República "X" requereu ao Juízo Federal Criminal medida assecuratória, já que obteve documentos que informavam os bens que teriam sido adquiridos pelo investigado com proventos da infração penal. O Juiz Federal decretou a medida assecuratória, que foi cumprida a contento. A partir do caso apresentado, assinale a alternativa que indica a medida assecuratória adotada.', 'A');
insert into opcoes (num_exame, num_questao, letra_opcao, texto)
values(10, 68, 'A', 'Busca e Apreensão.');
insert into opcoes (num_exame, num_questao, letra_opcao, texto)
values(10, 68, 'B', 'Arresto.');
insert into opcoes (num_exame, num_questao, letra_opcao, texto)
values(10, 68, 'C', 'Sequestro.');
insert into opcoes (num_exame, num_questao, letra_opcao, texto)
values(10, 68, 'D', 'Hipoteca Legal.');
insert into questoes (num_exame, num_questao, enunciado, opcao_correta)
values(10, 69, 'José, após responder ao processo cautelarmente preso, foi condenado à pena de oito anos e sete meses de prisão em regime inicialmente fechado. Após alguns anos no sistema carcerário, seu advogado realizou um pedido de livramento condicional, que foi deferido pelo magistrado competente. O membro do parquet entendeu que tal benefício era incabível no momento e deseja recorrer da decisão. Sobre o caso apresentado, assinale a afirmativa que menciona o recurso correto.', 'A');
insert into opcoes (num_exame, num_questao, letra_opcao, texto)
values(10, 69, 'A', 'Agravo em Execução, no prazo de 10 (dez dias);');
insert into opcoes (num_exame, num_questao, letra_opcao, texto)
values(10, 69, 'B', 'Recurso em Sentido Estrito, no prazo de 05 (cinco dias);');
insert into opcoes (num_exame, num_questao, letra_opcao, texto)
values(10, 69, 'C', 'Agravo em Execução, no prazo de 05 (cinco dias);');
insert into opcoes (num_exame, num_questao, letra_opcao, texto)
values(10, 69, 'D', 'Recurso em Sentido Estrito, no prazo de 10 (dez dias).');
insert into questoes (num_exame, num_questao, enunciado, opcao_correta)
values(10, 70, 'O empregado afastado por incapacidade laborativa, recebendo auxílio-doença previdenciário por trinta dias, tem garantido legalmente o direito', 'A');
insert into opcoes (num_exame, num_questao, letra_opcao, texto)
values(10, 70, 'A', 'à estabilidade provisória por, no mínimo, doze meses após a cessação do auxílio-doença acidentário.');
insert into opcoes (num_exame, num_questao, letra_opcao, texto)
values(10, 70, 'B', 'de exigir de seu empregador os depósitos do Fundo de Garantia do Tempo de Serviço correspondentes ao período em que ficou afastado.');
insert into opcoes (num_exame, num_questao, letra_opcao, texto)
values(10, 70, 'C', 'de exigir de seu empregador o pagamento de complementação do benefício previdenciário para manter o valor do salário que recebia antes do afastamento previdenciário.');
insert into opcoes (num_exame, num_questao, letra_opcao, texto)
values(10, 70, 'D', 'de gozar férias de trinta dias após período de 12 (doze) meses de vigência do contrato de trabalho.');
insert into questoes (num_exame, num_questao, enunciado, opcao_correta)
values(10, 71, 'Fernanda é contratada pela empresa Master, a título temporário, com base na Lei n. 6.019/74, pelo prazo certo de 3 meses. Quando do término deste período e ciente de que o empregador não pretende renovar o contrato, ela informa que se encontra grávida de 6 semanas. A respeito do caso proposto, de acordo com o entendimento do TST, assinale a afirmativa correta.', 'A');
insert into opcoes (num_exame, num_questao, letra_opcao, texto)
values(10, 71, 'A', 'Fernanda pode ter o contrato extinto porque o pacto foi feito a termo, de modo que no seu implemento a ruptura se impõe.');
insert into opcoes (num_exame, num_questao, letra_opcao, texto)
values(10, 71, 'B', 'Fernanda não poderá ser dispensada, pois, em razão da gravidez, possui garantia no emprego, mesmo sendo o contrato a termo.');
insert into opcoes (num_exame, num_questao, letra_opcao, texto)
values(10, 71, 'C', 'Fernanda poderá ser desligada porque a natureza jurídica da ruptura não será resilição unilateral, mas caducidade do contrato.');
insert into opcoes (num_exame, num_questao, letra_opcao, texto)
values(10, 71, 'D', 'Fernanda não pode ter o contrato rompido, pois em razão da gravidez tem garantia no emprego durante 12 meses.');
insert into questoes (num_exame, num_questao, enunciado, opcao_correta)
values(10, 72, 'Uma empresa contrata plano de saúde para os seus empregados, sem custo para os mesmos, com direito de internação em quarto particular. Posteriormente, estando em dificuldade financeira, resolve alterar as condições do plano para uso de enfermaria coletiva, em substituição ao quarto particular. Após a alteração, um empregado é contratado, passa mal e exige da empresa sua internação em quarto particular. Diante dessa situação, assinale a afirmativa correta.', 'A');
insert into opcoes (num_exame, num_questao, letra_opcao, texto)
values(10, 72, 'A', 'O empregado está correto, pois não pode haver alteração contratual que traga malefício ao trabalhador, como foi o caso.');
insert into opcoes (num_exame, num_questao, letra_opcao, texto)
values(10, 72, 'B', 'O empregado está errado, pois sua contratação já ocorreu na vigência das novas condições, retirando o direito ao quarto particular.');
insert into opcoes (num_exame, num_questao, letra_opcao, texto)
values(10, 72, 'C', 'O empregado está correto, pois as vantagens atribuídas à classe trabalhadora não podem retroceder, sob pena de perda da conquista social.');
insert into opcoes (num_exame, num_questao, letra_opcao, texto)
values(10, 72, 'D', 'O empregado teria direito ao quarto particular se comprovasse que a doença teve origem antes de ser contratado e antes da alteração das condições do plano de saúde.');
insert into questoes (num_exame, num_questao, enunciado, opcao_correta)
values(10, 73, 'Adriana submete-se a um ato educativo supervisionado, desenvolvido no ambiente de trabalho, que visa à preparação para o trabalho produtivo daqueles que estejam frequentando o ensino regular em instituições de educação superior, educação profissional, ensino médio, da educação especial e dos anos finais do ensino fundamental. Logo, pode-se dizer que Adriana é uma', 'A');
insert into opcoes (num_exame, num_questao, letra_opcao, texto)
values(10, 73, 'A', 'estagiária.');
insert into opcoes (num_exame, num_questao, letra_opcao, texto)
values(10, 73, 'B', 'aprendiz.');
insert into opcoes (num_exame, num_questao, letra_opcao, texto)
values(10, 73, 'C', 'cooperativada.');
insert into opcoes (num_exame, num_questao, letra_opcao, texto)
values(10, 73, 'D', 'empregada.');
insert into questoes (num_exame, num_questao, enunciado, opcao_correta)
values(10, 74, 'Os direitos constitucionais relacionados a seguir já foram regulamentados por Lei, à exceção de um. Assinale-o.', 'A');
insert into opcoes (num_exame, num_questao, letra_opcao, texto)
values(10, 74, 'A', 'Aviso prévio proporcional ao tempo de serviço.');
insert into opcoes (num_exame, num_questao, letra_opcao, texto)
values(10, 74, 'B', 'Participação nos lucros ou resultados.');
insert into opcoes (num_exame, num_questao, letra_opcao, texto)
values(10, 74, 'C', 'Adicional por atividade penosa.');
insert into opcoes (num_exame, num_questao, letra_opcao, texto)
values(10, 74, 'D', 'Licença-paternidade.');
insert into questoes (num_exame, num_questao, enunciado, opcao_correta)
values(10, 75, 'Em determinada reclamação trabalhista o juiz, à luz das provas produzidas, considera que a natureza jurídica da extinção contratual foi culpa recíproca (de ambas as partes). Para a hipótese, as alternativas a seguir apresentam direitos deferidos ao trabalhador, à exceção de uma. Assinale-a.', 'A');
insert into opcoes (num_exame, num_questao, letra_opcao, texto)
values(10, 75, 'A', 'Metade do aviso prévio.');
insert into opcoes (num_exame, num_questao, letra_opcao, texto)
values(10, 75, 'B', 'Metade do 13º salário proporcional.');
insert into opcoes (num_exame, num_questao, letra_opcao, texto)
values(10, 75, 'C', 'Seguro desemprego.');
insert into opcoes (num_exame, num_questao, letra_opcao, texto)
values(10, 75, 'D', 'Indenização de 20% sobre o FGTS.');
insert into questoes (num_exame, num_questao, enunciado, opcao_correta)
values(10, 76, 'A requerimento do credor e após não localizar bens da pessoa jurídica ex-empregadora, o juiz desconsiderou a personalidade jurídica numa reclamação trabalhista, incluiu um dos sócios no polo passivo e o citou para pagamento. Este sócio, então, depositou a quantia exequenda, mas pretende questionar o valor da execução. Assinale a alternativa que indica a maneira pela qual ele materializará seu inconformismo.', 'A');
insert into opcoes (num_exame, num_questao, letra_opcao, texto)
values(10, 76, 'A', 'Ação Rescisória.');
insert into opcoes (num_exame, num_questao, letra_opcao, texto)
values(10, 76, 'B', 'Embargos de Terceiro.');
insert into opcoes (num_exame, num_questao, letra_opcao, texto)
values(10, 76, 'C', 'Impugnação de Credor.');
insert into opcoes (num_exame, num_questao, letra_opcao, texto)
values(10, 76, 'D', 'Embargos à Execução.');
insert into questoes (num_exame, num_questao, enunciado, opcao_correta)
values(10, 77, 'Uma reclamação trabalhista é ajuizada em São Paulo (TRT da 2ª Região) e, na audiência designada, a reclamada apresenta resposta escrita sob a forma de contestação e exceção de incompetência relativa em razão do lugar, pois o autor sempre trabalhara em Minas Gerais, que na sua ótica deve ser o local onde tramitará o feito. Após conferida vista ao exceto, na forma do Art. 800, da CLT, e confirmada a prestação dos serviços na outra localidade, o juiz acolhe a exceção e determina a remessa dos autos à capital mineira (MG – TRT da 3ª Região). Dessa decisão, de acordo com o entendimento do TST, e independentemente do seu mérito,', 'A');
insert into opcoes (num_exame, num_questao, letra_opcao, texto)
values(10, 77, 'A', 'cabe de imediato recurso de agravo de instrumento para o TRT de São Paulo, por tratar-se de decisão interlocutória.');
insert into opcoes (num_exame, num_questao, letra_opcao, texto)
values(10, 77, 'B', 'nada há a fazer, pois das decisões interlocutórias, na Justiça do Trabalho, não é possível recurso imediato.');
insert into opcoes (num_exame, num_questao, letra_opcao, texto)
values(10, 77, 'C', 'compete à parte deixar consignado o seu protesto e renovar o inconformismo no recurso ordinário que for interposto após a sentença que será proferida em Minas Gerais.');
insert into opcoes (num_exame, num_questao, letra_opcao, texto)
values(10, 77, 'D', 'cabe de imediato a interposição de recurso ordinário para o TRT de São Paulo.');
insert into questoes (num_exame, num_questao, enunciado, opcao_correta)
values(10, 78, 'José ajuizou reclamação trabalhista contra a empresa Libertação Ltda., valendo-se do procedimento sumaríssimo. Contudo, José não liquidou os pedidos. De acordo com a CLT, o juiz deve', 'A');
insert into opcoes (num_exame, num_questao, letra_opcao, texto)
values(10, 78, 'A', 'conceder prazo de 10 dias para que José sane o vício.');
insert into opcoes (num_exame, num_questao, letra_opcao, texto)
values(10, 78, 'B', 'enviar os autos ao calculista da Vara, que liquidará o pedido.');
insert into opcoes (num_exame, num_questao, letra_opcao, texto)
values(10, 78, 'C', 'arquivar a reclamação trabalhista e condenar o autor em custas.');
insert into opcoes (num_exame, num_questao, letra_opcao, texto)
values(10, 78, 'D', 'prosseguir na reclamação e enfrentar o assunto caso provocado pela ré.');
insert into questoes (num_exame, num_questao, enunciado, opcao_correta)
values(10, 79, 'Sobre o manejo do recurso adesivo na Justiça do Trabalho, assinale a afirmativa correta.', 'A');
insert into opcoes (num_exame, num_questao, letra_opcao, texto)
values(10, 79, 'A', 'É cabível e a matéria nele veiculada não precisa estar relacionada ao recurso principal.');
insert into opcoes (num_exame, num_questao, letra_opcao, texto)
values(10, 79, 'B', 'É incabível na Justiça do Trabalho porque não há previsão dele na CLT.');
insert into opcoes (num_exame, num_questao, letra_opcao, texto)
values(10, 79, 'C', 'É cabível, pressupondo sucumbência recíproca e, caso interposto pela empresa, ela fica isenta de preparo.');
insert into opcoes (num_exame, num_questao, letra_opcao, texto)
values(10, 79, 'D', 'É cabível, mas a matéria nele veiculada precisa estar relacionada ao recurso principal.');
insert into questoes (num_exame, num_questao, enunciado, opcao_correta)
values(10, 80, 'Em reclamação trabalhista movida contra um município, este não comparece à audiência inaugural. Diante dessa hipótese, assinale a afirmativa correta.', 'A');
insert into opcoes (num_exame, num_questao, letra_opcao, texto)
values(10, 80, 'A', 'Não se cogita de revelia porque o direito é indisponível.');
insert into opcoes (num_exame, num_questao, letra_opcao, texto)
values(10, 80, 'B', 'Aplica-se a revelia contra o ente público.');
insert into opcoes (num_exame, num_questao, letra_opcao, texto)
values(10, 80, 'C', 'Não há revelia, mas se aplica a confissão.');
insert into opcoes (num_exame, num_questao, letra_opcao, texto)
values(10, 80, 'D', 'O juiz deve designar audiência de instrução, haja vista tratar-se de ente público.');
commit;
insert into exames (num_exame, url_exame, url_gabarito, data)
values(11, 'https://dpmzos25m8ivg.cloudfront.net/336/20130819085026-CADERNO%20TIPO%2001_BRANCA_XI_EXAME.pdf', 'https://dpmzos25m8ivg.cloudfront.net/336/20130818072221-GABARITOS%20PRELIMIARES_XI_EXAME_DE_ORDEM.pdf', 'Sun Aug 18 00:00:00 BRT 2013');
insert into questoes (num_exame, num_questao, enunciado, opcao_correta)
values(11, 1, 'Christiana, advogada recém-formada, está em dúvida quanto ao seu futuro profissional, porque, embora possua habilidade para a advocacia privada, teme a natural instabilidade da profissão. Por força dessas circunstâncias, pretende obter um emprego ou cargo público que lhe permita o exercício concomitante da profissão que abraçou. Por força disso, necessita, diante dos requisitos usualmente exigidos, comprovar sua efetiva atividade na advocacia. Diante desse contexto, de acordo com as normas do Regulamento Geral do Estatuto da Advocacia e da OAB, assinale a afirmativa correta.', 'A');
insert into opcoes (num_exame, num_questao, letra_opcao, texto)
values(11, 1, 'A', 'O efetivo exercício da advocacia comprova-se pela atuação em um processo por ano, desde que o advogado subscreva uma peça privativa de advogado.');
insert into opcoes (num_exame, num_questao, letra_opcao, texto)
values(11, 1, 'B', 'O efetivo exercício da advocacia exige a atuação anual mínima em cinco causas distintas, que devem ser comprovadas por cópia autenticada de atos privativos.');
insert into opcoes (num_exame, num_questao, letra_opcao, texto)
values(11, 1, 'C', 'A atividade efetiva da advocacia, como representante judicial ou extrajudicial, cinge-se a dois atos por ano.');
insert into opcoes (num_exame, num_questao, letra_opcao, texto)
values(11, 1, 'D', 'O advogado deve comprovar, anualmente, a atuação em atos privativos, mediante declaração do Juiz onde atue, de três atos judiciais.');
insert into questoes (num_exame, num_questao, enunciado, opcao_correta)
values(11, 2, 'Cláudio, advogado com vasta experiência profissional, é contratado pela sociedade LK Ltda. para gerenciar a carteira de devedores duvidosos, propondo acordos e, em último caso, as devidas ações judiciais. Após um ano de sucesso na empreitada, Cláudio postula aumento nos seus honorários, o que vem a ser recusado pelos representantes legais da sociedade. Insatisfeito com o desenrolar dos fatos, Cláudio comunica que irá renunciar aos mandatos que lhe foram conferidos, notificando pessoalmente os representantes legais da sociedade que apuseram o seu ciente no ato de comunicação. Dez dias após, a sociedade contratou novos advogados, que assumiram os processos em curso. Observado tal relato, baseado nas normas do Regulamento Geral do Estatuto da Advocacia e da OAB, assinale a afirmativa correta.', 'A');
insert into opcoes (num_exame, num_questao, letra_opcao, texto)
values(11, 2, 'A', 'A comunicação da renúncia do mandato não pode ser pessoal, para evitar conflitos com o cliente.');
insert into opcoes (num_exame, num_questao, letra_opcao, texto)
values(11, 2, 'B', 'A renúncia ao mandato deve ser comunicada ao cliente, preferencialmente mediante carta com aviso de recepção.');
insert into opcoes (num_exame, num_questao, letra_opcao, texto)
values(11, 2, 'C', 'O advogado deve comunicar a renúncia ao mandato diretamente ao Juízo da causa, que deverá intimar a parte.');
insert into opcoes (num_exame, num_questao, letra_opcao, texto)
values(11, 2, 'D', 'O advogado não tem o dever de comunicar à parte a renúncia ao mandato judicial ou extrajudicial.');
insert into questoes (num_exame, num_questao, enunciado, opcao_correta)
values(11, 3, 'Deise, advogada renomada, com longos anos de experiência na profissão, obtém sentença condenatória favorável contra o município “X”. Após o trânsito em julgado, inicia a execução, apurando vultoso valor a receber para o seu cliente, bem como honorários advocatícios de sucumbência correspondente a dez por cento do principal. Além disso, a ilustre advogada possui contrato de honorários escrito, fixando outros dez por cento em decorrência do resultado final do processo, a titulo de honorários de êxito. No entanto, para manter cordial a sua relação com o cliente, não apresenta o contrato em Juízo, esperando o cumprimento espontâneo do mesmo, o que não veio a ocorrer. Assim, antes do pagamento do precatório, mas tendo sido o mesmo expedido, requer a advogada o bloqueio do valor correspondente ao seu contrato de honorários. Observado tal relato, segundo as regras do Estatuto da Advocacia, assinale a afirmativa correta.', 'A');
insert into opcoes (num_exame, num_questao, letra_opcao, texto)
values(11, 3, 'A', 'O destaque correspondente aos honorários advocatícios definidos em contrato escrito pode ocorrer a qualquer momento antes do pagamento do precatório.');
insert into opcoes (num_exame, num_questao, letra_opcao, texto)
values(11, 3, 'B', 'O advogado, ocorrendo a existência de honorários advocatícios contratuais fixados por escrito, deve requerer o seu pagamento com a dedução do valor devido ao cliente antes da expedição do precatório.');
insert into opcoes (num_exame, num_questao, letra_opcao, texto)
values(11, 3, 'C', 'O pagamento dos honorários contratuais fixados em documento escrito deve ser realizado pelo cliente ou em ação judicial sem que possa ocorrer desconto no valor do precatório expedido em favor do cliente.');
insert into opcoes (num_exame, num_questao, letra_opcao, texto)
values(11, 3, 'D', 'O Juiz fazendário da condenação, em se tratando de acerto privado, não possui competência para definir se tal valor é ou não devido, sendo inviável o desconto no valor do precatório.');
insert into questoes (num_exame, num_questao, enunciado, opcao_correta)
values(11, 4, 'O advogado Caio solicitou vista de autos de processo disciplinar instaurado na OAB contra seu desafeto, o advogado Tício. Caio justificou seu pedido afirmando que juntaria às informações contidas no processo disciplinar em questão as de um determinado processo judicial no qual ambos atuaram, visando, com isso, demonstrar que Tício costumava ter comportamento aético. Com relação à hipótese sugerida, assinale a afirmativa correta.', 'A');
insert into opcoes (num_exame, num_questao, letra_opcao, texto)
values(11, 4, 'A', 'Caio não poderá ter acesso aos autos do processo disciplinar instaurado contra Tício, porque demonstrou que juntaria às informações nele contidas as de um processo judicial em que ambos atuavam, prejudicando, assim, a boa administração da justiça.');
insert into opcoes (num_exame, num_questao, letra_opcao, texto)
values(11, 4, 'B', 'Caio não poderá ter acesso aos autos do processo disciplinar instaurado contra Tício, uma vez que os processos disciplinares instaurados na OAB contra advogados tramitam em sigilo, até o seu término, só tendo acesso às suas informações as partes, seus defensores e a autoridade judiciária competente.');
insert into opcoes (num_exame, num_questao, letra_opcao, texto)
values(11, 4, 'C', 'Caio poderá ter acesso aos autos do processo disciplinar instaurado contra Tício, desde que assine termo pelo qual se compromete a não divulgar a terceiros as informações nele contidas.');
insert into opcoes (num_exame, num_questao, letra_opcao, texto)
values(11, 4, 'D', 'Caio poderá ter acesso irrestrito aos autos do processo disciplinar instaurado contra Tício, uma vez que processos disciplinares instaurados na OAB contra advogados não tramitam em sigilo.');
insert into questoes (num_exame, num_questao, enunciado, opcao_correta)
values(11, 5, 'Os advogados Roberto e Alfredo, integrantes da sociedade Roberto & Alfredo Advogados Associados, há muito atuavam em causas trabalhistas em favor da sociedade empresária “X”. A certa altura, o advogado Armando ingressou na sociedade de advogados. Armando, no entanto, já representava os interesses de ex-empregado da sociedade empresária “X”. Em razão disso, Armando não foi constituído para atuar nas causas do escritório envolvendo a sociedade empresária “X”, continuando, assim, a atuar em favor do ex-empregado. Por outro lado, Roberto e Alfredo não foram constituídos para advogar pelo ex-empregado. A partir do caso apresentado, assinale a afirmativa correta.', 'A');
insert into opcoes (num_exame, num_questao, letra_opcao, texto)
values(11, 5, 'A', 'Roberto, Alfredo e Armando agiram correta e eticamente, pois dividiram os clientes, de forma que nenhum deles advogasse, ao mesmo tempo, para clientes com interesses opostos.');
insert into opcoes (num_exame, num_questao, letra_opcao, texto)
values(11, 5, 'B', 'Roberto, Alfredo e Armando não agiram corretamente, pois, em causas trabalhistas, os advogados de partes com interesses opostos não podem ter qualquer tipo de relação profissional ou pessoal.');
insert into opcoes (num_exame, num_questao, letra_opcao, texto)
values(11, 5, 'C', 'Roberto, Alfredo e Armando não agiram correta e eticamente, pois os advogados sócios de uma mesma sociedade profissional não podem representar, em juízo, clientes com interesses opostos.');
insert into opcoes (num_exame, num_questao, letra_opcao, texto)
values(11, 5, 'D', 'Roberto, Alfredo e Armando não poderiam ter constituído a sociedade em questão, ainda que Armando deixasse de atuar na causa em favor do ex-empregado.');
insert into questoes (num_exame, num_questao, enunciado, opcao_correta)
values(11, 6, 'O advogado Mário celebrou contrato de honorários com seu cliente, para atuar em reclamação trabalhista. No contrato restou estabelecido que, em caso de êxito, ele receberia, a título de honorários contratuais, o valor de 60% do que fosse recebido pelo cliente, que havia sido dispensado pelo empregador e econtra-se em situação econômica desfavorável. A respeito do caso apresentado, assinale a afirmativa correta.', 'A');
insert into opcoes (num_exame, num_questao, letra_opcao, texto)
values(11, 6, 'A', 'Mário não cometeu infração disciplinar, uma vez que tendo celebrado contrato de honorários, ele pode cobrar de seu cliente o valor que entender compatível com o trabalho desenvolvido.');
insert into opcoes (num_exame, num_questao, letra_opcao, texto)
values(11, 6, 'B', 'Mário não cometeu infração disciplinar, pois causas trabalhistas são muito complexas, justificando-se, assim, a cobrança de honorários elevados.');
insert into opcoes (num_exame, num_questao, letra_opcao, texto)
values(11, 6, 'C', 'Mário violou dispositivo do Código de Ética e Disciplina da OAB, segundo o qual os honorários profissionais devem ser fixados com moderação.');
insert into opcoes (num_exame, num_questao, letra_opcao, texto)
values(11, 6, 'D', 'Mário violou dispositivo do Código de Ética e Disciplina da OAB, que veda a cobrança de honorários profissionais com base em percentual do valor a ser recebido pela parte.');
insert into questoes (num_exame, num_questao, enunciado, opcao_correta)
values(11, 7, 'José é advogado de João em processo judicial que este promove contra Matheus. Encantado com as sucessivas campanhas de conciliação, busca obter o apoio do réu para um acordo, sem consultar previamente o patrono da parte contrária, Valter. Nos termos do Código de Ética, deve o advogado', 'A');
insert into opcoes (num_exame, num_questao, letra_opcao, texto)
values(11, 7, 'A', 'buscar a conciliação a qualquer preço por ser um objetivo da moderna Jurisdição.');
insert into opcoes (num_exame, num_questao, letra_opcao, texto)
values(11, 7, 'B', 'abster-se de entender-se diretamente com a parte adversa que tenha patrono constituído, sem o assentimento deste.');
insert into opcoes (num_exame, num_questao, letra_opcao, texto)
values(11, 7, 'C', 'entender-se com as partes na presença de autoridade sem necessidade de comunicação ao ex adverso.');
insert into opcoes (num_exame, num_questao, letra_opcao, texto)
values(11, 7, 'D', 'participar de campanhas de conciliação e, caso infrutíferas, tentar o acordo extrajudicial diretamente com a parte contrária.');
insert into questoes (num_exame, num_questao, enunciado, opcao_correta)
values(11, 8, 'Walter é advogado com atuação no Estado W e foi surpreendido pela acusação de participar de evento criminoso, tendo sido decretada sua prisão cautelar, por ordem judicial. Com relação ao caso relatado, nos termos do Estatuto da Advocacia, assinale a afirmativa correta.', 'A');
insert into opcoes (num_exame, num_questao, letra_opcao, texto)
values(11, 8, 'A', 'O advogado deve ser apresentado ao Presidente da Seccional da OAB ou ao seu representante.');
insert into opcoes (num_exame, num_questao, letra_opcao, texto)
values(11, 8, 'B', 'O advogado ficará preso em sala de Estado-Maior ou equivalente até o final do processo.');
insert into opcoes (num_exame, num_questao, letra_opcao, texto)
values(11, 8, 'C', 'O advogado ficará restrito à sua residência, em prisão domiciliar, até reunião da seccional da OAB.');
insert into opcoes (num_exame, num_questao, letra_opcao, texto)
values(11, 8, 'D', 'O advogado sofrerá punição disciplinar pelo fato de estar respondendo a processo criminal.');
insert into questoes (num_exame, num_questao, enunciado, opcao_correta)
values(11, 9, 'Úrsula, advogada com larga experiência profissional, necessita atualizar o seu arquivo de causas. Assim, requer o desarquivamento de determinados autos processuais de processo findo de um cliente, que tramitou sob sigilo, mas de época anterior à sua atuação. Ao dirigir-se ao cartório judicial, é surpreendida pela exigência de procuração com poderes especiais para retirar os autos. Nos termos do Estatuto da Advocacia, é direito do advogado retirar autos de processos findos', 'A');
insert into opcoes (num_exame, num_questao, letra_opcao, texto)
values(11, 9, 'A', 'com procuração, inseridos poderes gerais, pelo prazo de cinco dias.');
insert into opcoes (num_exame, num_questao, letra_opcao, texto)
values(11, 9, 'B', 'com procuração, com poderes especiais, pelo prazo de quinze dias.');
insert into opcoes (num_exame, num_questao, letra_opcao, texto)
values(11, 9, 'C', 'sem procuração, com autorização do escrivão do cartório, pelo prazo de dez dias.');
insert into opcoes (num_exame, num_questao, letra_opcao, texto)
values(11, 9, 'D', 'sem procuração, pelo prazo de dez dias.');
insert into questoes (num_exame, num_questao, enunciado, opcao_correta)
values(11, 10, 'Ferrari é aluno destacado no curso de Direito, tendo, no decorrer dos anos, conseguido vários títulos universitários, dentre eles, medalhas e certificados. Indicado para representar a Universidade em que estudou, foi premiado em evento internacional sobre arbitragem. A repercussão desse fato aumentou seu prestígio e, por isso, recebeu numerosos convites para trabalhar em diversos escritórios de advocacia. Aceito o convite de um deles, passou a redigir minutas de contratos, sempre com supervisão de um advogado. Após um ano de estágio, conquistou a confiança dos advogados do seu setor e passou a ter autonomia cada vez maior. Diante dessas circunstâncias, passou a chancelar contratos sem a interferência de advogado. Nos termos do Estatuto da Advocacia, o estagiário deve atuar', 'A');
insert into opcoes (num_exame, num_questao, letra_opcao, texto)
values(11, 10, 'A', 'autonomamente, após um ano de estágio.');
insert into opcoes (num_exame, num_questao, letra_opcao, texto)
values(11, 10, 'B', 'conjuntamente com um advogado, em todos os atos da advocacia.');
insert into opcoes (num_exame, num_questao, letra_opcao, texto)
values(11, 10, 'C', 'autonomamente, em alguns atos permitidos pelo advogado.');
insert into opcoes (num_exame, num_questao, letra_opcao, texto)
values(11, 10, 'D', 'vinculado ao advogado em atos judiciais, mas não em atos contratuais.');
insert into questoes (num_exame, num_questao, enunciado, opcao_correta)
values(11, 11, 'Considere a seguinte afirmação de Aristóteles: “Temos pois definido o justo e o injusto. Após distingui-los assim um do outro, é evidente que a ação justa é intermediária entre o agir injustamente e o ser vítima da injustiça; pois um deles é ter demais e o outro é ter demasiado pouco.” (Aristóteles. Ética a Nicômaco. Coleção Os Pensadores. São Paulo: Abril Cultural, 1973, p. 329.) De efeito, é correto concluir que para Aristóteles a justiça deve sempre ser entendida como', 'A');
insert into opcoes (num_exame, num_questao, letra_opcao, texto)
values(11, 11, 'A', 'produto da legalidade, pois o homem probo é o homem justo.');
insert into opcoes (num_exame, num_questao, letra_opcao, texto)
values(11, 11, 'B', 'espécie de meio termo.');
insert into opcoes (num_exame, num_questao, letra_opcao, texto)
values(11, 11, 'C', 'relação de igualdade aritmética.');
insert into opcoes (num_exame, num_questao, letra_opcao, texto)
values(11, 11, 'D', 'ação natural imutável.');
insert into questoes (num_exame, num_questao, enunciado, opcao_correta)
values(11, 12, 'Boa parte da doutrina jusfilosófica contemporânea associa a ideia de Direito ao conceito de razão prática ou sabedoria prática. Assinale a alternativa que apresenta o conceito correto de razão prática.', 'A');
insert into opcoes (num_exame, num_questao, letra_opcao, texto)
values(11, 12, 'A', 'Uma forma de conhecimento científico (episteme) capaz de distinguir entre o verdadeiro e o falso.');
insert into opcoes (num_exame, num_questao, letra_opcao, texto)
values(11, 12, 'B', 'Uma técnica (techne) capaz de produzir resultados universalmente corretos e desejados.');
insert into opcoes (num_exame, num_questao, letra_opcao, texto)
values(11, 12, 'C', 'A manifestação de uma opinião (doxa) qualificada ou ponto de vista específico de um agente diante de um tema específico.');
insert into opcoes (num_exame, num_questao, letra_opcao, texto)
values(11, 12, 'D', 'A capacidade de bem deliberar (phronesis) a respeito de bens ou questões humanas.');
insert into questoes (num_exame, num_questao, enunciado, opcao_correta)
values(11, 13, 'Acerca da disciplina constitucional do direito à educação, assinale a afirmativa correta.', 'A');
insert into opcoes (num_exame, num_questao, letra_opcao, texto)
values(11, 13, 'A', 'Os municípios atuarão prioritariamente na prestação do ensino fundamental e médio.');
insert into opcoes (num_exame, num_questao, letra_opcao, texto)
values(11, 13, 'B', 'Na prestação do ensino fundamental, além da utilização obrigatória da língua portuguesa, é assegurada às comunidades indígenas a utilização de suas línguas maternas.');
insert into opcoes (num_exame, num_questao, letra_opcao, texto)
values(11, 13, 'C', 'É permitido às universidades admitir professores estrangeiros, na forma da lei, mas é expressamente vedada a admissão de técnicos e de pesquisadores estrangeiros.');
insert into opcoes (num_exame, num_questao, letra_opcao, texto)
values(11, 13, 'D', 'O ensino é livre à iniciativa privada, independente de autorização e da avaliação de sua qualidade pelo Poder Público.');
insert into questoes (num_exame, num_questao, enunciado, opcao_correta)
values(11, 14, 'Assinale a alternativa que completa corretamente o fragmento a seguir. A desapropriação para fins de reforma agrária ocorre mediante prévia e justa indenização', 'A');
insert into opcoes (num_exame, num_questao, letra_opcao, texto)
values(11, 14, 'A', 'em dinheiro, incluindo-se as benfeitorias úteis e necessárias.');
insert into opcoes (num_exame, num_questao, letra_opcao, texto)
values(11, 14, 'B', 'em dinheiro, mas as benfeitorias não são passíveis de indenização.');
insert into opcoes (num_exame, num_questao, letra_opcao, texto)
values(11, 14, 'C', 'em títulos da dívida agrária, incluindo-se as benfeitorias úteis e necessárias.');
insert into opcoes (num_exame, num_questao, letra_opcao, texto)
values(11, 14, 'D', 'em títulos da dívida agrária, mas as benfeitorias úteis e necessárias serão indenizadas em dinheiro.');
insert into questoes (num_exame, num_questao, enunciado, opcao_correta)
values(11, 15, 'Após reiteradas decisões sobre determinada matéria, o Supremo Tribunal Federal (STF) aprovou enunciado de Súmula Vinculante determinando que “é inconstitucional lei ou ato normativo estadual ou distrital que disponha sobre sistemas de consórcios e sorteios, inclusive bingos e loterias”. O Estado X, contudo, não concordando com a posição do Supremo Tribunal Federal (STF), edita lei dispondo exatamente sobre os sistemas de consórcios e sorteios em seu território. A partir da situação apresentada, assinale a afirmativa correta.', 'A');
insert into opcoes (num_exame, num_questao, letra_opcao, texto)
values(11, 15, 'A', 'O Supremo Tribunal Federal (STF) poderá, de ofício, declarar a inconstitucionalidade da norma estadual produzida em desconformidade com a Súmula.');
insert into opcoes (num_exame, num_questao, letra_opcao, texto)
values(11, 15, 'B', 'Qualquer cidadão poderá propor a revisão ou o cancelamento de súmula vinculante que, nesse caso, será declarada mediante a decisão de dois terços dos membros do Supremo Tribunal Federal (STF).');
insert into opcoes (num_exame, num_questao, letra_opcao, texto)
values(11, 15, 'C', 'É cabível reclamação perante o Supremo Tribunal Federal (STF) para questionar a validade da lei do Estado X que dispõe sobre os sistemas de consórcios e sorteios em seu território.');
insert into opcoes (num_exame, num_questao, letra_opcao, texto)
values(11, 15, 'D', 'A súmula possui efeitos vinculantes em relação aos órgãos do Poder Judiciário e à Administração Pública direta e indireta, nas esferas federal, estadual e municipal, mas não vincula o Poder Legislativo na sua atividade legiferante.');
insert into questoes (num_exame, num_questao, enunciado, opcao_correta)
values(11, 16, '“M” vem desrespeitando o zoneamento estipulado pelo Município X em seu plano diretor, uma vez que mantém, com nítido caráter de especulação, terreno não utilizado em área residencial. Assinale a alternativa que indica medida que o Município X pode tomar para que “M” utilize adequadamente seu terreno.', 'A');
insert into opcoes (num_exame, num_questao, letra_opcao, texto)
values(11, 16, 'A', 'Desapropriar o terreno, sem que haja pagamento de indenização.');
insert into opcoes (num_exame, num_questao, letra_opcao, texto)
values(11, 16, 'B', 'Desapropriar o terreno, mediante pagamento de indenização justa, prévia e em dinheiro.');
insert into opcoes (num_exame, num_questao, letra_opcao, texto)
values(11, 16, 'C', 'Determinar edificação compulsória naquele terreno.');
insert into opcoes (num_exame, num_questao, letra_opcao, texto)
values(11, 16, 'D', 'Instituir multa administrativa no patamar de até 100% do valor no IPTU do imóvel.');
insert into questoes (num_exame, num_questao, enunciado, opcao_correta)
values(11, 17, 'No que concerne à reclamação constitucional, assinale a afirmativa correta.', 'A');
insert into opcoes (num_exame, num_questao, letra_opcao, texto)
values(11, 17, 'A', 'A reclamação pode ser utilizada como sucedâneo de recurso, segundo a jurisprudência pacífica do Supremo Tribunal Federal.');
insert into opcoes (num_exame, num_questao, letra_opcao, texto)
values(11, 17, 'B', 'A Súmula do Supremo Tribunal Federal despida de eficácia vinculante é paradigma apto a dar ensejo ao conhecimento da reclamação.');
insert into opcoes (num_exame, num_questao, letra_opcao, texto)
values(11, 17, 'C', 'A reclamação é cabível, ainda que já tenha ocorrido o trânsito em julgado do ato judicial que se alega tenha desrespeitado decisão do Supremo Tribunal Federal.');
insert into opcoes (num_exame, num_questao, letra_opcao, texto)
values(11, 17, 'D', 'A reclamação pode ser utilizada tanto para a preservação da competência do Supremo Tribunal Federal quanto do Superior Tribunal de Justiça.');
insert into questoes (num_exame, num_questao, enunciado, opcao_correta)
values(11, 18, 'Em atenção às recentes manifestações populares, fora noticiado na TV que determinados deputados estaduais de dado Estado da Federação estavam utilizando a verba do orçamento destinada à saúde para proveito próprio. Marcos, cidadão brasileiro, insatisfeito com a notícia e de posse de documentação que denota indícios de lesão ao patrimônio de seu Estado, ajuíza Ação Popular no Juízo competente em face dos aludidos deputados e do Estado. Em atenção ao disciplinado na Lei n. 4.717/65, que trata da Ação Popular, assinale a alternativa incorreta.', 'A');
insert into opcoes (num_exame, num_questao, letra_opcao, texto)
values(11, 18, 'A', 'Marta, cidadã brasileira, residente e domiciliada no mesmo Estado, pode habilitar-se como litisconsorte de Marcos.');
insert into opcoes (num_exame, num_questao, letra_opcao, texto)
values(11, 18, 'B', 'Na mesma linha da ação de Mandado de Segurança, o direito de ajuizá-la decai em 5 (cinco) anos.');
insert into opcoes (num_exame, num_questao, letra_opcao, texto)
values(11, 18, 'C', 'O Estado, a juízo de seu representante legal, em se afigurando útil ao interesse público, poderá atuar ao lado de Marcos na condução da ação.');
insert into opcoes (num_exame, num_questao, letra_opcao, texto)
values(11, 18, 'D', 'Sendo julgada improcedente a ação movida por Marcos, poderá este recorrer, além do Ministério Público e qualquer outro cidadão.');
insert into questoes (num_exame, num_questao, enunciado, opcao_correta)
values(11, 19, 'A Ação Direta de Inconstitucionalidade, a Ação Declaratória de Constitucionalidade e a Ação Direta de Inconstitucionalidade por Omissão estão regulamentadas no âmbito infraconstitucional pela lei 9.868/99, que dispõe sobre o processo e julgamento destas ações perante o Supremo Tribunal Federal. Tomando por base o constante na referida lei, assinale a alternativa incorreta.', 'A');
insert into opcoes (num_exame, num_questao, letra_opcao, texto)
values(11, 19, 'A', 'Podem propor a Ação Direta de Inconstitucionalidade por Omissão os mesmos legitimados para propositura da Ação Direta de Inconstitucionalidade e da Ação Declaratória de Constitucionalidade.');
insert into opcoes (num_exame, num_questao, letra_opcao, texto)
values(11, 19, 'B', 'Cabe no âmbito da Ação Declaratória de Constitucionalidade a concessão de medida cautelar.');
insert into opcoes (num_exame, num_questao, letra_opcao, texto)
values(11, 19, 'C', 'As decisões proferidas em Ação Direta de Inconstitucionalidade e em Ação Declaratória de Constitucionalidade possuem o chamado efeito dúplice.');
insert into opcoes (num_exame, num_questao, letra_opcao, texto)
values(11, 19, 'D', 'Enquanto a Ação Direta de Inconstitucionalidade e a Ação Declaratória de Constitucionalidade não admitem desistência, a Ação Direta de Inconstitucionalidade por Omissão admite a desistência a qualquer tempo.');
insert into questoes (num_exame, num_questao, enunciado, opcao_correta)
values(11, 20, 'Após interpor uma denúncia por violação de direitos humanos contra um Estado membro da Organização dos Estados Americanos, o cidadão “X” espera que, dentre outras possibilidades, a Comissão Interamericana de Direitos Humanos recomende', 'A');
insert into opcoes (num_exame, num_questao, letra_opcao, texto)
values(11, 20, 'A', 'o pagamento de indenização por danos materiais e morais ao cidadão “X”, mas não poderá recomendar a introdução de mudanças em seu ordenamento jurídico.');
insert into opcoes (num_exame, num_questao, letra_opcao, texto)
values(11, 20, 'B', 'a suspensão imediata dos atos que causam violação de direitos humanos, mas não poderá exigir que “X” receba indenização pecuniária pelos danos sofridos.');
insert into opcoes (num_exame, num_questao, letra_opcao, texto)
values(11, 20, 'C', 'a introdução de mudanças no ordenamento jurídico, podendo cumular tal ato com outras medidas, tais como a reparação dos danos sofridos por “X”.');
insert into opcoes (num_exame, num_questao, letra_opcao, texto)
values(11, 20, 'D', 'a invesVgação e a punição dos responsáveis pela violação, mas não poderá tentar uma solução amistosa com o Estado, uma vez que protocolada a denúncia, ela deverá ser investigada e, caso comprovada, a punição será necessariamente imposta pela Comissão.');
insert into questoes (num_exame, num_questao, enunciado, opcao_correta)
values(11, 21, 'Em 11 de abril de 2011 passou a vigorar na França uma lei que proíbe o uso, nos espaços públicos, da burca e do niqab, véus que cobrem totalmente os rostos das mulheres e que, para algumas correntes da cultura muçulmana, são de uso obrigatório. Essa situação se insere no polêmico debate acerca da universalidade ou da relatividade cultural dos direitos humanos. Em relação a esse debate, assinale a afirmativa correta.', 'A');
insert into opcoes (num_exame, num_questao, letra_opcao, texto)
values(11, 21, 'A', 'Os defensores do relativismo cultural são a favor da lei uma vez que ela, ao proibir o uso da burca e do niqab, permite a livre manifestação de todas as religiões.');
insert into opcoes (num_exame, num_questao, letra_opcao, texto)
values(11, 21, 'B', 'Os defensores da universalidade dos direitos humanos são a favor da lei com o argumento de que todas as culturas devem preservar a igualdade entre os sexos e a burca e o niqab são instrumentos de opressão da mulher.');
insert into opcoes (num_exame, num_questao, letra_opcao, texto)
values(11, 21, 'C', 'Os defensores do relativismo cultural são contra a lei porque ela viola o princípio básico de que os direitos humanos se aplicam igualmente a todas as culturas.');
insert into opcoes (num_exame, num_questao, letra_opcao, texto)
values(11, 21, 'D', 'Os defensores da universalidade dos direitos humanos são contra a lei, alegando que ela viola o direito à liberdade religiosa.');
insert into questoes (num_exame, num_questao, enunciado, opcao_correta)
values(11, 22, '“Ninguém poderá ser detido, preso ou despojado dos seus bens, costumes e liberdades, senão em virtude de julgamento de seus pares, segundo as leis do país.” O texto transcrito é um trecho da Magna Carta, proclamada na Inglaterra, no ano de 1215. Esse importante documento é apontado como um marco na afirmação histórica dos direitos humanos, dentre outras razões, porque', 'A');
insert into opcoes (num_exame, num_questao, letra_opcao, texto)
values(11, 22, 'A', 'consolida os direitos civis e políticos e os econômicos e sociais.');
insert into opcoes (num_exame, num_questao, letra_opcao, texto)
values(11, 22, 'B', 'é origem daquilo que na modernidade ficou conhecido como devido processo legal.');
insert into opcoes (num_exame, num_questao, letra_opcao, texto)
values(11, 22, 'C', 'representa um marco jurídico político que estabeleceu uma nova ordem social na Inglaterra, tendo sido respeitada por todos os governos seguintes.');
insert into opcoes (num_exame, num_questao, letra_opcao, texto)
values(11, 22, 'D', 'institui e oficializa o direito ao habeas corpus.');
insert into questoes (num_exame, num_questao, enunciado, opcao_correta)
values(11, 23, 'Diante de uma sentença desfavorável não unânime da Corte Interamericana de Direitos Humanos, que lhe condenou ao pagamento de determinada quantia em dinheiro, pretende a República Federativa do Brasil insurgir-se contra a mesma. A partir da hipótese sugerida, assinale a afirmativa correta.', 'A');
insert into opcoes (num_exame, num_questao, letra_opcao, texto)
values(11, 23, 'A', 'A sentença da Corte pode ser modificada mediante recurso de embargos infringentes, diante da falta de unanimidade da decisão a ser hostilizada.');
insert into opcoes (num_exame, num_questao, letra_opcao, texto)
values(11, 23, 'B', 'A sentença da Corte somente pode ser modificada por intermédio de uma ação rescisória..');
insert into opcoes (num_exame, num_questao, letra_opcao, texto)
values(11, 23, 'C', 'A sentença da Corte é definitiva e inapelável.');
insert into opcoes (num_exame, num_questao, letra_opcao, texto)
values(11, 23, 'D', 'A sentença da Corte pode ser modificada graças a um recurso de apelação.');
insert into questoes (num_exame, num_questao, enunciado, opcao_correta)
values(11, 24, 'A respeito dos mecanismos de solução pacífica de controvérsias no sistema internacional, assinale a afirmativa correta.', 'A');
insert into opcoes (num_exame, num_questao, letra_opcao, texto)
values(11, 24, 'A', 'O Tribunal Permanente de Revisão do MERCOSUL tem como base jurídica o Protocolo de Olivos e tem como competência resolver litígios dentro do sistema regional de integração, proferir pareceres consultivos e editar medidas excepcionais e de urgência.');
insert into opcoes (num_exame, num_questao, letra_opcao, texto)
values(11, 24, 'B', 'Os Estados possuem capacidade postulatória para solicitar pareceres consultivos perante a Corte Internacional de Justiça (CIJ).');
insert into opcoes (num_exame, num_questao, letra_opcao, texto)
values(11, 24, 'C', 'A Organização Mundial do Comércio (OM');
insert into opcoes (num_exame, num_questao, letra_opcao, texto)
values(11, 24, 'C', 'não abre a possibilidade de participação de atores privados no contencioso, como amici curiae.');
insert into questoes (num_exame, num_questao, enunciado, opcao_correta)
values(11, 25, 'Assinale a alternativa que indica os impostos cujas alíquotas podem ser majoradas por ato do Poder Executivo, observados os parâmetros legais.', 'A');
insert into opcoes (num_exame, num_questao, letra_opcao, texto)
values(11, 25, 'A', 'Imposto de Renda (IR), Imposto sobre Operações Financeiras (IOF) e Imposto sobre a Propriedade Territorial Rural (ITR).');
insert into opcoes (num_exame, num_questao, letra_opcao, texto)
values(11, 25, 'B', 'Imposto sobre a Importação (II), Imposto sobre a Exportação (IE) e Imposto sobre Grandes Fortunas (IGF).');
insert into opcoes (num_exame, num_questao, letra_opcao, texto)
values(11, 25, 'C', 'Imposto de Renda (IR) Imposto sobre a Propriedade Territorial Rural (ITR) e Imposto sobre Grandes Fortunas (IGF).');
insert into opcoes (num_exame, num_questao, letra_opcao, texto)
values(11, 25, 'D', 'Imposto sobre Produtos Industrializados (IPI), Imposto sobre Operações Financeiras (IOF) e Imposto sobre a Importação (II).');
insert into questoes (num_exame, num_questao, enunciado, opcao_correta)
values(11, 26, 'Determinada editora de livros, revistas e outras publicações foi autuada pela fiscalização de certo Estado, onde mantém a sede da sua indústria gráfica, pela falta de recolhimento de ICMS incidente sobre álbum de figurinhas. Nessa linha, à luz do entendimento do STF sobre a matéria em pauta, tal cobrança é', 'A');
insert into opcoes (num_exame, num_questao, letra_opcao, texto)
values(11, 26, 'A', 'inconstitucional, por força da aplicação da isenção tributária.');
insert into opcoes (num_exame, num_questao, letra_opcao, texto)
values(11, 26, 'B', 'inconstitucional, por força da aplicação da imunidade tributária.');
insert into opcoes (num_exame, num_questao, letra_opcao, texto)
values(11, 26, 'C', 'constitucional, por força da inaplicabilidade da imunidade tributária.');
insert into opcoes (num_exame, num_questao, letra_opcao, texto)
values(11, 26, 'D', 'inconstitucional, por estar o referido tributo adstrito à competência tributária da União Federal.');
insert into questoes (num_exame, num_questao, enunciado, opcao_correta)
values(11, 27, 'A remuneração que os Municípios pagam a seus servidores está sujeita à incidência do Imposto sobre a Renda retido na fonte (IR-Fonte). Assinale a alternativa que indica o ente público ao qual pertence o produto da arrecadação do IR- Fonte nesse caso específico.', 'A');
insert into opcoes (num_exame, num_questao, letra_opcao, texto)
values(11, 27, 'A', 'Ao Município que efetua o pagamento da remuneração.');
insert into opcoes (num_exame, num_questao, letra_opcao, texto)
values(11, 27, 'B', 'À União.');
insert into opcoes (num_exame, num_questao, letra_opcao, texto)
values(11, 27, 'C', 'Ao Estado em que está situado o Município que efetua o pagamento da remuneração.');
insert into opcoes (num_exame, num_questao, letra_opcao, texto)
values(11, 27, 'D', 'Metade à União e metade ao Município que efetua o pagamento da remuneração.');
insert into questoes (num_exame, num_questao, enunciado, opcao_correta)
values(11, 28, 'Com relação ao Imposto sobre a Propriedade de Veículos Automotores (IPVA), assinale a afirmativa correta.', 'A');
insert into opcoes (num_exame, num_questao, letra_opcao, texto)
values(11, 28, 'A', 'É instituído pela União e repartido com o Estado em que tenha sido licenciado o veículo.');
insert into opcoes (num_exame, num_questao, letra_opcao, texto)
values(11, 28, 'B', 'É instituído pelo Estado e repartido com o Município em que tenha sido licenciado o veículo.');
insert into opcoes (num_exame, num_questao, letra_opcao, texto)
values(11, 28, 'C', 'É instituído pelo Estado em que tenha sido licenciado o veículo, que ficará com a integralidade do produto da arrecadação.');
insert into opcoes (num_exame, num_questao, letra_opcao, texto)
values(11, 28, 'D', 'É instituído pelo Município em que tenha sido licenciado o veículo, que ficará com a integralidade do produto da arrecadação.');
insert into questoes (num_exame, num_questao, enunciado, opcao_correta)
values(11, 29, 'Determinada entidade de formação profissional, integrante dos chamados Serviços Sociais Autônomos (também conhecidos como “Sistema S”), foi, recentemente, questionada sobre a realização de uma compra sem prévia licitação. Assinale a alternativa que indica a razão do questionamento.', 'A');
insert into opcoes (num_exame, num_questao, letra_opcao, texto)
values(11, 29, 'A', 'Tais entidades, vinculadas aos chamados serviços sociais autônomos, integram a Administração Pública.');
insert into opcoes (num_exame, num_questao, letra_opcao, texto)
values(11, 29, 'B', 'Tais entidades, apesar de não integrarem a Administração Pública, são dotadas de personalidade jurídica de direito público.');
insert into opcoes (num_exame, num_questao, letra_opcao, texto)
values(11, 29, 'C', 'Tais entidades desempenham, por concessão, serviço público de interesse coletivo.');
insert into opcoes (num_exame, num_questao, letra_opcao, texto)
values(11, 29, 'D', 'Tais entidades são custeadas, em parte, com contribuições compulsórias cobradas sobre a folha de salários.');
insert into questoes (num_exame, num_questao, enunciado, opcao_correta)
values(11, 30, 'Em um pregão presencial promovido pela União, foram abertas as propostas de preço, constatando-se que o licitante “M” ofereceu preço de R$ 10.000,00; “N”, o preço de R$ 10.001,00; “O” ofertou R$ 10.150,00; “P”, o preço de R$ 10.500,00; “Q” apresentou proposta de R$ 10.999,99 e “R”, por fim, ofereceu R$ 12.000,00. Diante da hipótese sugerida, assinale a afirmativa correta.', 'A');
insert into opcoes (num_exame, num_questao, letra_opcao, texto)
values(11, 30, 'A', 'Devem ser classificados para a fase de lances verbais os licitantes “M”, “N”, “O”, “P” e “Q”, uma vez que ofereceram a proposta mais baixa e as propostas com preço até dez por cento superiores àquela.');
insert into opcoes (num_exame, num_questao, letra_opcao, texto)
values(11, 30, 'B', 'Para a fase de lances verbais, somente devem ser classificados os licitantes “M”, “N”, “O” e “P”, uma vez que ofereceram a proposta mais baixa e as três outras melhores propostas.');
insert into opcoes (num_exame, num_questao, letra_opcao, texto)
values(11, 30, 'C', 'Todos os licitantes devem ser classificados para a próxima fase, uma vez que restringir a participação de algum deles significaria ofensa ao caráter competitivo da licitação.');
insert into opcoes (num_exame, num_questao, letra_opcao, texto)
values(11, 30, 'D', 'A Administração deve realizar média de todos os preços ofertados e poderão participar da fase seguinte os licitantes com propostas inferiores a esta média e aqueles que aceitarem reduzir seu preço para este limite.');
insert into questoes (num_exame, num_questao, enunciado, opcao_correta)
values(11, 31, 'Após regular procedimento de desapropriação, fundado no Decreto Lei n. 3.365/41, um Estado da Federação assume o domínio do imóvel anteriormente titularizado por Gilberto. A desapropriação foi realizada com a finalidade de construir uma escola pública no local (Art. 5º, ‘m’, do Decreto Lei n. 3.365 / 41). No entanto, após algum tempo, Gilberto descobre que a utilização do imóvel foi transferida, sem qualquer formalidade, ao diretório regional do partido do governador do Estado. Indignado com a situação, Gilberto procura um advogado para orientá-lo. Nesse caso, assinale a afirmativa que indica o correto esclarecimento a ser dado pelo advogado.', 'A');
insert into opcoes (num_exame, num_questao, letra_opcao, texto)
values(11, 31, 'A', 'A conduta do Estado não é vedada pelo ordenamento jurídico, não obstante a destinação diversa dada ao imóvel.');
insert into opcoes (num_exame, num_questao, letra_opcao, texto)
values(11, 31, 'B', 'A conduta do Estado não é passível de controle judicial, porque diz respeito ao mérito administrativo, o que é vedado segundo nosso ordenamento jurídico.');
insert into opcoes (num_exame, num_questao, letra_opcao, texto)
values(11, 31, 'C', 'Uma demanda judicial deve ser ajuizada, visando declarar a nulidade do ato de desapropriação ao argumento de ocorrência de tredestinação ilícita.');
insert into opcoes (num_exame, num_questao, letra_opcao, texto)
values(11, 31, 'D', 'O ato não pode ser invalidado judicialmente, somente restando a Gilberto ajuizar uma demanda, postulando reparação pelos danos materiais e morais sofridos.');
insert into questoes (num_exame, num_questao, enunciado, opcao_correta)
values(11, 32, 'Atendendo a uma série de denúncias feitas por particulares, a Delegacia de Defesa do Consumidor (DECON) deflagra uma operação, visando a apurar as condições dos alimentos fornecidos em restaurantes da região central da capital. Logo na primeira inspeção, os fiscais constataram que o estoque de um restaurante tinha produtos com a validade vencida. Na inspeção das instalações da cozinha, apuraram que o espaço não tinha condições sanitárias mínimas para o manejo de alimentos e o preparo de refeições. Os produtos vencidos foram apreendidos e o estabelecimento foi interditado, sem qualquer decisão prévia do Poder Judiciário. Assinale a alternativa que indica o atributo do poder de polícia que justifica as medidas tomadas pela DECON.', 'A');
insert into opcoes (num_exame, num_questao, letra_opcao, texto)
values(11, 32, 'A', 'Coercibilidade.');
insert into opcoes (num_exame, num_questao, letra_opcao, texto)
values(11, 32, 'B', 'Inexigibilidade.');
insert into opcoes (num_exame, num_questao, letra_opcao, texto)
values(11, 32, 'C', 'Autoexecutoriedade.');
insert into opcoes (num_exame, num_questao, letra_opcao, texto)
values(11, 32, 'D', 'Discricionariedade.');
insert into questoes (num_exame, num_questao, enunciado, opcao_correta)
values(11, 33, 'Um empregado público de uma sociedade de economia mista ajuizou uma ação para garantir o recebimento de valores acima do teto remuneratório constitucional, que tem como limite máximo os subsídios pagos aos Ministros do STF. Nesse caso, é correto afirmar que', 'A');
insert into opcoes (num_exame, num_questao, letra_opcao, texto)
values(11, 33, 'A', 'o empregado tem direito a receber acima do teto, pois somente a administração pública direta está sujeita à referida limitação.');
insert into opcoes (num_exame, num_questao, letra_opcao, texto)
values(11, 33, 'B', 'o empregado não tem direito a receber acima do teto, pois toda a administração direta e indireta está sujeita à referida limitação.');
insert into opcoes (num_exame, num_questao, letra_opcao, texto)
values(11, 33, 'C', 'o empregado tem direito a receber acima do teto, pois somente a administração pública direta e as autarquias estão sujeitas à referida limitação.');
insert into opcoes (num_exame, num_questao, letra_opcao, texto)
values(11, 33, 'D', 'o empregado pode receber acima do teto, caso a sociedade de economia mista não receba recursos de nenhum ente federativo para despesas de pessoal ou de custeio em geral.');
insert into questoes (num_exame, num_questao, enunciado, opcao_correta)
values(11, 34, 'Determinada construtora sagra-se vencedora numa licitação para a reforma do hall de acesso de uma autarquia estadual. O contrato foi assinado no dia 30 de abril, com duração até 30 de outubro daquele mesmo ano. Iniciada a execução do contrato, a Administração constata a necessidade de alteração no projeto original, a fim de incluir uma rampa de acesso para deficientes físicos. Com base na hipótese sugerida, assinale a afirmativa correta.', 'A');
insert into opcoes (num_exame, num_questao, letra_opcao, texto)
values(11, 34, 'A', 'A alteração do projeto, pela Administração, autoriza a recomposição do equilíbrio econômico-financeiro, mas não a prorrogação do prazo de entrega da obra.');
insert into opcoes (num_exame, num_questao, letra_opcao, texto)
values(11, 34, 'B', 'A alteração do projeto, pela Administração, autoriza a recomposição do equilíbrio econômico-financeiro e também a prorrogação do prazo de entrega da obra.');
insert into opcoes (num_exame, num_questao, letra_opcao, texto)
values(11, 34, 'C', 'Os concorrentes que perderam a licitação podem questionar a validade da alteração, exigindo a realização de novo procedimento licitatório para a totalidade da obra.');
insert into opcoes (num_exame, num_questao, letra_opcao, texto)
values(11, 34, 'D', 'Os concorrentes que perderam a licitação podem questionar a validade da alteração, exigindo a realização de novo procedimento licitatório para a construção da rampa de acesso para deficientes físicos.');
insert into questoes (num_exame, num_questao, enunciado, opcao_correta)
values(11, 35, 'Técnicos do IBAMA, autarquia federal, verificaram que determinada unidade industrial, licenciada pelo Estado no qual está localizada, está causando degradação ambiental significativa, vindo a lavrar auto de infração pelos danos cometidos. Sobre o caso apresentado e aplicando as regras de licenciamento e fiscalização ambiental previstas na Lei Complementar n. 140/2011, assinale a afirmativa correta.', 'A');
insert into opcoes (num_exame, num_questao, letra_opcao, texto)
values(11, 35, 'A', 'Há irregularidade no licenciamento ambiental, uma vez que em se tratando de atividade que cause degradação ambiental significativa, o mesmo deveria ser realizado pela União.');
insert into opcoes (num_exame, num_questao, letra_opcao, texto)
values(11, 35, 'B', 'É ilegal a fiscalização realizada pelo IBAMA, que só pode exercer poder de polícia de atividades licenciadas pela União, em sendo a atividade regularmente licenciada pelo Estado.');
insert into opcoes (num_exame, num_questao, letra_opcao, texto)
values(11, 35, 'C', 'É possível a fiscalização do IBAMA o qual pode, inclusive, lavrar auto de infração, que, porém, não prevalecerá caso o órgão estadual de fiscalização também lavre auto de infração.');
insert into opcoes (num_exame, num_questao, letra_opcao, texto)
values(11, 35, 'D', 'Cabe somente à União, no exercício da competência de fiscalização, adotar medidas para evitar danos ambientais iminentes, comunicando imediatamente ao órgão competente, em sendo a atividade licenciada pelo Estado.');
insert into questoes (num_exame, num_questao, enunciado, opcao_correta)
values(11, 36, 'Em determinado Estado da federação é proposta emenda à Constituição, no sentido de submeter todos os Relatório de Impacto Ambiental à comissão permanente da Assembleia Legislativa. Com relação ao caso proposto, assinale a afirmativa correta.', 'A');
insert into opcoes (num_exame, num_questao, letra_opcao, texto)
values(11, 36, 'A', 'Os Relatórios e os Estudos de Impacto Ambiental são realizados exclusivamente pela União, de modo que a Assembleia Legislativa não é competente para analisar os Relatórios.');
insert into opcoes (num_exame, num_questao, letra_opcao, texto)
values(11, 36, 'B', 'A análise e a aprovação de atividade potencialmente causadora de risco ambiental são consubstanciadas no poder de polícia, não sendo possível a análise do Relatório de Impacto Ambiental pelo Poder Legislativo.');
insert into opcoes (num_exame, num_questao, letra_opcao, texto)
values(11, 36, 'C', 'A emenda é constitucional, desde que de iniciativa parlamentar, uma vez que incumbe ao Poder Legislativo a direção superior da Administração Pública, incluindo a análise e a aprovação de atividades potencialmente poluidoras.');
insert into opcoes (num_exame, num_questao, letra_opcao, texto)
values(11, 36, 'D', 'A emenda é constitucional, desde que seja de iniciativa do Governador do Estado, que detém competência privativa para iniciativa de emendas sobre organização administrativa, judiciária, tributária e ambiental do Estado.');
insert into questoes (num_exame, num_questao, enunciado, opcao_correta)
values(11, 37, 'Visando ampliar sua linha de comércio, Mac Geral & Companhia adquiriu de AC Industrial S.A. mil unidades do equipamento destinado à fabricação de churros. Dentre as cláusulas contratuais firmadas pelas partes, fez-se inserir a obrigação de Mac Geral & Companhia realizar o transporte dos equipamentos, exclusivamente e ao preço de R$100,00 por equipamento, por meio de Rota Transportes Ltda., pessoa estranha ao instrumento contratual assinado. Com relação aos contratos civis, assinale a afirmativa incorreta.', 'A');
insert into opcoes (num_exame, num_questao, letra_opcao, texto)
values(11, 37, 'A', 'AC Industrial S.A. poderá exigir de Mac Geral & Companhia o cumprimento da obrigação firmada em favor de Rota Transportes Ltda.');
insert into opcoes (num_exame, num_questao, letra_opcao, texto)
values(11, 37, 'B', 'Ao exigir o cumprimento da obrigação, Rota Transportes Ltda. deverá efetuar o transporte ao preço previamente ajustado pelas partes contratantes.');
insert into opcoes (num_exame, num_questao, letra_opcao, texto)
values(11, 37, 'C', 'Somente Rota Transportes Ltda. poderá exigir o cumprimento da obrigação.');
insert into opcoes (num_exame, num_questao, letra_opcao, texto)
values(11, 37, 'D', 'AC Industrial S/A poderá reservar-se o direito de substituir Rota Transportes Ltda., independentemente de sua anuência ou de Mac Geral & Companhia.');
insert into questoes (num_exame, num_questao, enunciado, opcao_correta)
values(11, 38, 'Diante de chuva forte e inesperada, Márcio constatou a inundação parcial da residência de sua vizinha Bianca, fato este que o levou a contratar serviços de chaveiro, bombeamento d’água e vigilância, de modo a evitar maiores prejuízos materiais até a chegada de Bianca. Utilizando-se do quadro fático fornecido pelo enunciado, assinale a afirmativa correta.', 'A');
insert into opcoes (num_exame, num_questao, letra_opcao, texto)
values(11, 38, 'A', 'A falta de autorização expressa de Bianca a Márcio para a prática dos atos de preservação dos bens autoriza aquela a exigir reparação civil deste.');
insert into opcoes (num_exame, num_questao, letra_opcao, texto)
values(11, 38, 'B', 'Bianca não estará obrigada a adimplir os serviços contratados por Márcio, cabendo a este a quitação dos contratados.');
insert into opcoes (num_exame, num_questao, letra_opcao, texto)
values(11, 38, 'C', 'Se Márcio se fizer substituir por terceiro até a chegada de Bianca, promoverá a cessação de sua responsabilidade transferindo-a ao terceiro substituto.');
insert into opcoes (num_exame, num_questao, letra_opcao, texto)
values(11, 38, 'D', 'Os atos de solidariedade e espontaneidade de Márcio na proteção dos bens de Bianca são capazes de gerar a responsabilidade desta em reembolsar as despesas necessárias efetivadas, acrescidas de juros legais.');
insert into questoes (num_exame, num_questao, enunciado, opcao_correta)
values(11, 39, 'A Lanchonete Mirim celebrou contrato de fornecimento de bebidas com a Distribuidora Céu Azul, ficando ajustada a entrega mensal de 200 latas de refrigerante, com pagamento em 30 dias após a entrega. Para tanto, Luciana, mãe de uma das sócias da lanchonete, sem o conhecimento das sócias da sociedade e de seu marido, celebrou contrato de fiança, por prazo indeterminado, com a distribuidora, a fim de garantir o cumprimento das obrigações assumidas pela lanchonete. Diante desse quadro, assinale a afirmativa correta.', 'A');
insert into opcoes (num_exame, num_questao, letra_opcao, texto)
values(11, 39, 'A', 'Luciana não carece da autorização do cônjuge para celebrar o contrato de fiança com a sociedade Céu Azul, qualquer que seja o regime de bens.');
insert into opcoes (num_exame, num_questao, letra_opcao, texto)
values(11, 39, 'B', 'Pode-se estipular a fiança, ainda que sem o consentimento do devedor ou mesmo contra a sua vontade, sendo sempre por escrito e não se admitindo interpretação extensiva.');
insert into opcoes (num_exame, num_questao, letra_opcao, texto)
values(11, 39, 'C', 'Em caso de dação em pagamento, se a distribuidora vier a perder, por evicção, o bem dado pela lanchonete para pagar o débito, remanesce a obrigação do fiador.');
insert into opcoes (num_exame, num_questao, letra_opcao, texto)
values(11, 39, 'D', 'Luciana não poderá se exonerar, quando lhe convier,da fiança que tiver assinado, ficando obrigada por todos os efeitos da fiança até a extinção do contrato de fornecimento de bebidas.');
insert into questoes (num_exame, num_questao, enunciado, opcao_correta)
values(11, 40, 'A escritura pública, lavrada em notas de tabelião, é documento dotado de fé pública, notadamente no que tange ao fato de o ato de declaração ter sido praticado na presença do tabelião e ter sido feita sua regular anotação em assentos próprios, o que não importa na veracidade quanto ao conteúdo declarado. A respeito desse tema, assinale a afirmativa correta.', 'A');
insert into opcoes (num_exame, num_questao, letra_opcao, texto)
values(11, 40, 'A', 'Aos cônjuges ou à entidade familiar é vedado destinar parte do seu patrimônio para instituir bem de família por escritura pública, cuja forma legal exige testamento.');
insert into opcoes (num_exame, num_questao, letra_opcao, texto)
values(11, 40, 'B', 'A escritura pública é essencial para a validade do pacto antenupcial, devendo ser declarado nulo se não atender à forma exigida por lei.');
insert into opcoes (num_exame, num_questao, letra_opcao, texto)
values(11, 40, 'C', 'A partilha amigável entre herdeiros capazes será feita por termo nos autos do inventário ou por escritura pública, não se admitindo escrito particular, ainda que homologado pelo Juiz.');
insert into opcoes (num_exame, num_questao, letra_opcao, texto)
values(11, 40, 'D', 'A doação será realizada por meio de escritura pública ou instrumento particular, não tendo validade a doação verbal, tendo em vista ser expressamente vedada pela norma.');
insert into questoes (num_exame, num_questao, enunciado, opcao_correta)
values(11, 41, 'O legislador estabeleceu que, salvo se o negócio jurídico impuser forma especial, o fato jurídico poderá ser provado por meio de testemunhas, perícia, confissão, documento e presunção. Partindo do tema meios de provas, e tendo o Código Civil como aporte, assinale a afirmativa correta.', 'A');
insert into opcoes (num_exame, num_questao, letra_opcao, texto)
values(11, 41, 'A', 'Na escritura pública admite-se que, caso o comparecente não saiba escrever, outra pessoa capaz e a seu rogo poderá assiná-la.');
insert into opcoes (num_exame, num_questao, letra_opcao, texto)
values(11, 41, 'B', 'A confissão é revogável mesmo que não decorra de coação e é anulável se resultante de erro de fato.');
insert into opcoes (num_exame, num_questao, letra_opcao, texto)
values(11, 41, 'C', 'A prova exclusivamente testemunhal é admitida, sem exceção, qualquer que seja o valor do negócio jurídico.');
insert into opcoes (num_exame, num_questao, letra_opcao, texto)
values(11, 41, 'D', 'A confissão é pessoal e, portanto, não se admite seja feita por um representante, ainda que respeitados os limites em que este possa vincular o representado.');
insert into questoes (num_exame, num_questao, enunciado, opcao_correta)
values(11, 42, 'Fernanda, mãe da menor Joana, celebrou um acordo na presença do Juiz de Direito para que Arnaldo, pai de Joana, pague, mensalmente, 20% (vinte por cento) de 01 (um) salário mínimo a título de alimentos para a menor. O Juiz homologou por sentença tal acordo, apesar de a necessidade de Joana ser maior do que a verba fixada, pois não existiam condições materiais para a majoração da pensão em face das possibilidades do devedor. Após um mês, Fernanda tomou conhecimento que Arnaldo trocou seu emprego por outro com salário maior e procurou seu advogado para saber da possibilidade de rever o valor dos alimentos fixados em sentença transitada em julgado. Analisando o caso concreto, assinale a afirmativa correta.', 'A');
insert into opcoes (num_exame, num_questao, letra_opcao, texto)
values(11, 42, 'A', 'Não é possível rever o valor dos alimentos fixados, pois o mesmo já foi decidido em sentença com trânsito em julgado formal.');
insert into opcoes (num_exame, num_questao, letra_opcao, texto)
values(11, 42, 'B', 'Não é possível rever o valor dos alimentos fixados, pois o mesmo é fruto de acordo celebrado entre as partes e homologado por juiz de direito.');
insert into opcoes (num_exame, num_questao, letra_opcao, texto)
values(11, 42, 'C', 'É possível rever o valor dos alimentos, pois no caso concreto houve mudança do binômio “necessidade x possibilidade”.');
insert into opcoes (num_exame, num_questao, letra_opcao, texto)
values(11, 42, 'D', 'É possível rever o valor dos alimentos, pois o acordo celebrado entre as partes e homologado pelo juiz de direito está abaixo do limite mínimo de 30% (trinta por cento) de 01 (um) salário mínimo, fixado em lei, como mínimo indispensável que uma pessoa deve receber de alimentos.');
insert into questoes (num_exame, num_questao, enunciado, opcao_correta)
values(11, 43, 'Pedro, engenheiro elétrico, mora na cidade do Rio de Janeiro e trabalha na Concessionária Iluminação S.A.. Ele é viúvo e pai de Bruno, de sete anos de idade, que estuda no colégio particular Amarelinho. Há três meses, Pedro celebrou contrato de financiamento para aquisição de um veículo importado, o que comprometeu bastante seu orçamento e, a partir de então, deixou de arcar com o pagamento das mensalidades escolares de Bruno. Por razões de trabalho, Pedro será transferido para uma cidade serrana, no interior do Estado e solicitou ao estabelecimento de ensino o histórico escolar de seu filho, a fim de transferi-lo para outra escola. Contudo, teve seu pedido negado pelo Colégio Amarelinho, sendo a negativa justificada pelo colégio como consequência da sua inadimplência com o pagamento das mensalidades escolares. Para surpresa de Pedro, na mesma semana da negativa, é informado pela diretora do Colégio Amarelinho que seu filho não mais participaria das atividades recreativas diuturnas do colégio, enquanto Pedro não quitar o débito das mensalidades vencidas e não pagas. Com base no caso narrado, assinale a afirmativa correta.', 'A');
insert into opcoes (num_exame, num_questao, letra_opcao, texto)
values(11, 43, 'A', 'O Colégio Amarelinho atua no exercício regular do seu direito de cobrança e, portanto, não age com abuso de direito ao reter o histórico escolar de Bruno, haja vista a comprovada e imotivada inadimplência de Pedro.');
insert into opcoes (num_exame, num_questao, letra_opcao, texto)
values(11, 43, 'B', 'As condutas adotadas pelo Colégio Amarelinho configuram abuso de direito, pois são eticamente reprováveis, mas não configuram atos ilícitos indenizáveis.');
insert into opcoes (num_exame, num_questao, letra_opcao, texto)
values(11, 43, 'C', 'Tanto a retenção do histórico escolar de Bruno, quanto a negativa de participação do aluno nas atividades recreativas do colégio, configuram atos ilícitos objetivos e abusivos, independente da necessidade de provar a intenção dolosa ou culposa na conduta adotada pela diretora do Colégio Amarelinho.');
insert into opcoes (num_exame, num_questao, letra_opcao, texto)
values(11, 43, 'D', 'Para existir obrigação de indenizar do Colégio Amarelinho, com fundamento no abuso de direito, é imprescindível a presença de dolo ou culpa, requisito necessário para caracterizar o comportamento abusivo e o ilícito indenizável.');
insert into questoes (num_exame, num_questao, enunciado, opcao_correta)
values(11, 44, 'A interpretação e aplicação da Lei n. 8.069/90 (Estatuto da Criança e do Adolescente – EC', 'A');
insert into opcoes (num_exame, num_questao, letra_opcao, texto)
values(11, 44, 'A', 'deve perseguir os objetivos de proteção integral e prioritária dos direitos das crianças e dos adolescentes, que deles são titulares. Sobre o tema, assinale a afirmativa correta.');
insert into opcoes (num_exame, num_questao, letra_opcao, texto)
values(11, 44, 'A', 'A aplicação das medidas específicas de proteção previstas pelo ECA pode se dar cumulativamente, devendo a autoridade competente escolher a mais adequada diante das necessidades específicas do destinatário.');
insert into opcoes (num_exame, num_questao, letra_opcao, texto)
values(11, 44, 'B', 'Se Joana, que tem 09 anos, tiver seus direitos violados por ação ou omissão do Estado, serão cabíveis as medidas específicas de proteção previstas pelo ECA que, dependendo das circunstâncias, não deverão ser aplicadas ao mesmo tempo.');
insert into opcoes (num_exame, num_questao, letra_opcao, texto)
values(11, 44, 'C', 'Se Júlio, que tem 09 anos, tiver seus direitos violados por abuso ou omissão dos pais, não serão aplicáveis as medidas específicas de proteção, mas, sim, medidas destinadas aos pais ou responsável, previstas pelo ECA.');
insert into questoes (num_exame, num_questao, enunciado, opcao_correta)
values(11, 45, 'No que se refere aos procedimentos afetos à Justiça da Infância e da Juventude, inclusive os relativos à execução das medidas socioeducativas, assinale a afirmativa correta.', 'A');
insert into opcoes (num_exame, num_questao, letra_opcao, texto)
values(11, 45, 'A', 'Será adotado o sistema recursal do Código de Processo Civil.');
insert into opcoes (num_exame, num_questao, letra_opcao, texto)
values(11, 45, 'B', 'Em todos os recursos, salvo nos embargos de declaração, o prazo para o Ministério Público e para a defesa será sempre de 30 (trinta) dias.');
insert into opcoes (num_exame, num_questao, letra_opcao, texto)
values(11, 45, 'C', 'É exigido o preparo para a interposição dos recursos.');
insert into opcoes (num_exame, num_questao, letra_opcao, texto)
values(11, 45, 'D', 'Os recursos não terão preferência de julgamento, nem dispensarão revisor.');
insert into questoes (num_exame, num_questao, enunciado, opcao_correta)
values(11, 46, 'O Mercado A comercializa o produto desinfetante W, fabricado por “W.Industrial”. O proprietário do Mercado B, que adquiriu tal produto para uso na higienização das partes comuns das suas instalaçãoes, verifica que o volume contido no frasco está em desacordo com as informações do rótulo do produto. Em razão disso, o Mercado B propõe ação judicial em face do Mercado A, invocando a Lei n. 8.078/90 (CDC), arguindo vícios decorrentes de tal disparidade. O Mercado A, em defesa, apontou que se tratava de responsabilidade do fabricante e requereu a extinção do processo. A respeito do caso sugerido, assinale a alternativa correta.', 'A');
insert into opcoes (num_exame, num_questao, letra_opcao, texto)
values(11, 46, 'A', 'O processo merece ser extinto por ilegitimidade passiva.');
insert into opcoes (num_exame, num_questao, letra_opcao, texto)
values(11, 46, 'B', 'O caso versa sobre fato do produto, logo a responsabilidade do réu é subsidiária.');
insert into opcoes (num_exame, num_questao, letra_opcao, texto)
values(11, 46, 'C', 'O processo deve ser extinto, pois o autor não se enquadra na condição de consumidor.');
insert into opcoes (num_exame, num_questao, letra_opcao, texto)
values(11, 46, 'D', 'Trata-se de vício do produto, logo o réu e o fabricante são solidariamente responsáveis.');
insert into questoes (num_exame, num_questao, enunciado, opcao_correta)
values(11, 47, 'Carla ajuizou ação de indenização por danos materiais, morais e estéticos em face do dentista Pedro, lastreada em prova pericial que constatou falha, durante um tratamento de canal, na prestação do serviço odontológico. O referido laudo comprovou a inadequação da terapia dentária adotada, o que resultou na necessidade de extração de três dentes da paciente, sendo que na execução da extração ocorreu fratura da mandíbula de Carla, o que gerou redução óssea e sequelas permanentes, que incluíram assimetria facial. Com base no caso concreto, à luz do Código de Defesa do Consumidor, assinale a afirmativa correta.', 'A');
insert into opcoes (num_exame, num_questao, letra_opcao, texto)
values(11, 47, 'A', 'O dentista Pedro responderá objetivamente pelos danos causados à paciente Carla, em razão do comprovado fato do serviço, no prazo prescricional de cinco anos.');
insert into opcoes (num_exame, num_questao, letra_opcao, texto)
values(11, 47, 'B', 'Haverá responsabilidade de Pedro, independentemente de dolo ou culpa, diante da constatação do vício do serviço, no prazo decadencial de noventa dias.');
insert into opcoes (num_exame, num_questao, letra_opcao, texto)
values(11, 47, 'C', 'A obrigação de indenizar por parte de Pedro é subjetiva e fica condicionada à comprovação de dolo ou culpa.');
insert into opcoes (num_exame, num_questao, letra_opcao, texto)
values(11, 47, 'D', 'Inexiste relação de consumo no caso em questão, pois é uma relação privada, que encerra obrigação de meio pelo profissional liberal, aplicando-se o Código Civil.');
insert into questoes (num_exame, num_questao, enunciado, opcao_correta)
values(11, 48, 'A respeito do capital autorizado, assinale a afirmativa correta.', 'A');
insert into opcoes (num_exame, num_questao, letra_opcao, texto)
values(11, 48, 'A', 'O estatuto pode prever os casos ou as condições em que os acionistas não terão direito de preferência para subscrição.');
insert into opcoes (num_exame, num_questao, letra_opcao, texto)
values(11, 48, 'B', 'A autorização para aumento do capital social pode ser conferida à diretoria da companhia, que pode ser competente para deliberar sobre as emissões.');
insert into opcoes (num_exame, num_questao, letra_opcao, texto)
values(11, 48, 'C', 'O estatuto pode prever a emissão de partes beneficiárias ou bônus de subscrição, dentro do limite do capital autorizado.');
insert into opcoes (num_exame, num_questao, letra_opcao, texto)
values(11, 48, 'D', 'Somente os estatutos de companhias fechadas podem conter autorização para aumento de capital social, independentemente de reforma estatutária.');
insert into questoes (num_exame, num_questao, enunciado, opcao_correta)
values(11, 49, 'Cinco pessoas naturais residentes no município X decidiram constituir uma sociedade cooperativa e procuraram uma advogada para a elaboração do estatuto social. Com base nas disposições para esta espécie societária previstas no Código Civil, é correto afirmar que', 'A');
insert into opcoes (num_exame, num_questao, letra_opcao, texto)
values(11, 49, 'A', 'o estatuto deverá conter cláusula indicativa do valor do capital social, que será fixo durante toda a existência da sociedade.');
insert into opcoes (num_exame, num_questao, letra_opcao, texto)
values(11, 49, 'B', 'aplicam-se às cooperativas as disposições do Código Civil referentes às sociedades anônimas, na omissão da legislação especial.');
insert into opcoes (num_exame, num_questao, letra_opcao, texto)
values(11, 49, 'C', 'os sócios responderão sempre de forma solidária, ilimitada e subsidiária pelas obrigações sociais, por ser a cooperativa uma sociedade de pessoas.');
insert into opcoes (num_exame, num_questao, letra_opcao, texto)
values(11, 49, 'D', 'se a cooperativa possuir capital social, as quotas serão intransferíveis a terceiros estranhos à sociedade, ainda que por direito hereditário.');
insert into questoes (num_exame, num_questao, enunciado, opcao_correta)
values(11, 50, 'Vanderlei de Assis pretende iniciar uma atividade empresarial na cidade de Novo Repartimento. Consulta um advogado para receber esclarecimentos sobre o registro de empresário e os efeitos dele decorrentes, informando que a receita bruta anual prevista para a futura atividade será inferior a R$ 60.000,00 (sessenta mil reais). As informações prestadas abaixo estão corretas, à exceção de uma. Assinale-a.', 'A');
insert into opcoes (num_exame, num_questao, letra_opcao, texto)
values(11, 50, 'A', 'Se no curso da atividade empresarial Vanderlei de Assis vier a admitir algum sócio, poderá solicitar ao Registro Público de Empresas Mercantis a transformação de seu registro de empresário para registro de sociedade empresária.');
insert into opcoes (num_exame, num_questao, letra_opcao, texto)
values(11, 50, 'B', 'Em razão de sua receita bruta anual prevista, Vanderlei poderá solicitar seu enquadramento como microempreendedor individual – MEI, devendo indicar no requerimento a firma individual com a assinatura autógrafa.');
insert into opcoes (num_exame, num_questao, letra_opcao, texto)
values(11, 50, 'C', 'A inscrição de empresário no Registro Público de Empresas Mercantis, embora obrigatória, não é constitutiva para fins de sua caracterização, mas permite usufruir das prerrogativas legais concedidas aos empresários regulares.');
insert into opcoes (num_exame, num_questao, letra_opcao, texto)
values(11, 50, 'D', 'A inscrição do empresário obedecerá ao número de ordem contínuo para todos os empresários inscritos e quaisquer modificações nela ocorrentes serão averbadas à margem, com as mesmas formalidades.');
insert into questoes (num_exame, num_questao, enunciado, opcao_correta)
values(11, 51, 'Uma sociedade empresária atuante no mercado imobiliário, com sede e principal estabelecimento na cidade de Pedro Afonso, obteve concessão de sua recuperação judicial. Diante da necessidade de alienação de bens do ativo permanente, não relacionados previamente no plano de recuperação, foi convocada assembleia geral de credores. A proposta de alienação foi aprovada em razão do voto decisivo da credora Tuntum Imperatriz Representações Ltda., cujo sócio majoritário tem participação de 25% no capital da sociedade recuperanda. Com base nas disposições da Lei n. 11.101/2005 (Lei de Falências e Recuperação Judicial de Empresas), assinale a afirmativa correta.', 'A');
insert into opcoes (num_exame, num_questao, letra_opcao, texto)
values(11, 51, 'A', 'A decisão é nula de pleno direito, pois a pretensão de alienação de bens do ativo permanente, não relacionados no plano, enseja a convolação da recuperação judicial em falência.');
insert into opcoes (num_exame, num_questao, letra_opcao, texto)
values(11, 51, 'B', 'A autorização para a alienação de bens do ativo permanente, não relacionados no plano de recuperação judicial, é uma prerrogativa exclusiva do administrador judicial.');
insert into opcoes (num_exame, num_questao, letra_opcao, texto)
values(11, 51, 'C', 'O voto de Tuntum Imperatriz Representações Ltda. não poderia ter sido considerado para fins de verificação do quorum de instalação e de deliberação da assembleia geral.');
insert into opcoes (num_exame, num_questao, letra_opcao, texto)
values(11, 51, 'D', 'A decisão assemblear é anulável, pois a sociedade Tuntum Imperatriz Representações Ltda. como credora, não poderia ter participado da assembleia geral.');
insert into questoes (num_exame, num_questao, enunciado, opcao_correta)
values(11, 52, 'Um cheque no valor de R$ 3.000,00 (três mil reais) foi sacado em 15 de agosto de 2012, na praça de Santana, Estado do Amapá, para pagamento no mesmo local de emissão. Dez dias após o saque, o beneficiário endossou o título para Ferreira Gomes. Este, no mesmo dia, apresentou o cheque ao sacado para pagamento, mas houve devolução ao apresentante por insuficiência de fundos, mediante declaração do sacado no verso do cheque. Com base nas informações contidas no enunciado e nas disposições da Lei n. 7.357/85 (Lei do Cheque), assinale a afirmativa incorreta.', 'A');
insert into opcoes (num_exame, num_questao, letra_opcao, texto)
values(11, 52, 'A', 'O apresentante, diante da devolução do cheque, deverá levar o título a protesto por falta de pagamento, requisito essencial à propositura da ação executiva em face do endossante.');
insert into opcoes (num_exame, num_questao, letra_opcao, texto)
values(11, 52, 'B', 'O emitente do cheque, durante ou após o prazo de apresentação, poderá fazer sustar seu pagamento mediante aviso escrito dirigido ao sacado, fundado em relevante razão de direito.');
insert into opcoes (num_exame, num_questao, letra_opcao, texto)
values(11, 52, 'C', 'O prazo de apresentação do cheque ao sacado para pagamento é de 30 (trinta) dias, contados da data de emissão, quando o lugar de emissão for o mesmo do de pagamento.');
insert into opcoes (num_exame, num_questao, letra_opcao, texto)
values(11, 52, 'D', 'O portador, apresentado o cheque e não realizado seu pagamento, deverá promover a ação executiva em face do emitente em até 6 (seis) meses após a expiração do prazo de apresentação.');
insert into questoes (num_exame, num_questao, enunciado, opcao_correta)
values(11, 53, 'O arresto e o sequestro constituem procedimentos cautelares específicos. Portanto, constituem medidas concedidas mediante cognição sumária, nas quais o juiz, para a sua concessão, deve verificar a existência de fumus boni iuris e periculum in mora. No que tange a estas medidas cautelares, assinale a afirmativa incorreta.', 'A');
insert into opcoes (num_exame, num_questao, letra_opcao, texto)
values(11, 53, 'A', 'O arresto busca garantir a efetividade da futura execução de pagar quantia certa, consistindo na apreensão de bens indeterminados do patrimônio do devedor.');
insert into opcoes (num_exame, num_questao, letra_opcao, texto)
values(11, 53, 'B', 'No sequestro, considerando que o objetivo é assegurar a entrega de coisa, sempre haverá certeza sobre quem é o dono da coisa. Ou seja, no sequestro a coisa não é e nunca será litigiosa.');
insert into opcoes (num_exame, num_questao, letra_opcao, texto)
values(11, 53, 'C', 'A futura execução garantida pelo sequestro não precisa ser desenvolvida, necessariamente, por meio de processo autônomo, sendo admitida que esta seja desenvolvida através de mera fase procedimental (cumprimento de sentença).');
insert into opcoes (num_exame, num_questao, letra_opcao, texto)
values(11, 53, 'D', 'O sequestro tem por objetivo assegurar a eficácia de futura execução para a entrega de coisa, consistindo na busca e apreensão de determinado bem do patrimônio do requerido.');
insert into questoes (num_exame, num_questao, enunciado, opcao_correta)
values(11, 54, 'A respeito do fenômeno processual do litisconsórcio, que consiste na pluralidade de sujeitos ocupando um ou ambos os polos da relação jurídica para litigar em conjunto no mesmo processo, assinale a afirmativa correta.', 'A');
insert into opcoes (num_exame, num_questao, letra_opcao, texto)
values(11, 54, 'A', 'Não constitui fundamento para a formação de litisconsórcio a ocorrência de afinidade de questões por um ponto em comum de fato ou de direito.');
insert into opcoes (num_exame, num_questao, letra_opcao, texto)
values(11, 54, 'B', 'O juiz poderá limitar o litisconsórcio necessário quanto ao número de litigantes quando este comprometer a rápida solução do litígio ou dificultar a defesa.');
insert into opcoes (num_exame, num_questao, letra_opcao, texto)
values(11, 54, 'C', 'Na sistemática dos Juizados Especiais Cíveis não se admitirá a formação de litisconsórcio como forma de prestigiar uma prestação jurisdicional mais célere e simplificada.');
insert into opcoes (num_exame, num_questao, letra_opcao, texto)
values(11, 54, 'D', 'Quando os litisconsortes tiverem diferentes procuradores, ser-lhes-ão contados em dobro os prazos para contestar, para recorrer e, de modo geral, para falar nos autos.');
insert into questoes (num_exame, num_questao, enunciado, opcao_correta)
values(11, 55, 'No processo de execução, cabe ao credor instruir a petição inicial com o título extrajudicial, com o demonstrativo do crédito atualizado, comprovando tratar-se de crédito líquido, e a prova de que se operou a condição ou termo, tornando-o exigível. Sobre a temática, assinale a afirmativa correta.', 'A');
insert into opcoes (num_exame, num_questao, letra_opcao, texto)
values(11, 55, 'A', 'Na execução por quantia certa com devedor solvente, cabe ao executado indicar os bens a serem penhorados.');
insert into opcoes (num_exame, num_questao, letra_opcao, texto)
values(11, 55, 'B', 'A expropriação segue, necessariamente, a seguinte ordem legal: alienação em hasta pública, alienação por iniciativa particular e adjudicação em favor do exequente.');
insert into opcoes (num_exame, num_questao, letra_opcao, texto)
values(11, 55, 'C', 'O juiz pode determinar de ofício, e a qualquer momento, a intimação do executado para indicar bens passíveis de penhora.');
insert into opcoes (num_exame, num_questao, letra_opcao, texto)
values(11, 55, 'D', 'Se admite, no processo de execução, a citação pelo correio, por oficial de justiça e por edital.');
insert into questoes (num_exame, num_questao, enunciado, opcao_correta)
values(11, 56, 'Maria e Pedro, demandados em ação em trâmite sob o rito sumário, são intimados, por seus respectivos procuradores, da sentença de procedência do pedido. No 23º dia seguinte à intimação, Maria ingressa com recurso de apelação. Considerando os critérios quanto à tempestividade e efeitos, é correto afirmar que o recurso será', 'A');
insert into opcoes (num_exame, num_questao, letra_opcao, texto)
values(11, 56, 'A', 'inadmitido por restar extemporâneo e a decisão competirá ao juízo ad quem.');
insert into opcoes (num_exame, num_questao, letra_opcao, texto)
values(11, 56, 'B', 'recebido apenas no efeito devolutivo, já que incabível a atribuição do duplo efeito para o recurso em tela, tempestivo.');
insert into opcoes (num_exame, num_questao, letra_opcao, texto)
values(11, 56, 'C', 'declarado intempestivo pelo juízo a quo, que deixará de intimar o recorrido a apresentar suas contrarrazões.');
insert into opcoes (num_exame, num_questao, letra_opcao, texto)
values(11, 56, 'D', 'admitido por restar tempestivo e recebido no duplo efeito, em regra, face à natureza do recurso, salvo exceções legais.');
insert into questoes (num_exame, num_questao, enunciado, opcao_correta)
values(11, 57, '“Toda pessoa que se acha no exercício dos seus direitos tem capacidade para estar em juízo”, estabelece o Código de Processo Civil, e os incapazes serão assistidos ou representados por seus pais, tutores ou curadores. A respeito do tema estão corretas as afirmativas a seguir, à exceção de uma. Assinale-a.', 'A');
insert into opcoes (num_exame, num_questao, letra_opcao, texto)
values(11, 57, 'A', 'O curador especial, nomeado em caso de executado citado com hora certa revel, tem legitimidade para opor embargos à execução.');
insert into opcoes (num_exame, num_questao, letra_opcao, texto)
values(11, 57, 'B', 'Ao curador especial não se aplica o ônus da impugnação especificada dos fatos articulados pelo autor.');
insert into opcoes (num_exame, num_questao, letra_opcao, texto)
values(11, 57, 'C', 'O juiz dará curador especial ao réu revel citado por edital, mas não àquele citado com hora certa.');
insert into opcoes (num_exame, num_questao, letra_opcao, texto)
values(11, 57, 'D', 'O juiz dará curador especial ao incapaz, ainda que tenha representante legal, quando houver colisão de interesses entre este e o representado.');
insert into questoes (num_exame, num_questao, enunciado, opcao_correta)
values(11, 58, 'Os critérios relativos de fixação de competência podem ser alterados pela ocorrência de alguns fenômenos processuais. Uma das situações que pode levar à modificação da competência, quando fixada com base em critérios relativos, é a ocorrência da chamada continência. Assinale a alternativa que descreve, corretamente, continência.', 'A');
insert into opcoes (num_exame, num_questao, letra_opcao, texto)
values(11, 58, 'A', 'Fenômeno que ocorre entre duas ou mais ações, quando lhes for comum o objeto ou a causa de pedir.');
insert into opcoes (num_exame, num_questao, letra_opcao, texto)
values(11, 58, 'B', 'Fenômeno que ocorre entre duas ou mais ações quando há identidade quanto às partes e à causa de pedir, mas o objeto de uma, por ser mais amplo, abrange o das outras.');
insert into opcoes (num_exame, num_questao, letra_opcao, texto)
values(11, 58, 'C', 'Fenômeno que ocorre entre duas ou mais ações quando há entre elas identidade de partes, de causa de pedir e de pedido e todas tramitam em diferentes juízos simultaneamente.');
insert into opcoes (num_exame, num_questao, letra_opcao, texto)
values(11, 58, 'D', 'Fenômeno que ocorre entre duas ou mais ações quando possuem pedidos que, somados, não ultrapassam o valor de sessenta salários mínimos.');
insert into questoes (num_exame, num_questao, enunciado, opcao_correta)
values(11, 59, 'O Art. 33 da Lei n. 11.343/06 (Lei Antidrogas) diz: “Importar, exportar, remeter, preparar, produzir, fabricar, adquirir, vender, expor à venda, oferecer, ter em depósito, transportar, trazer consigo, guardar, prescrever, ministrar, entregar a consumo ou fornecer drogas, ainda que gratuitamente, sem autorização ou em desacordo com determinação legal ou regulamentar. Pena – reclusão de 5 (cinco) a 15 (quinze) anos e pagamento de 500 (quinhentos) a 1.500 (mil e quinhentos) dias-multa.” Analisando o dispositivo acima, pode-se perceber que nele não estão inseridas as espécies de drogas não autorizadas ou que se encontram em desacordo com determinação legal ou regulamentar. Dessa forma, é correto afirmar que se trata de uma norma penal', 'A');
insert into opcoes (num_exame, num_questao, letra_opcao, texto)
values(11, 59, 'A', 'em branco homogênea.');
insert into opcoes (num_exame, num_questao, letra_opcao, texto)
values(11, 59, 'B', 'em branco heterogênea.');
insert into opcoes (num_exame, num_questao, letra_opcao, texto)
values(11, 59, 'C', 'incompleta (ou secundariamente remetida).');
insert into opcoes (num_exame, num_questao, letra_opcao, texto)
values(11, 59, 'D', 'em branco inversa (ou ao avesso).');
insert into questoes (num_exame, num_questao, enunciado, opcao_correta)
values(11, 60, 'Para aferição da inimputabilidade por doença mental ou desenvolvimento mental incompleto ou retardado, assinale a alternativa que indica o critério adotado pelo Código Penal vigente.', 'A');
insert into opcoes (num_exame, num_questao, letra_opcao, texto)
values(11, 60, 'A', 'Biológico.');
insert into opcoes (num_exame, num_questao, letra_opcao, texto)
values(11, 60, 'B', 'Psicológico.');
insert into opcoes (num_exame, num_questao, letra_opcao, texto)
values(11, 60, 'C', 'Psiquiátrico.');
insert into opcoes (num_exame, num_questao, letra_opcao, texto)
values(11, 60, 'D', 'Biopsicológico.');
insert into questoes (num_exame, num_questao, enunciado, opcao_correta)
values(11, 61, 'Helena, condenada a pena privativa de liberdade, sofre, no curso da execução da referida pena, superveniência de doença mental. Nesse caso, o juiz da execução, verificando que a enfermidade mental tem caráter permanente, deverá', 'A');
insert into opcoes (num_exame, num_questao, letra_opcao, texto)
values(11, 61, 'A', 'aplicar o Art. 41, do CP, que assim dispõe, verbis: “ O condenado a quem sobrevém doença mental deve ser recolhido a hospital de custódia e tratamento psiquiátrico ou, à falta, a outro estabelecimento adequado.”');
insert into opcoes (num_exame, num_questao, letra_opcao, texto)
values(11, 61, 'B', 'aplicar o Art. 97, do CP, que assim dispõe, verbis: “ Se o agente for inimputável, o juiz determinará sua internação (Art. 26). Se, todavia, o fato previsto como crime for punível com detenção, poderá o juiz submetê-lo a tratamento ambulatorial.”');
insert into opcoes (num_exame, num_questao, letra_opcao, texto)
values(11, 61, 'C', 'aplicar o Art. 183 da LEP (Lei n. 7.210/84), que assim dispõe, verbis: “Quando, no curso da execução da pena privativa de liberdade, sobrevier doença mental ou perturbação da saúde mental, o Juiz, de Ofício, a requerimento do Ministério Público, da Defensoria Pública ou da autoridade administrativa, poderá determinar a substituição da pena por medida de segurança.”');
insert into opcoes (num_exame, num_questao, letra_opcao, texto)
values(11, 61, 'D', 'aplicar o Art. 108 da LEP (Lei n. 7.210/84), que assim dispõe, verbis: “O condenado a quem sobrevier doença mental será internado em Hospital de Custódia e Tratamento Psiquiátrico”.');
insert into questoes (num_exame, num_questao, enunciado, opcao_correta)
values(11, 62, 'Débora estava em uma festa com seu namorado Eduardo e algumas amigas quando percebeu que Camila, colega de faculdade, insinuava-se para Eduardo. Cega de raiva, Débora esperou que Camila fosse ao banheiro e a seguiu. Chegando lá e percebendo que estavam sozinhas no recinto, Débora desferiu vários tapas no rosto de Camila, causando-lhe lesões corporais de natureza leve. Camila, por sua vez, atordoada com o acontecido, somente deu por si quando Débora já estava saindo do banheiro, vangloriando-se da surra dada. Neste momento, com ódio de sua algoz, Camila levanta-se do chão, agarra Débora pelos cabelos e a golpeia com uma tesourinha de unha que carregava na bolsa, causando-lhe lesões de natureza grave. Com relação à conduta de Camila, assinale a afirmativa correta.', 'A');
insert into opcoes (num_exame, num_questao, letra_opcao, texto)
values(11, 62, 'A', 'Agiu em legítima defesa.');
insert into opcoes (num_exame, num_questao, letra_opcao, texto)
values(11, 62, 'B', 'Agiu em legítima defesa, mas deverá responder pelo excesso doloso.');
insert into opcoes (num_exame, num_questao, letra_opcao, texto)
values(11, 62, 'C', 'Ficará isenta de pena por inexigibilidade de conduta diversa.');
insert into opcoes (num_exame, num_questao, letra_opcao, texto)
values(11, 62, 'D', 'Praticou crime de lesão corporal de natureza grave, mas poderá ter a pena diminuída.');
insert into questoes (num_exame, num_questao, enunciado, opcao_correta)
values(11, 63, 'No ano de 2005, Pierre, jovem francês residente na Bulgária, atentou contra a vida do então presidente do Brasil que, na ocasião, visitava o referido país. Devidamente processado, segundo as leis locais, Pierre foi absolvido. Considerando apenas os dados descritos, assinale a afirmativa correta.', 'A');
insert into opcoes (num_exame, num_questao, letra_opcao, texto)
values(11, 63, 'A', 'Não é aplicável a lei penal brasileira, pois como Pierre foi absolvido no estrangeiro, não ficou satisfeita uma das exigências previstas à hipótese de extraterritorialidade condicionada.');
insert into opcoes (num_exame, num_questao, letra_opcao, texto)
values(11, 63, 'B', 'É aplicável a lei penal brasileira, pois o caso narrado traz hipótese de extraterritorialidade incondicionada, exigindo- se, apenas, que o fato não tenha sido alcançado por nenhuma causa extintiva de punibilidade no estrangeiro.');
insert into opcoes (num_exame, num_questao, letra_opcao, texto)
values(11, 63, 'C', 'É aplicável a lei penal brasileira, pois o caso narrado traz hipótese de extraterritorialidade incondicionada, sendo irrelevante o fato de ter sido o agente absolvido no estrangeiro.');
insert into opcoes (num_exame, num_questao, letra_opcao, texto)
values(11, 63, 'D', 'Não é aplicável a lei penal brasileira, pois como o agente é estrangeiro e a conduta foi praticada em território também estrangeiro, as exigências relativas à extraterritorialidade condicionada não foram satisfeitas.');
insert into questoes (num_exame, num_questao, enunciado, opcao_correta)
values(11, 64, 'Sofia decide matar sua mãe. Para tanto, pede ajuda a Lara, amiga de longa data, com quem debate a melhor maneira de executar o crime, o melhor horário, local etc. Após longas discussões de como poderia executar seu intento da forma mais eficiente possível, a fim de não deixar nenhuma pista, Sofia pede emprestado a Lara um facão. A amiga prontamente atende ao pedido. Sofia despede-se agradecendo a ajuda e diz que, se tudo correr conforme o planejado, executará o homicídio naquele mesmo dia e assim o faz. No entanto, apesar dos cuidados, tudo é descoberto pela polícia. A respeito do caso narrado e de acordo com a teoria restritiva da autoria, assinale a afirmativa correta.', 'A');
insert into opcoes (num_exame, num_questao, letra_opcao, texto)
values(11, 64, 'A', 'Sofia é a autora do delito e deve responder por homicídio com a agravante de o crime ter sido praticado contra ascendente. Lara, por sua vez, é apenas partícipe do crime e deve responder por homicídio, sem a presença da circunstância agravante.');
insert into opcoes (num_exame, num_questao, letra_opcao, texto)
values(11, 64, 'B', 'Sofia e Lara devem ser consideradas coautoras do crime de homicídio, incidindo, para ambas, a circunstância agravante de ter sido, o crime, praticado contra ascendente.');
insert into opcoes (num_exame, num_questao, letra_opcao, texto)
values(11, 64, 'C', 'Sofia e Lara devem ser consideradas coautoras do crime de homicídio. Todavia, a agravante de ter sido, o crime, praticado contra ascendente somente incide em relação à Sofia.');
insert into opcoes (num_exame, num_questao, letra_opcao, texto)
values(11, 64, 'D', 'Sofia é a autora do delito e deve responder por homicídio com a agravante de ter sido, o crime, praticado contra ascendente. Lara, por sua vez, é apenas partícipe do crime, mas a agravante também lhe será aplicada.');
insert into questoes (num_exame, num_questao, enunciado, opcao_correta)
values(11, 65, 'Quanto ao julgamento pelo Tribunal do Júri, assinale a afirmativa incorreta.', 'A');
insert into opcoes (num_exame, num_questao, letra_opcao, texto)
values(11, 65, 'A', 'As partes não poderão fazer referência, em plenário, à decisão de pronúncia, às decisões posteriores que julgaram admissível a acusação ou à determinação do uso de algemas como argumento de autoridade que beneficiem ou prejudiquem o acusado.');
insert into opcoes (num_exame, num_questao, letra_opcao, texto)
values(11, 65, 'B', 'Durante o julgamento, não será permitida a leitura de documento ou a exibição de objeto que não tiver sido juntado aos autos com a antecedência mínima de três dias úteis, dando-se ciência à outra parte.');
insert into opcoes (num_exame, num_questao, letra_opcao, texto)
values(11, 65, 'C', 'Durante os debates em Plenário, os jurados poderão solicitar ao orador, por intermédio do juiz-presidente do Tribunal do Júri, que esclareça algum fato por ele alegado em sua tese.');
insert into opcoes (num_exame, num_questao, letra_opcao, texto)
values(11, 65, 'D', 'Se a verificação de qualquer fato, reconhecida como essencial para o julgamento da causa, não puder ser realizada imediatamente, o juiz-presidente determinará que o Conselho de Sentença se recolha à sala secreta, ordenando a realização das diligências entendidas necessárias.');
insert into questoes (num_exame, num_questao, enunciado, opcao_correta)
values(11, 66, 'Frida foi condenada pela prática de determinado crime. Como nenhuma das partes interpôs recurso da sentença condenatória, tal decisão transitou em julgado, definitivamente, dentro de pouco tempo. Pablo, esposo de Frida, sempre soube da inocência de sua consorte, mas somente após a condenação definitiva é que conseguiu reunir as provas necessárias para inocentá-la. Ocorre que Frida não deseja vivenciar novamente a angústia de estar perante o Judiciário, preferindo encarar sua condenação injusta como um meio de tornar-se uma pessoa melhor. Nesse sentido, tomando-se por base o caso apresentado e a medida cabível à espécie, assinale a afirmativa correta.', 'A');
insert into opcoes (num_exame, num_questao, letra_opcao, texto)
values(11, 66, 'A', 'Pablo pode ingressar com revisão criminal em favor de Frida, ainda que sem a concordância desta.');
insert into opcoes (num_exame, num_questao, letra_opcao, texto)
values(11, 66, 'B', 'Caso Frida tivesse sido absolvida com base em falta de provas, seria possível ingressar com revisão criminal para pedir a mudança do fundamento da absolvição.');
insert into opcoes (num_exame, num_questao, letra_opcao, texto)
values(11, 66, 'C', 'Da decisão que julga a revisão criminal são cabíveis, por exemplo, embargos de declaração, mas não cabe apelação.');
insert into opcoes (num_exame, num_questao, letra_opcao, texto)
values(11, 66, 'D', 'Caso a sentença dada à Frida, no caso concreto, a tivesse condenado mas, ao mesmo tempo, reconhecido a prescrição da pretensão executória, seria incabível revisão criminal.');
insert into questoes (num_exame, num_questao, enunciado, opcao_correta)
values(11, 67, 'De acordo com a doutrina, recurso é todo meio voluntário de impugnação apto a propiciar ao recorrente resultado mais vantajoso. Em alguns casos, fenômenos processuais impedem o caminho natural de um recurso. Quando a parte se manifesta, esclarecendo que não deseja recorrer, estamos diante do fenômeno processual conhecido como', 'A');
insert into opcoes (num_exame, num_questao, letra_opcao, texto)
values(11, 67, 'A', 'preclusão.');
insert into opcoes (num_exame, num_questao, letra_opcao, texto)
values(11, 67, 'B', 'desistência.');
insert into opcoes (num_exame, num_questao, letra_opcao, texto)
values(11, 67, 'C', 'deserção.');
insert into opcoes (num_exame, num_questao, letra_opcao, texto)
values(11, 67, 'D', 'renúncia.');
insert into questoes (num_exame, num_questao, enunciado, opcao_correta)
values(11, 68, 'A Lei n. 9.099/95 modificou a espécie de ação penal para os crimes de lesão corporal leve e culposa. De acordo com o Art. 88 da referida lei, tais delitos passaram a ser de ação penal pública condicionada à representação. Tratando-se de questão relativa à Lei Processual Penal no Tempo, assinale a alternativa que corretamente expõe a regra a ser aplicada para processos em curso que não haviam transitado em julgado quando da alteração legislativa.', 'A');
insert into opcoes (num_exame, num_questao, letra_opcao, texto)
values(11, 68, 'A', 'Aplica-se a regra do Direito Penal de retroagir a lei, por ser norma mais benigna.');
insert into opcoes (num_exame, num_questao, letra_opcao, texto)
values(11, 68, 'B', 'Aplica-se a regra do Direito Processual de imediatidade, em que a lei é aplicada no momento em que entra em vigor, sem que se questione se mais gravosa ou não.');
insert into opcoes (num_exame, num_questao, letra_opcao, texto)
values(11, 68, 'C', 'Aplica-se a regra do Direito Penal de irretroatividade da lei, por ser norma mais gravosa.');
insert into opcoes (num_exame, num_questao, letra_opcao, texto)
values(11, 68, 'D', 'Aplica-se a regra do Direito Processual de imediatidade, em que a lei é aplicada no momento em que entra em vigor, devendo-se questionar se a novatio legis é mais gravosa ou não.');
insert into questoes (num_exame, num_questao, enunciado, opcao_correta)
values(11, 69, 'Em um processo em que se apura a prática dos delitos de supressão de tributo e evasão de divisas, o Juiz Federal da 4ª Vara Federal Criminal de Arroizinho determina a expedição de carta rogatória para os Estados Unidos da América, a fim de que seja interrogado o réu Mário. Em cumprimento à carta, o tribunal americano realiza o interrogatório do réu e devolve o procedimento à Justiça Brasileira, a 4ª Vara Federal Criminal. O advogado de defesa de Mário, ao se deparar com o teor do ato praticado, requer que o mesmo seja declarado nulo, tendo em vista que não foram obedecidas as garantias processuais brasileiras para o réu. Exclusivamente sobre o ponto de vista da Lei Processual no Espaço, a alegação do advogado está correta?', 'A');
insert into opcoes (num_exame, num_questao, letra_opcao, texto)
values(11, 69, 'A', 'Sim, pois no processo penal vigora o princípio da extraterritorialidade, já que as normas processuais brasileiras podem ser aplicadas fora do território nacional.');
insert into opcoes (num_exame, num_questao, letra_opcao, texto)
values(11, 69, 'B', 'Não, pois no processo penal vigora o princípio da territorialidade, já que as normas processuais brasileiras só se aplicam no território nacional.');
insert into opcoes (num_exame, num_questao, letra_opcao, texto)
values(11, 69, 'C', 'Sim, pois no processo penal vigora o princípio da territorialidade, já que as normas processuais brasileiras podem ser aplicadas em qualquer território.');
insert into opcoes (num_exame, num_questao, letra_opcao, texto)
values(11, 69, 'D', 'Não, pois no processo penal vigora o princípio da extraterritorialidade, já que as normas processuais brasileiras podem ser aplicas fora no território nacional.');
insert into questoes (num_exame, num_questao, enunciado, opcao_correta)
values(11, 70, 'Rodrigo foi admitido pela empresa Dona Confecções, a título de experiência, por 45 dias. No 35º dia após a admissão, Rodrigo foi vítima de um acidente do trabalho de média proporção, que o obrigou ao afastamento por 18 dias. De acordo com o entendimento do TST:', 'A');
insert into opcoes (num_exame, num_questao, letra_opcao, texto)
values(11, 70, 'A', 'Rodrigo não poderá ser dispensado pois, em razão do acidente do trabalho, possui garantia no emprego, mesmo no caso de contrato a termo.');
insert into opcoes (num_exame, num_questao, letra_opcao, texto)
values(11, 70, 'B', 'O contrato poderá ser rompido porque foi realizado por prazo determinado, de forma que nenhum fator, por mais relevante que seja, poderá elastecê-lo.');
insert into opcoes (num_exame, num_questao, letra_opcao, texto)
values(11, 70, 'C', 'Rodrigo poderá ser desligado porque a natureza jurídica da ruptura não será resilição unilateral, mas caducidade contratual, que é outra modalidade de rompimento.');
insert into opcoes (num_exame, num_questao, letra_opcao, texto)
values(11, 70, 'D', 'Rodrigo não pode ter o contrato rompido no termo final, pois em razão do acidente do trabalho sofrido, terá garantia no emprego até 5 meses após o retorno, conforme Lei previdenciária.');
insert into questoes (num_exame, num_questao, enunciado, opcao_correta)
values(11, 71, 'A empresa Gomes Sardinha Móveis Ltda. é procurada por um jovem portador de deficiência, que tem 30 anos, e deseja ser contratado como aprendiz de marceneiro. A empresa tem dúvida sobre a possibilidade legal dessa contratação. A partir do caso relatado, assinale a afirmativa correta.', 'A');
insert into opcoes (num_exame, num_questao, letra_opcao, texto)
values(11, 71, 'A', 'Não se aplica a idade máxima ao aprendiz portador de deficiência, de modo que a contratação é possível.');
insert into opcoes (num_exame, num_questao, letra_opcao, texto)
values(11, 71, 'B', 'A idade máxima do aprendiz é de 24 anos, não havendo exceção, pelo que não é possível a contratação.');
insert into opcoes (num_exame, num_questao, letra_opcao, texto)
values(11, 71, 'C', 'Havendo autorização da Superintendência Regional do Trabalho, o jovem poderá ser contratado como aprendiz, haja vista sua situação especial.');
insert into opcoes (num_exame, num_questao, letra_opcao, texto)
values(11, 71, 'D', 'Não existe idade máxima para a contratação de aprendizes, daí porque, em qualquer hipótese, a admissão é possível.');
insert into questoes (num_exame, num_questao, enunciado, opcao_correta)
values(11, 72, 'Paulo, motorista de ônibus, mantém contrato de trabalho com a empresa Transporte Seguro S/A, no qual há estipulação escrita de que o motorista envolvido em acidente de trânsito será descontado pelas avarias e prejuízos causados. Em um dia comum, Paulo ultrapassou o sinal vermelho e colidiu com veículo que vinha do outro lado do cruzamento. Não houve vítimas, mas os veículos ficaram impedidos de trafegar em razão das avarias e o coletivo foi multado por avanço de sinal. A empresa entendeu por bem descontar do salário de Paulo o conserto do ônibus, bem como as despesas com o conserto do veículo de passeio. Diante disso, assinale a afirmativa correta.', 'A');
insert into opcoes (num_exame, num_questao, letra_opcao, texto)
values(11, 72, 'A', 'A empresa agiu de forma incorreta, pois não poderia descontar nada de Paulo, dado o princípio da intangibilidade salarial.');
insert into opcoes (num_exame, num_questao, letra_opcao, texto)
values(11, 72, 'B', 'A empresa agiu de forma incorreta, pois só poderia descontar um dos danos, pois todos os descontos acarretaram bis in idem.');
insert into opcoes (num_exame, num_questao, letra_opcao, texto)
values(11, 72, 'C', 'A empresa agiu corretamente, pois Paulo agiu com culpa e havia previsão contratual para tanto.');
insert into opcoes (num_exame, num_questao, letra_opcao, texto)
values(11, 72, 'D', 'A empresa agiu de forma incorreta, pois não houve dolo por parte do empregado e é dela o risco do negócio. Logo, o desconto é descabido.');
insert into questoes (num_exame, num_questao, enunciado, opcao_correta)
values(11, 73, 'Marco Aurélio é advogado empregado em um escritório de advocacia, com CTPS assinada, tendo acertado na contratação a dedicação exclusiva. Num determinado mês, Marco cumpriu jornada de 2ª a 6ª feira das 12:00 às 21:00 h com intervalo de uma hora para refeição. Com base no caso apresentado, assinale a afirmativa correta.', 'A');
insert into opcoes (num_exame, num_questao, letra_opcao, texto)
values(11, 73, 'A', 'Não haverá pagamento de adicional noturno porque a jornada não ultrapassou as 22:00 h');
insert into opcoes (num_exame, num_questao, letra_opcao, texto)
values(11, 73, 'B', 'Marco tem direito ao adicional noturno de 25% sobre a jornada compreendida entre 20:00 e 21:00 h');
insert into opcoes (num_exame, num_questao, letra_opcao, texto)
values(11, 73, 'C', 'Marco tem direito a horas extra, sendo assim reputadas as que ultrapassam a 4ª hora diária, com acréscimo de 50%.');
insert into opcoes (num_exame, num_questao, letra_opcao, texto)
values(11, 73, 'D', 'Marco tem direito ao adicional noturno de 20% sobre a jornada compreendida entre 20:00 e 21:00 h');
insert into questoes (num_exame, num_questao, enunciado, opcao_correta)
values(11, 74, 'Félix trabalhou na empresa Só Patinhas Pet Shop de 03.01.2011 a 15.06.2011, quando recebeu aviso prévio indenizado. Em 10.07.2013 procurou a comissão de conciliação prévia de sua categoria, reclamando contra a ausência de pagamento de algumas horas extras. A sessão foi designada para 20.07.2013, mas a empresa não compareceu. Munido de declaração neste sentido, Félix ajuizou reclamação trabalhista em 22.07.2013 postulando as referidas horas extraordinárias. Em defesa, a ré arguiu prescrição bienal. A partir dessa situação, assinale a afirmativa correta.', 'A');
insert into opcoes (num_exame, num_questao, letra_opcao, texto)
values(11, 74, 'A', 'Ocorreu prescrição porque a ação foi ajuizada após dois anos do rompimento do contrato.');
insert into opcoes (num_exame, num_questao, letra_opcao, texto)
values(11, 74, 'B', 'Não se cogita de prescrição no caso apresentado, pois com o ajuizamento da demanda perante a Comissão de Conciliação Prévia, o prazo prescricional foi suspenso.');
insert into opcoes (num_exame, num_questao, letra_opcao, texto)
values(11, 74, 'C', 'Está prescrito porque o período do aviso prévio não é computado para a contagem de prescrição, pois foi indenizado, e a apresentação de demanda na Comissão de Conciliação Prévia não gera qualquer efeito.');
insert into opcoes (num_exame, num_questao, letra_opcao, texto)
values(11, 74, 'D', 'Não se cogita de prescrição no caso apresentado, pois com o ajuizamento da demanda perante a Comissão de Conciliação Prévia, o prazo foi interrompido.');
insert into questoes (num_exame, num_questao, enunciado, opcao_correta)
values(11, 75, 'Bernardo é contratado a título de experiência para exercer a função de auxiliar de almoxarife, com prazo de 60 dias. Em seu contrato consta uma cláusula assecuratória do direito recíproco de rescisão. Quarenta dias depois do início do contrato, a empresa manifesta desejo de não mais permanecer com Bernardo em seus quadros. Diante disso, e considerando a legislação de regência, assinale a afirmativa correta.', 'A');
insert into opcoes (num_exame, num_questao, letra_opcao, texto)
values(11, 75, 'A', 'Bernardo não terá direito a qualquer indenização por tratar-se de contrato de experiência, de modo que sabia que a qualquer momento poderia ter o pacto rompido.');
insert into opcoes (num_exame, num_questao, letra_opcao, texto)
values(11, 75, 'B', 'Bernardo terá direito de receber aviso prévio e sua integração para todos os fins, além dos proporcionais de 13º salário, férias acrescidas de 1/3, saque do FGTS e indenização de 40% sobre o FGTS.');
insert into opcoes (num_exame, num_questao, letra_opcao, texto)
values(11, 75, 'C', 'Bernardo receberá como indenização metade dos dias que faltavam para o término do contrato – 20 dias -, além dos proporcionais de 13º salário e férias acrescidas de 1/3. Poderá ainda sacar o FGTS, mas sem direito à indenização de 40%.');
insert into opcoes (num_exame, num_questao, letra_opcao, texto)
values(11, 75, 'D', 'A empresa será obrigada a ressarcir Bernardo dos prejuízos que a este deu causa, além de ser obrigada a pagar, pela metade, todos os direitos como se fosse uma dispensa sem justa causa – aviso prévio, 13º proporcional, férias proporcionais acrescidas de 1/3 e 20% sobre o FGTS.');
insert into questoes (num_exame, num_questao, enunciado, opcao_correta)
values(11, 76, 'Um determinado trabalhador ajuizou uma reclamação trabalhista e, na data designada, faltou injustificadamente à audiência. Seu advogado requereu o desentranhamento dos documentos, no que foi atendido. Dois meses depois, apresentou a mesma reclamação, mas posteriormente resolve desistir dela em mesa de audiência, o que foi homologado pelo magistrado, sendo extinto o processo sem resolução do mérito. Caso queira ajuizar uma nova ação, o trabalhador', 'A');
insert into opcoes (num_exame, num_questao, letra_opcao, texto)
values(11, 76, 'A', 'terá de aguardar o prazo de seis meses, pois contra ele será aplicada a pena de perempção.');
insert into opcoes (num_exame, num_questao, letra_opcao, texto)
values(11, 76, 'B', 'poderá ajuizar a nova ação de imediato, contanto que pague o valor de uma multa que será arbitrada pelo juiz.');
insert into opcoes (num_exame, num_questao, letra_opcao, texto)
values(11, 76, 'C', 'não precisará aguardar nenhum prazo para ajuizar nova ação.');
insert into opcoes (num_exame, num_questao, letra_opcao, texto)
values(11, 76, 'D', 'deverá aguardar seis meses para ajuizar ação contra aquele empregador, mas não para outros que porventura venha a ter.');
insert into questoes (num_exame, num_questao, enunciado, opcao_correta)
values(11, 77, 'Após trabalhar como empregado durante 6 meses, Paulo ajuizou reclamação trabalhista em face de sua ex- empregadora, a empresa Alfa Beta Ltda., pretendendo horas extras, nulidade do pedido de demissão por coação, além de adicional de insalubridade. Na primeira audiência o feito foi contestado, negando a ré o trabalho extraordinário, a coação e a atividade insalubre. Foram juntados controles de ponto e carta de próprio punho de Paulo pedindo demissão, documentos estes que foram impugnados pelo autor. Não foi produzida a prova técnica (perícia). Para a audiência de prosseguimento, as partes estavam intimadas pessoalmente para depoimentos pessoais, sob pena de confissão, mas não compareceram, estando presentes apenas os advogados. Declarando as partes que não têm outras provas a produzir, o Juiz encerrou a fase de instrução, seguindo o processo concluso para sentença. Com base nestas considerações, analise a distribuição do ônus da prova e assinale a afirmativa correta.', 'A');
insert into opcoes (num_exame, num_questao, letra_opcao, texto)
values(11, 77, 'A', 'A ausência das partes gera a confissão ficta recíproca, devendo ser aplicada a regra de que para os fatos constitutivos cabe o ônus da prova ao autor, e para os extintivos, modificativos e impeditivos, o ônus será do réu. Assim, todos os pedidos deverão ser julgados improcedentes.');
insert into opcoes (num_exame, num_questao, letra_opcao, texto)
values(11, 77, 'B', 'Não há confissão em razão da presença dos advogados. Mas não havendo outras provas, os pedidos deverão ser julgados improcedentes.');
insert into opcoes (num_exame, num_questao, letra_opcao, texto)
values(11, 77, 'C', 'Em razão da confissão, presumem-se verdadeiros os fatos alegados. Tal aliado ao princípio da proteção ao hipossuficiente leva à presunção de que Paulo foi coagido a pedir demissão, trabalhava extraordinariamente e faz jus ao adicional de insalubridade. Logo, os pedidos procedem.');
insert into opcoes (num_exame, num_questao, letra_opcao, texto)
values(11, 77, 'D', 'Em razão da confissão, os pedidos de horas extras e nulidade do pedido de demissão procedem. Porém, improcede o de adicional de insalubridade, pois necessária a prova pericial para configurar o grau de insalubridade. Logo, este pleito improcede.');
insert into questoes (num_exame, num_questao, enunciado, opcao_correta)
values(11, 78, 'Ícaro, piloto de avião, foi empregado da empresa VoeAlto Linhas Aéreas S/A de 12 de maio de 2010 a 20 de abril de 2012. Ao ser dispensado, deixou de receber parte de seus haveres trabalhistas da extinção, razão pela qual ajuizou reclamação trabalhista. A audiência foi designada para 10/10/2013. Porém, nessa data Ícaro estaria fora do país, já que necessitado de emprego e com a escassez do mercado nacional, empregou-se como piloto na China, onde reside, e não faz voos para o Brasil. Você é o advogado de Ícaro que, naturalmente, tem pressa em receber seus direitos sonegados. Assinale a alternativa que indica a medida legal a ser adotada para o mais rápido desenrolar do processo.', 'A');
insert into opcoes (num_exame, num_questao, letra_opcao, texto)
values(11, 78, 'A', 'Deverá ser requerido o adiamento da audiência sem data posterior e, tão logo Ícaro informe quando poderá estar no Brasil, será requerido ao juiz a designação da realização da audiência.');
insert into opcoes (num_exame, num_questao, letra_opcao, texto)
values(11, 78, 'B', 'Como advogado de Ícaro você deverá ter procuração com poderes especiais para representá-lo e assisti-lo em audiência suprindo assim a ausência.');
insert into opcoes (num_exame, num_questao, letra_opcao, texto)
values(11, 78, 'C', 'Tendo em vista tratar-se de motivo relevante, e estar devidamente comprovado, Ícaro poderá fazer-se representar por outro empregado de mesma profissão ou por seu sindicato de classe.');
insert into opcoes (num_exame, num_questao, letra_opcao, texto)
values(11, 78, 'D', 'Tendo em vista tratar-se de motivo poderoso, e estar devidamente comprovado, Ícaro poderá fazer-se representar por membro de sua família ou outro empregado da mesma empresa empregadora.');
insert into questoes (num_exame, num_questao, enunciado, opcao_correta)
values(11, 79, 'Tendo em vista a proximidade de realização de grande evento na área de esportes, a cidade de Tribobó do Oeste decidiu reformar seu estádio de futebol. Para tanto, após licitação, contratou a empresa Alfa Ltda. para executar a reforma no prazo de um ano. Faltando dois meses para a conclusão da obra e a realização do mega evento, os operários entraram em greve paralisando os trabalhos integralmente. Diante destes fatos, assinale a afirmativa que se coaduna com a legitimidade ativa para instauração do dissídio coletivo.', 'A');
insert into opcoes (num_exame, num_questao, letra_opcao, texto)
values(11, 79, 'A', 'Tanto a empresa Alfa Ltda. como o Sindicato da categoria dos empregados poderá instaurar a instância, sendo o ato privativo das partes litigantes.');
insert into opcoes (num_exame, num_questao, letra_opcao, texto)
values(11, 79, 'B', 'Apenas o Sindicado dos Empregados poderá requerer a instauração do dissídio coletivo, já que se trata do sujeito ativo no caso de greve, sendo a empresa Alfa ré no processo.');
insert into opcoes (num_exame, num_questao, letra_opcao, texto)
values(11, 79, 'C', 'Por haver interesse público a legitimidade ativa é exclusiva da empresa e do sindicato, bem como do Ministério Público do Trabalho, em caráter excepcional.');
insert into opcoes (num_exame, num_questao, letra_opcao, texto)
values(11, 79, 'D', 'O dissídio poderá ser instaurado pelas partes por representação escrita ao Presidente do Tribunal; bem como por iniciativa do próprio Presidente e, ainda, por requerimento do Ministério Público do Trabalho.');
insert into questoes (num_exame, num_questao, enunciado, opcao_correta)
values(11, 80, 'No acordo coletivo em vigor firmado pela empresa Pluma Comércio de Óculos Ltda. existe uma cláusula na qual os seus empregados podem adquirir as mercadorias lá produzidas a preço de custo. Emerson, empregado desta firma, pretendia comprar um par de óculos, mas o empregador exigiu que ele pagasse também o valor da margem mínima de lucro do comércio local. Diante do ocorrido, assinale a alternativa que contempla a ação que, de acordo com a CLT, deverá ser ajuizada por Emerson para fazer prevalecer o seu direito.', 'A');
insert into opcoes (num_exame, num_questao, letra_opcao, texto)
values(11, 80, 'A', 'Execução de Título Extrajudicial.');
insert into opcoes (num_exame, num_questao, letra_opcao, texto)
values(11, 80, 'B', 'Mandado de Segurança.');
insert into opcoes (num_exame, num_questao, letra_opcao, texto)
values(11, 80, 'C', 'Ação de Cumprimento.');
insert into opcoes (num_exame, num_questao, letra_opcao, texto)
values(11, 80, 'D', 'Ação Monitória.');
commit;
insert into exames (num_exame, url_exame, url_gabarito, data)
values(12, 'https://dpmzos25m8ivg.cloudfront.net/382/20131215064829-CADERNO%20TIPO%2001_BRANCA_XII_EXAME.pdf', 'https://dpmzos25m8ivg.cloudfront.net/382/20131215065043-GABARITOS%20PRELIMINARES_XII_EXAME_DE_ORDEM.pdf', 'Sun Dec 15 00:00:00 BRST 2013');
insert into questoes (num_exame, num_questao, enunciado, opcao_correta)
values(12, 1, 'O advogado João foi contratado por José para atuar em determinada ação indenizatória. Ao ter vista dos autos em cartório, percebeu que José já estava representado por outro advogado na causa. Mesmo assim, considerando que já havia celebrado contrato com José, mas sem contatar o advogado que se encontrava até então constituído, apresentou petição requerendo juntada da procuração pela qual José lhe outorgara poderes para atuar na causa, bem como a retirada dos autos em carga, para que pudesse examiná-los com profundidade em seu escritório. Com base no caso apresentado, assinale a afirmativa correta.', 'A');
insert into opcoes (num_exame, num_questao, letra_opcao, texto)
values(12, 1, 'A', 'O advogado João não cometeu infração disciplinar, pois apenas requereu a juntada de procuração e realizou carga dos autos do processo, sem apresentar petição com conteúdo relevante para o deslinde da controvérsia.');
insert into opcoes (num_exame, num_questao, letra_opcao, texto)
values(12, 1, 'B', 'O advogado João cometeu infração disciplinar, não por ter requerido a juntada de procuração nos autos, mas sim por ter realizado carga dos autos do processo em que já havia advogado constituído.');
insert into opcoes (num_exame, num_questao, letra_opcao, texto)
values(12, 1, 'C', 'O advogado João não cometeu infração disciplinar, pois, ao requerer a juntada da procuração nos autos, já havia celebrado contrato com José.');
insert into opcoes (num_exame, num_questao, letra_opcao, texto)
values(12, 1, 'D', 'O advogado João cometeu infração disciplinar prevista no Código de Ética e Disciplina da OAB, pois não pode aceitar procuração de quem já tenha patrono constituído, sem prévio conhecimento do mesmo.');
insert into questoes (num_exame, num_questao, enunciado, opcao_correta)
values(12, 2, 'Eugênio é advogado contratado pela empresa Ônibus e Ônibus Ltda. Na empresa ele é responsável pelas defesas em ações que pleiteiam o reconhecimento da responsabilidade civil da sua cliente e dos seus prepostos. O contrato de honorários venceu em 2010 e não foi renovado. Em dificuldades financeiras, a empresa não pagou os honorários devidos. O termo inicial para a contagem do prazo para a prescrição da pretensão de cobrança dos honorários advocatícios, observado o disposto no Estatuto da Advocacia, ocorre a partir da', 'A');
insert into opcoes (num_exame, num_questao, letra_opcao, texto)
values(12, 2, 'A', 'última tentativa de conciliação.');
insert into opcoes (num_exame, num_questao, letra_opcao, texto)
values(12, 2, 'B', 'data fixada pelo Juiz.');
insert into opcoes (num_exame, num_questao, letra_opcao, texto)
values(12, 2, 'C', 'última prestação de serviço.');
insert into opcoes (num_exame, num_questao, letra_opcao, texto)
values(12, 2, 'D', 'data do vencimento do contrato.');
insert into questoes (num_exame, num_questao, enunciado, opcao_correta)
values(12, 3, 'Ângelo, comandante das Forças Especiais do Estado “B”, é curioso em relação às normas jurídicas, cuja aplicação acompanha na seara castrense, já tendo atuado em órgãos julgadores na sua esfera de atuação. Mantendo a sua atividade militar, obtém autorização especial para realizar curso de Direito, no turno da noite, em universidade pública, à qual teve acesso pelo processo seletivo regular de provas. Ângelo consegue obter avaliação favorável em todas as disciplinas até alcançar o período em que o estágio é permitido. Ele pleiteia sua inscrição no quadro de estagiários da OAB e que o mesmo seja realizado na Justiça Militar. Com base no caso narrado, nos termos do Estatuto da Advocacia, assinale a afirmativa correta.', 'A');
insert into opcoes (num_exame, num_questao, letra_opcao, texto)
values(12, 3, 'A', 'O estágio é permitido, desde que ocorra perante a Justiça Militar especializada.');
insert into opcoes (num_exame, num_questao, letra_opcao, texto)
values(12, 3, 'B', 'O estágio é permitido, mas, por tratar-se de função incompatível, é vedada a inscrição na OAB.');
insert into opcoes (num_exame, num_questao, letra_opcao, texto)
values(12, 3, 'C', 'O estágio poderá ocorrer, mediante autorização especial da Força Armada respectiva.');
insert into opcoes (num_exame, num_questao, letra_opcao, texto)
values(12, 3, 'D', 'O estágio possui uma categoria especial que limita a atuação em determinados processos.');
insert into questoes (num_exame, num_questao, enunciado, opcao_correta)
values(12, 4, 'Fernanda, advogada regularmente inscrita nos quadros da OAB, atua, individualmente, sem sócios, em seu escritório situado no centro da cidade “Z”, onde recebe os seus clientes para atividades de assessoria e consultoria, atuando também no contencioso cível, administrativo e trabalhista. Em visita de cortesia, recebe sua prima Giselda que, estudando Economia, tem acesso a várias pessoas de prestigio social, econômico e financeiro, em razão da sua atividade como assessora da diretoria de associação empresarial. Por força desses vínculos, sua prima começa a indicar clientes para a advogada, que amplia o seu escritório e passa a realizar parcerias com outros colegas, diante do aumento das causas a defender. Não existe qualquer acordo financeiro entre a advogada e a economista. Com base na situação descrita, nos termos do Estatuto da Advocacia, assinale a afirmativa correta.', 'A');
insert into opcoes (num_exame, num_questao, letra_opcao, texto)
values(12, 4, 'A', 'Constitui atividade infracional disciplinar receber clientes de pessoa com relação de parentesco e prestígio social.');
insert into opcoes (num_exame, num_questao, letra_opcao, texto)
values(12, 4, 'B', 'Constitui atividade corriqueira, não infracional, o relacionamento social com parentes ou não.');
insert into opcoes (num_exame, num_questao, letra_opcao, texto)
values(12, 4, 'C', 'Constitui atividade ilícita por valer-se de parentes para obtenção de clientela, mesmo gratuitamente.');
insert into opcoes (num_exame, num_questao, letra_opcao, texto)
values(12, 4, 'D', 'Constitui atividade vedada, uma vez que a clientela deve ser formada espontaneamente pelo advogado.');
insert into questoes (num_exame, num_questao, enunciado, opcao_correta)
values(12, 5, 'O escritório Hércules Advogados Associados foi fundado no início do século XX, tendo destacada atuação em várias áreas do Direito. O sócio-fundador faleceu no limiar do século XXI e os sócios remanescentes manifestaram o desejo de manter o nome do advogado falecido na razão social da sociedade. A partir da hipótese sugerida, nos termos do Regulamento Geral da Ordem dos Advogados do Brasil, assinale a afirmativa correta.', 'A');
insert into opcoes (num_exame, num_questao, letra_opcao, texto)
values(12, 5, 'A', 'Falecendo o advogado sócio, determina-se a sua exclusão dos registros da sociedade incluindo a razão social do escritório.');
insert into opcoes (num_exame, num_questao, letra_opcao, texto)
values(12, 5, 'B', 'Permite-se a manutenção do sócio-fundador nos registros do escritório, mediante autorização especial do plenário da Seccional.');
insert into opcoes (num_exame, num_questao, letra_opcao, texto)
values(12, 5, 'C', 'Havendo previsão no ato constitutivo da sociedade de advogados, pode permanecer o nome do sócio falecido na razão social.');
insert into opcoes (num_exame, num_questao, letra_opcao, texto)
values(12, 5, 'D', 'Existindo acordo entre o escritório de advocacia, os clientes e a Seccional da Ordem dos Advogados do Brasil, é permitida a manutenção do nome do sócio falecido.');
insert into questoes (num_exame, num_questao, enunciado, opcao_correta)
values(12, 6, 'Saulo é advogado de Paula em determinada ação de natureza cível. Após os trâmites necessários, a postulação vem a ser julgada improcedente. Em decorrência de julgamento de recurso, a decisão foi mantida. Saulo comunicou o resultado à sua cliente que, tendo tomado ciência, manteve-se silente. Houve o trânsito em julgado da decisão. Sob a perspectiva do Código de Ética e Disciplina da Advocacia, assinale a afirmativa correta.', 'A');
insert into opcoes (num_exame, num_questao, letra_opcao, texto)
values(12, 6, 'A', 'Após o trânsito em julgado, o mandato conferido ao advogado continua a ser cumprido.');
insert into opcoes (num_exame, num_questao, letra_opcao, texto)
values(12, 6, 'B', 'O mandato conferido ao advogado não cessa mesmo depois de concluída a causa.');
insert into opcoes (num_exame, num_questao, letra_opcao, texto)
values(12, 6, 'C', 'O resultado infrutífero da causa é considerado como quebra do mandato.');
insert into opcoes (num_exame, num_questao, letra_opcao, texto)
values(12, 6, 'D', 'O final da causa presume o cumprimento do mandato conferido ao advogado.');
insert into questoes (num_exame, num_questao, enunciado, opcao_correta)
values(12, 7, 'Sobre as competências dos Conselhos Seccionais da OAB, assinale a afirmativa correta.', 'A');
insert into opcoes (num_exame, num_questao, letra_opcao, texto)
values(12, 7, 'A', 'Ajuizar, após deliberação, ação direta de inconstitucionalidade de leis estaduais em face da Constituição Estadual e ação direta de inconstitucionalidade de leis federais em face da Constituição Federal.');
insert into opcoes (num_exame, num_questao, letra_opcao, texto)
values(12, 7, 'B', 'Ajuizar, após deliberação, mandado de segurança coletivo em defesa de seus inscritos, independentemente de autorização pessoal dos interessados.');
insert into opcoes (num_exame, num_questao, letra_opcao, texto)
values(12, 7, 'C', 'Ajuizar, independentemente de deliberação, ações de indenização contra todos aqueles que ofenderem seus inscritos, em razão do exercício da profissão.');
insert into opcoes (num_exame, num_questao, letra_opcao, texto)
values(12, 7, 'D', 'Ajuizar, após deliberação, mandado de injunção, em face da Constituição Estadual ou em face da Constituição Federal.');
insert into questoes (num_exame, num_questao, enunciado, opcao_correta)
values(12, 8, 'Sobre o desagravo público, assinale a afirmativa correta.', 'A');
insert into opcoes (num_exame, num_questao, letra_opcao, texto)
values(12, 8, 'A', 'O advogado poderá ser desagravado quando ofendido no exercício da profissão ou em razão dela, desde que faça o requerimento em petição dirigida ao Presidente do Conselho Seccional no prazo de seis meses, contados a partir da data da realização da ofensa.');
insert into opcoes (num_exame, num_questao, letra_opcao, texto)
values(12, 8, 'B', 'O desagravo público depende de concordância do advogado ofendido.');
insert into opcoes (num_exame, num_questao, letra_opcao, texto)
values(12, 8, 'C', 'O advogado não pode dispensar o desagravo público quando o Conselho Seccional decidir promovê-lo.');
insert into opcoes (num_exame, num_questao, letra_opcao, texto)
values(12, 8, 'D', 'O advogado tem direito a ser desagravado, mesmo que a ofensa por ele sofrida não guarde relação com o exercício da profissão ou de cargo ou função na OAB.');
insert into questoes (num_exame, num_questao, enunciado, opcao_correta)
values(12, 9, 'Joel é Conselheiro do Tribunal de Contas do Município J, sendo proprietário de diversos imóveis. Em um deles, por força de contrato de locação residencial, verifica a falta de pagamentos dos alugueres devidos. O Conselheiro é Bacharel em Direito, tendo exercido a advocacia por vários anos na área imobiliária. Nesse caso, nos termos do Estatuto da Advocacia, o Conselheiro', 'A');
insert into opcoes (num_exame, num_questao, letra_opcao, texto)
values(12, 9, 'A', 'poderia atuar como advogado em causa própria.');
insert into opcoes (num_exame, num_questao, letra_opcao, texto)
values(12, 9, 'B', 'deverá contratar advogado para a causa diante da situação de incompatibilidade.');
insert into opcoes (num_exame, num_questao, letra_opcao, texto)
values(12, 9, 'C', 'poderia advogar; recomenda-se, contudo, a contratação de advogado.');
insert into opcoes (num_exame, num_questao, letra_opcao, texto)
values(12, 9, 'D', 'está com a sua inscrição como advogado suspensa.');
insert into questoes (num_exame, num_questao, enunciado, opcao_correta)
values(12, 10, 'Isabela é advogada prestigiada, tendo organizado, com o correr dos anos, um escritório de advocacia especializado em Direito Ambiental, com vários advogados associados. Por sugestão de um deles, edita um atualizado boletim de notícias, com informações jurisprudenciais, doutrinárias, legais e internacionais sobre o tema, considerado uma publicação de altíssima qualidade, que é distribuído somente aos profissionais do escritório. Sabedor da publicação, Eusébio, jovem estudante de Direito, que busca direcionar seus estudos para a área ambiental, solicita acesso ao referido boletim. Nos termos do Código de Ética da Advocacia, o boletim de notícias', 'A');
insert into opcoes (num_exame, num_questao, letra_opcao, texto)
values(12, 10, 'A', 'deve circular restritivamente entre os profissionais do escritório.');
insert into opcoes (num_exame, num_questao, letra_opcao, texto)
values(12, 10, 'B', 'pode ser enviado a qualquer pessoa como forma de propaganda.');
insert into opcoes (num_exame, num_questao, letra_opcao, texto)
values(12, 10, 'C', 'pode ser remetido a quem o requerer.');
insert into opcoes (num_exame, num_questao, letra_opcao, texto)
values(12, 10, 'D', 'é considerado como publicidade abusiva e vedado ao advogado.');
insert into questoes (num_exame, num_questao, enunciado, opcao_correta)
values(12, 11, 'Considere a seguinte afirmação de Herbert L. A. Hart: “Seja qual for o processo escolhido, precedente ou legislação, para a comunicação de padrões de comportamentos, estes, não obstante a facilidade com que atuam sobre a grande massa de casos correntes, revelar-se-ão como indeterminados em certo ponto em que a sua aplicação esteja em questão.” (HART, Herbert. O Conceito de Direito. Lisboa: Calouste Gulbenkian, 1986, p. 141) Hart admite um grau de indeterminação nos padrões de comportamento previstos na legislação e nos precedentes judiciais. A respeito, assinale a afirmativa correta.', 'A');
insert into opcoes (num_exame, num_questao, letra_opcao, texto)
values(12, 11, 'A', 'Trata-se do fenômeno chamado na doutrina jurídica de lacuna material do direito, em que o jurista não consegue dar uma resposta com base no próprio direito positivo para uma situação juridicamente relevante.');
insert into opcoes (num_exame, num_questao, letra_opcao, texto)
values(12, 11, 'B', 'Trata-se da textura aberta do direito, expressa por meio de regras gerais de conduta, que deve ganhar um sentido específico dado pela autoridade competente, à luz do caso concreto.');
insert into opcoes (num_exame, num_questao, letra_opcao, texto)
values(12, 11, 'C', 'Trata-se da incompletude do ordenamento jurídico que, por isso mesmo, deve recorrer aos princípios gerais do direito, a fim de promover uma integração do direito positivo.');
insert into opcoes (num_exame, num_questao, letra_opcao, texto)
values(12, 11, 'D', 'Trata-se do fenômeno denominado de anomia social pelos sociólogos do direito, em que existe um vácuo de normas jurídicas e a impossibilidade real de regulação de conflitos juridicamente relevantes.');
insert into questoes (num_exame, num_questao, enunciado, opcao_correta)
values(12, 12, 'O utilitarismo é uma filosofia moderna que conquistou muitos adeptos nos séculos XIX e XX, inclusive no pensamento jurídico. As principais características do utilitarismo são:', 'A');
insert into opcoes (num_exame, num_questao, letra_opcao, texto)
values(12, 12, 'A', 'convencionalismo, consequencialismo e antifundacionalismo.');
insert into opcoes (num_exame, num_questao, letra_opcao, texto)
values(12, 12, 'B', 'consequencialismo, transcendentalismo e fundacionalismo.');
insert into opcoes (num_exame, num_questao, letra_opcao, texto)
values(12, 12, 'C', 'convencionalismo,materialismo e fatalismo.');
insert into opcoes (num_exame, num_questao, letra_opcao, texto)
values(12, 12, 'D', 'mecanicismo, fatalismo e antifundacionalismo.');
insert into questoes (num_exame, num_questao, enunciado, opcao_correta)
values(12, 13, 'A Constituição declara que todos podem reunir-se em local aberto ao público. Algumas condições para que as reuniões se realizem são apresentadas nas alternativas a seguir, à exceção de uma. Assinale-a.', 'A');
insert into opcoes (num_exame, num_questao, letra_opcao, texto)
values(12, 13, 'A', 'Os participantes não portem armas.');
insert into opcoes (num_exame, num_questao, letra_opcao, texto)
values(12, 13, 'B', 'A reunião seja autorizada pela autoridade competente.');
insert into opcoes (num_exame, num_questao, letra_opcao, texto)
values(12, 13, 'C', 'A reunião não frustre outra reunião anteriormente convocada para o mesmo local.');
insert into opcoes (num_exame, num_questao, letra_opcao, texto)
values(12, 13, 'D', 'Os participantes reúnam-se pacificamente.');
insert into questoes (num_exame, num_questao, enunciado, opcao_correta)
values(12, 14, 'O Deputado Federal “Y” foi objeto de extensa investigação, e diversas reportagens jornalísticas indicaram sua participação em fraudes contra a previdência social. Além disso, inquéritos da polícia chegaram a fortes indícios de diversas práticas criminosas por uma quadrilha por ele liderada. O Ministério Público ofereceu denúncia contra sete acusados, incluindo o parlamentar. Com relação ao caso apresentado, assinale a afirmativa correta.', 'A');
insert into opcoes (num_exame, num_questao, letra_opcao, texto)
values(12, 14, 'A', 'Os deputados federais não podem ser presos em hipótese alguma, pois são invioláveis, na forma prevista na Constituição da República.');
insert into opcoes (num_exame, num_questao, letra_opcao, texto)
values(12, 14, 'B', 'O processo criminal contra o deputado federal deverá tramitar perante o Superior Tribunal de Justiça e tem procedimento especial previsto em lei.');
insert into opcoes (num_exame, num_questao, letra_opcao, texto)
values(12, 14, 'C', 'O tribunal competente, recebida denúncia contra o deputado federal por crime ocorrido após a diplomação, dará ciência à Câmara dos Deputados, que poderá sustar o andamento da ação por iniciativa de partido político nela representado e pelo voto da maioria de seus membros, até a decisão final.');
insert into opcoes (num_exame, num_questao, letra_opcao, texto)
values(12, 14, 'D', 'Os membros do Congresso Nacional, desde a expedição do diploma, não poderão ser processados criminalmente sem prévia licença de sua Casa; não sendo concedida a licença, ficará suspensa a prescrição, até o fim do mandato.');
insert into questoes (num_exame, num_questao, enunciado, opcao_correta)
values(12, 15, 'A Constituição da República de 1988 adotou elementos de federalismo cooperativo e de federalismo dual na repartição de competências entre os entes federados, distribuindo competências exclusivas, privativas, comuns e concorrentes. Assim sendo, a respeito da organização do Estado estabelecida na Constituição, assinale a afirmativa correta.', 'A');
insert into opcoes (num_exame, num_questao, letra_opcao, texto)
values(12, 15, 'A', 'É competência comum da União, dos Estados, do Distrito Federal e dos Municípios proteger o meio ambiente e combater a poluição em qualquer de suas formas, competindo à lei complementar fixar normas de cooperação entre os entes.');
insert into opcoes (num_exame, num_questao, letra_opcao, texto)
values(12, 15, 'B', 'É vedado aos Estados criar códigos tributários próprios, uma vez que compete privativamente à União legislar sobre direito financeiro e tributário.');
insert into opcoes (num_exame, num_questao, letra_opcao, texto)
values(12, 15, 'C', 'É vedado à União decretar intervenção federal em Município localizado em território federal quando este não tiver aplicado o mínimo exigido de sua receita na manutenção e desenvolvimento do ensino.');
insert into opcoes (num_exame, num_questao, letra_opcao, texto)
values(12, 15, 'D', 'Em relação às competências legislativas concorrentes da União e dos Estados, havendo norma federal e estadual divergentes, deve prevalecer a norma federal, que serve de fundamento de validade à norma estadual.');
insert into questoes (num_exame, num_questao, enunciado, opcao_correta)
values(12, 16, 'Nos termos da Constituição Federal, assinale a alternativa que apresenta competência(s) do Superior Tribunal de Justiça.', 'A');
insert into opcoes (num_exame, num_questao, letra_opcao, texto)
values(12, 16, 'A', 'Processar e julgar, originariamente, os mandados de segurança contra ato do Comandante da Marinha.');
insert into opcoes (num_exame, num_questao, letra_opcao, texto)
values(12, 16, 'B', 'Julgar as ações contra o Conselho Nacional do Ministério Público.');
insert into opcoes (num_exame, num_questao, letra_opcao, texto)
values(12, 16, 'C', 'Julgar e processar, originariamente, litígio entre Estado estrangeiro ou organismo internacional e a União, os Estados, o Distrito Federal ou os Territórios.');
insert into opcoes (num_exame, num_questao, letra_opcao, texto)
values(12, 16, 'D', 'Julgar, mediante recurso, as causas decididas em única ou última instância, quando a decisão recorrida julgar válida lei local contestada em face de lei federal.');
insert into questoes (num_exame, num_questao, enunciado, opcao_correta)
values(12, 17, 'João, 29 anos de idade, brasileiro naturalizado desde 1992, decidiu se candidatar, nas eleições de 2010, ao cargo de Deputado Federal, em determinado ente federativo. Eleito, e após ter tomado posse, foi escolhido para Presidir a Câmara dos Deputados. Com base na hipótese acima, assinale a afirmativa correta.', 'A');
insert into opcoes (num_exame, num_questao, letra_opcao, texto)
values(12, 17, 'A', 'João não poderia ter-se candidatado ao cargo de Deputado Federal, uma vez que esse é um cargo privativo de brasileiro nato.');
insert into opcoes (num_exame, num_questao, letra_opcao, texto)
values(12, 17, 'B', 'João não poderia ser Deputado Federal, mas poderia ingressar na carreira diplomática em que não é exigido o requisito de ser brasileiro nato.');
insert into opcoes (num_exame, num_questao, letra_opcao, texto)
values(12, 17, 'C', 'João poderia ter-se candidatado ao cargo de Deputado Federal, bem como ser eleito, entretanto, não poderia ter sido escolhido Presidente da Câmara dos Deputados, eis que esse cargo deve ser exercido por brasileiro nato.');
insert into opcoes (num_exame, num_questao, letra_opcao, texto)
values(12, 17, 'D', 'João não poderia ter-se candidatado ao cargo de Deputado Federal, mas poderia ter se candidatado ao cargo de Senador da República, mesmo sendo brasileiro naturalizado.');
insert into questoes (num_exame, num_questao, enunciado, opcao_correta)
values(12, 18, 'Acerca do controle de constitucionalidade, assinale a alternativa INCORRETA.', 'A');
insert into opcoes (num_exame, num_questao, letra_opcao, texto)
values(12, 18, 'A', 'É impossível o esclarecimento de matéria de fato em sede de Ação Direta de Inconstitucionalidade.');
insert into opcoes (num_exame, num_questao, letra_opcao, texto)
values(12, 18, 'B', 'A União Nacional dos Estudantes não tem legitimidade para propor Ação Direta de Inconstitucionalidade.');
insert into opcoes (num_exame, num_questao, letra_opcao, texto)
values(12, 18, 'C', 'Não se admite a desistência após a propositura da Ação Declaratória de Constitucionalidade.');
insert into opcoes (num_exame, num_questao, letra_opcao, texto)
values(12, 18, 'D', 'Os efeitos da decisão que afirma a inconstitucionalidade da norma em sede de Ação Direta de Inconstitucionalidade, em regra, são ex tunc.');
insert into questoes (num_exame, num_questao, enunciado, opcao_correta)
values(12, 19, 'Ana Beatriz procura um escritório de advocacia, informando que a Universidade Pública do Estado XYZ instituiu, mediante decreto do Governador, uma taxa da matrícula no valor de R$ 100,00 (cem) reais, para estudantes que possuam renda familiar superior a 10 (dez) salários mínimos, com a finalidade de utilizar esse recurso para subsidiar a moradia de alunos de baixa renda, procedentes de Municípios distantes. Diante da indagação de Ana Beatriz sobre a constitucionalidade da cobrança, assinale a afirmativa correta.', 'A');
insert into opcoes (num_exame, num_questao, letra_opcao, texto)
values(12, 19, 'A', 'A cobrança é constitucional, pois se trata de uma política pública de redução das desigualdades.');
insert into opcoes (num_exame, num_questao, letra_opcao, texto)
values(12, 19, 'B', 'A cobrança é constitucional em razão do princípio da autonomia universitária, previsto na Constituição da República.');
insert into opcoes (num_exame, num_questao, letra_opcao, texto)
values(12, 19, 'C', 'A cobrança é inconstitucional, uma vez que a taxa de matrícula deveria ser instituída por lei.');
insert into opcoes (num_exame, num_questao, letra_opcao, texto)
values(12, 19, 'D', 'A cobrança é inconstitucional, uma vez que viola o imperativo de gratuidade do ensino público em estabelecimentos oficiais.');
insert into questoes (num_exame, num_questao, enunciado, opcao_correta)
values(12, 20, 'Segundo informações do Comitê para a Proteção dos Jornalistas (CPJ), no Brasil, nos últimos 20 anos, 70% dos casos de assassinatos a jornalistas ficaram impunes. O CPJ contabilizou 23 assassinatos entre 1992 e 2012, sendo quatro ocorreram de janeiro a abril de 2012. Desse total, quatorze não foram punidos. Diante desse quadro, sindicatos de jornalistas de vários estados brasileiros propuseram à Secretaria de Direitos Humanos do Governo Federal a federalização da investigação desses crimes, porque, segundo esses sindicatos, tais crimes caracterizam graves violações de Direitos Humanos. Para que a investigação e o julgamento de tais violações sejam federalizados é necessário que fique demonstrado que se trata de grave violação de Direitos Humanos afirmados em Tratados internacionais, dos quais o Brasil seja parte e pode, por isso mesmo, responder diante de instâncias internacionais. Além disso, é preciso que', 'A');
insert into opcoes (num_exame, num_questao, letra_opcao, texto)
values(12, 20, 'A', 'os familiares das vítimas entrem com o pedido de incidente de deslocamento de competência perante o STJ que deve julgá-lo favoravelmente.');
insert into opcoes (num_exame, num_questao, letra_opcao, texto)
values(12, 20, 'B', 'os familiares das vítimas entrem com um mandado de segurança perante o STF que deve julgá-lo favoravelmente.');
insert into opcoes (num_exame, num_questao, letra_opcao, texto)
values(12, 20, 'C', 'as autoridades locais entrem com o pedido de incidente de deslocamento de competência perante o STJ que deve julgá-lo favoravelmente.');
insert into opcoes (num_exame, num_questao, letra_opcao, texto)
values(12, 20, 'D', 'o Procurador Geral da República entre com o pedido de incidente de deslocamento de competência perante o STJ que deve julgá-lo favoravelmente.');
insert into questoes (num_exame, num_questao, enunciado, opcao_correta)
values(12, 21, 'O processo histórico de afirmação dos direitos humanos foi inscrito em importantes documentos, tais como a Declaração Universal dos Direitos do Homem e do Cidadão de 1789 ou mesmo a Constituição Mexicana de 1917. Desse processo é possível inferir que os Direitos Humanos são constituídos por, ao menos, duas dimensões interdependentes e indivisíveis. São elas:', 'A');
insert into opcoes (num_exame, num_questao, letra_opcao, texto)
values(12, 21, 'A', 'Direitos Naturais e Direitos Positivos.');
insert into opcoes (num_exame, num_questao, letra_opcao, texto)
values(12, 21, 'B', 'Direitos Civis e Direitos Políticos.');
insert into opcoes (num_exame, num_questao, letra_opcao, texto)
values(12, 21, 'C', 'Direitos Civis e Políticos e Direitos Econômicos e Sociais.');
insert into opcoes (num_exame, num_questao, letra_opcao, texto)
values(12, 21, 'D', 'Direito Público e Direito Privado.');
insert into questoes (num_exame, num_questao, enunciado, opcao_correta)
values(12, 22, 'Um advogado é procurado por um grupo de familiares que narraram a ocorrência de tortura e tratamento degradante num presídio estadual. Após constatar a denúncia in loco, o advogado levou a situação ao conhecimento das autoridades administrativas competentes que, entretanto, não deram a atenção devida ao caso. Em razão disso, o advogado admitiu recorrer à Comissão Interamericana de Direitos Humanos. A respeito do caso narrado, assinale a afirmativa correta.', 'A');
insert into opcoes (num_exame, num_questao, letra_opcao, texto)
values(12, 22, 'A', 'A Comissão apenas receberá a denúncia se ficar comprovado prévio esgotamento dos recursos internos.');
insert into opcoes (num_exame, num_questao, letra_opcao, texto)
values(12, 22, 'B', 'A competência para a análise desse caso não é da Comissão Interamericana de Direitos Humanos e, sim, da Corte Interamericana de Direitos Humanos.');
insert into opcoes (num_exame, num_questao, letra_opcao, texto)
values(12, 22, 'C', 'A Comissão é competente para receber a denúncia, mas apenas por meio de petições individualizadas, a fim de proferir decisões mediante o devido processo legal.');
insert into opcoes (num_exame, num_questao, letra_opcao, texto)
values(12, 22, 'D', 'Por se tratar de caso grave e urgente, a Comissão pode receber a denúncia e expedir medida cautelar para obrigar o Estado a fazer cessar a violação ocorrente no presídio.');
insert into questoes (num_exame, num_questao, enunciado, opcao_correta)
values(12, 23, 'A sociedade empresária Airplane Ltda., fabricante de aeronaves, sediada na China, celebrou contrato internacional de compra e venda com a sociedade empresária Voe Rápido Ltda, com sede na Argentina. O contrato foi celebrado no Japão, em razão de uma feira promocional que ali se realizava. Conforme estipulado no contrato, as aeronaves deveriam ser entregues pela Airplane Ltda., na cidade do Rio de Janeiro, no dia 1º de abril de 2011, onde a sociedade Voe Rápido Ltda. possui uma filial e realiza a atividade empresarial de transporte de passageiros. Diante da situação exposta, à luz das regras de Direito Internacional Privado veiculadas na Lei de Introdução às Normas do Direito Brasileiro (LIND', 'A');
insert into opcoes (num_exame, num_questao, letra_opcao, texto)
values(12, 23, 'B', 'e no estatuto processual civil brasileiro (Código de Processo Civil – CPC), assinale a afirmativa INCORRETA.');
insert into opcoes (num_exame, num_questao, letra_opcao, texto)
values(12, 23, 'A', 'Não sendo as aeronaves entregues no prazo avençado, o Poder Judiciário brasileiro é competente para julgar eventual demanda em que a credora postule o cumprimento do contrato.');
insert into opcoes (num_exame, num_questao, letra_opcao, texto)
values(12, 23, 'B', 'No tocante à regência das obrigações, aplica-se, no caso vertente, a legislação japonesa.');
insert into opcoes (num_exame, num_questao, letra_opcao, texto)
values(12, 23, 'C', 'O Poder Judiciário Brasileiro não é competente para julgar eventual ação por inadimplemento contratual, pois o contrato não foi constituído no Brasil.');
insert into questoes (num_exame, num_questao, enunciado, opcao_correta)
values(12, 24, 'Um agente diplomático comete um crime de homicídio no Estado acreditado. A respeito desse caso, assinale a afirmativa correta.', 'A');
insert into opcoes (num_exame, num_questao, letra_opcao, texto)
values(12, 24, 'A', 'Será julgado no Estado acreditado, pois deve cumprir as leis desse Estado.');
insert into opcoes (num_exame, num_questao, letra_opcao, texto)
values(12, 24, 'B', 'Poderá ser julgado pelo Estado acreditado desde que o agente renuncie a imunidade de jurisdição.');
insert into opcoes (num_exame, num_questao, letra_opcao, texto)
values(12, 24, 'C', 'Em nenhuma circunstância pode ser julgado pelo Estado acreditado.');
insert into opcoes (num_exame, num_questao, letra_opcao, texto)
values(12, 24, 'D', 'Poderá ser julgado pelo Estado acreditado, desde que o Estado acreditante renuncie expressamente à imunidade de jurisdição.');
insert into questoes (num_exame, num_questao, enunciado, opcao_correta)
values(12, 25, 'Pedro adquire imóvel de João, que o alugava anteriormente a uma sociedade empresária. Sobre esse imóvel estavam pendentes de pagamento os seguintes tributos: o IPTU, a Contribuição de Melhoria, a Taxa de Coleta Domiciliar de Lixo e a Taxa de Inspeção Sanitária devida pelo exercício do poder de polícia, em função da atividade ali desenvolvida. Com relação à responsabilidade tributária, assinale a afirmativa correta.', 'A');
insert into opcoes (num_exame, num_questao, letra_opcao, texto)
values(12, 25, 'A', 'Pedro só se torna responsável tributário do IPTU, da Taxa de Coleta Domiciliar de Lixo e da Contribuição de Melhoria, permanecendo João como sujeito passivo da Taxa de Inspeção Sanitária.');
insert into opcoes (num_exame, num_questao, letra_opcao, texto)
values(12, 25, 'B', 'Pedro só se torna responsável tributário do IPTU e da Taxa de Coleta Domiciliar de Lixo, permanecendo João como sujeito passivo da Taxa de Inspeção Sanitária e da Contribuição de Melhoria.');
insert into opcoes (num_exame, num_questao, letra_opcao, texto)
values(12, 25, 'C', 'Pedro é o responsável tributário de todos os tributos, devido à sucessão imobiliária.');
insert into opcoes (num_exame, num_questao, letra_opcao, texto)
values(12, 25, 'D', 'João continua sendo o sujeito passivo de todos os tributos, muito embora o imóvel tenha sido adquirido por Pedro.');
insert into questoes (num_exame, num_questao, enunciado, opcao_correta)
values(12, 26, 'Em procedimento de fiscalização, a Secretaria da Receita Federal do Brasil identificou lucro não declarado por três sociedades empresárias, que o obtiveram em conluio, fruto do tráfico de entorpecentes. Sobre a hipótese sugerida, assinale a afirmativa correta.', 'A');
insert into opcoes (num_exame, num_questao, letra_opcao, texto)
values(12, 26, 'A', 'O imposto sobre a renda é devido face ao princípio da interpretação objetiva do fato gerador, também conhecido como o princípio do pecunia non olet.');
insert into opcoes (num_exame, num_questao, letra_opcao, texto)
values(12, 26, 'B', 'Não caberá tributação e, sim, confisco da respectiva renda.');
insert into opcoes (num_exame, num_questao, letra_opcao, texto)
values(12, 26, 'C', 'Não caberá tributo, uma vez que tributo não é sanção de ato ilícito.');
insert into opcoes (num_exame, num_questao, letra_opcao, texto)
values(12, 26, 'D', 'Caberá aplicação de multa fiscal pela não declaração de lucro, ficando afastada a incidência do tributo, sem prejuízo da punição na esfera penal.');
insert into questoes (num_exame, num_questao, enunciado, opcao_correta)
values(12, 27, 'Em relação ao imposto sobre a propriedade de veículos automotores – IPVA -, assinale a única opção INCOMPATÍVEL com o previsto na Constituição Federal.', 'A');
insert into opcoes (num_exame, num_questao, letra_opcao, texto)
values(12, 27, 'A', 'Poderão ser estabelecidas alíquotas diferenciadas do IPVA em função da procedência do veículo, se nacional ou estrangeira.');
insert into opcoes (num_exame, num_questao, letra_opcao, texto)
values(12, 27, 'B', 'O IPVA é um imposto de competência dos Estados e do Distrito Federal.');
insert into opcoes (num_exame, num_questao, letra_opcao, texto)
values(12, 27, 'C', 'Poderão ser estabelecidas alíquotas diferenciadas do IPVA em função do tipo e da utilização do veículo.');
insert into opcoes (num_exame, num_questao, letra_opcao, texto)
values(12, 27, 'D', 'Pertence aos municípios parte do produto da arrecadação do IPVA relativamente aos veículos automotores licenciados em seus territórios.');
insert into questoes (num_exame, num_questao, enunciado, opcao_correta)
values(12, 28, 'A respeito dos Princípios Tributários Expressos e Implícitos, à luz da Constituição da República de 1988, assinale a opção INCORRETA.', 'A');
insert into opcoes (num_exame, num_questao, letra_opcao, texto)
values(12, 28, 'A', 'É vedado à União instituir isenções de tributos de competência dos Estados, do Distrito Federal e dos Municípios.');
insert into opcoes (num_exame, num_questao, letra_opcao, texto)
values(12, 28, 'B', 'O princípio da irretroatividade veda a cobrança de tributos em relação a fatos geradores ocorridos antes do início da vigência da lei que os houver instituído ou aumentado.');
insert into opcoes (num_exame, num_questao, letra_opcao, texto)
values(12, 28, 'C', 'É vedado aos Estados, ao Distrito Federal e aos Municípios estabelecer diferença tributária entre bens e serviços, de qualquer natureza, em razão de sua procedência ou destino.');
insert into opcoes (num_exame, num_questao, letra_opcao, texto)
values(12, 28, 'D', 'Pelo princípio da anterioridade, para que os tributos possam ser cobrados a cada exercício, é necessária a prévia autorização na lei orçamentária.');
insert into questoes (num_exame, num_questao, enunciado, opcao_correta)
values(12, 29, 'O Município de Barra Alta realizou a desapropriação de grande parcela do imóvel de Manoel Silva e deixou uma parcela inaproveitável para o proprietário. No caso descrito, o proprietário obterá êxito se pleitear', 'A');
insert into opcoes (num_exame, num_questao, letra_opcao, texto)
values(12, 29, 'A', 'a reintegração de posse de todo o imóvel em função da má-fé do Município.');
insert into opcoes (num_exame, num_questao, letra_opcao, texto)
values(12, 29, 'B', 'o direito de extensão da desapropriação em relação à área inaproveitável.');
insert into opcoes (num_exame, num_questao, letra_opcao, texto)
values(12, 29, 'C', 'a anulação da desapropriação em relação à parcela do imóvel suficiente para tornar a área restante economicamente aproveitável.');
insert into opcoes (num_exame, num_questao, letra_opcao, texto)
values(12, 29, 'D', 'a anulação integral da desapropriação, pois a mesma foi ilegal.');
insert into questoes (num_exame, num_questao, enunciado, opcao_correta)
values(12, 30, 'A Administração Pública estadual pretende realizar uma licitação em modalidade não prevista na legislação federal. Nesse caso, é correto afirmar que', 'A');
insert into opcoes (num_exame, num_questao, letra_opcao, texto)
values(12, 30, 'A', 'a intenção é viável, pois o Estado tem ampla competência para legislar sobre licitações.');
insert into opcoes (num_exame, num_questao, letra_opcao, texto)
values(12, 30, 'B', 'a intenção somente é viável caso seja realizada a combinação de modalidades de licitação já previstas na Lei n. 8.666/93.');
insert into opcoes (num_exame, num_questao, letra_opcao, texto)
values(12, 30, 'C', 'a intenção não é viável por expressa vedação da Lei n. 8.666/93.');
insert into opcoes (num_exame, num_questao, letra_opcao, texto)
values(12, 30, 'D', 'a intenção é viável por expressa autorização da Lei n. 8.666/93.');
insert into questoes (num_exame, num_questao, enunciado, opcao_correta)
values(12, 31, 'João é parte em processo administrativo federal regulado pela Lei n. 9.784/1999, no qual foi proferida decisão que rejeitou sua pretensão. João pretende recorrer dessa decisão. Acerca do caso apresentado, e observando o disposto na lei citada, assinale a afirmativa correta.', 'A');
insert into opcoes (num_exame, num_questao, letra_opcao, texto)
values(12, 31, 'A', 'O recurso de João deverá ser dirigido diretamente à autoridade hierarquicamente superior à autoridade que proferiu a decisão.');
insert into opcoes (num_exame, num_questao, letra_opcao, texto)
values(12, 31, 'B', 'O prazo para interposição de recurso administrativo, salvo disposição legal específica, é de trinta dias, contado a partir da ciência ou da divulgação oficial da decisão recorrida.');
insert into opcoes (num_exame, num_questao, letra_opcao, texto)
values(12, 31, 'C', 'A interposição de recurso administrativo depende do oferecimento de caução, salvo expressa dispensa legal.');
insert into opcoes (num_exame, num_questao, letra_opcao, texto)
values(12, 31, 'D', 'O não conhecimento do recurso não impedirá a Administração de rever de ofício o ato ilegal, desde que não ocorrida a preclusão administrativa.');
insert into questoes (num_exame, num_questao, enunciado, opcao_correta)
values(12, 32, 'Cláudio, servidor público federal estável, foi demitido por suposta prática de ato de insubordinação grave em serviço. Diante da inexistência de regular processo administrativo disciplinar, Cláudio conseguiu judicialmente a anulação da demissão e a reinvestidura no cargo anteriormente ocupado. Ocorre que tal cargo já estava ocupado por João, que também é servidor público estável. Considerando o caso concreto, assinale a afirmativa correta.', 'A');
insert into opcoes (num_exame, num_questao, letra_opcao, texto)
values(12, 32, 'A', 'Sendo Cláudio reinvestido, o ato configura reintegração. Caso João ocupasse outro cargo originariamente, seria reconduzido a ele, com direito à indenização.');
insert into opcoes (num_exame, num_questao, letra_opcao, texto)
values(12, 32, 'B', 'Sendo Cláudio reinvestido, o ato configura reversão. Caso João ocupasse outro cargo originariamente, seria reconduzido a ele, com direito à indenização.');
insert into opcoes (num_exame, num_questao, letra_opcao, texto)
values(12, 32, 'C', 'Cláudio obteve em juízo sua reintegração. João será reconduzido ao cargo de origem, sem indenização, ou será aproveitado em outro cargo ou posto em disponibilidade.');
insert into opcoes (num_exame, num_questao, letra_opcao, texto)
values(12, 32, 'D', 'Cláudio obteve em juízo sua reversão. João será reconduzido ao cargo de origem, sem indenização, ou será aproveitado em outro cargo ou posto em disponibilidade.');
insert into questoes (num_exame, num_questao, enunciado, opcao_correta)
values(12, 33, 'O Estado X concedeu a Fulano autorização para a prática de determinada atividade. Posteriormente, é editada lei vedando a realização daquela atividade. Diante do exposto, e considerando as formas de extinção dos atos administrativos, assinale a afirmativa correta.', 'A');
insert into opcoes (num_exame, num_questao, letra_opcao, texto)
values(12, 33, 'A', 'Deve ser declarada a nulidade do ato em questão.');
insert into opcoes (num_exame, num_questao, letra_opcao, texto)
values(12, 33, 'B', 'Deve ser declarada a caducidade do ato em questão.');
insert into opcoes (num_exame, num_questao, letra_opcao, texto)
values(12, 33, 'C', 'O ato em questão deve ser cassado.');
insert into opcoes (num_exame, num_questao, letra_opcao, texto)
values(12, 33, 'D', 'O ato em questão deve ser revogado.');
insert into questoes (num_exame, num_questao, enunciado, opcao_correta)
values(12, 34, 'O Estado ABCD, com vistas à interiorização e ao incremento das atividades econômicas, constituiu empresa pública para implantar distritos industriais, elaborar planos de ocupação e auxiliar empresas interessadas na aquisição dessas áreas. Considerando que esse objeto significa a exploração de atividade econômica pelo Estado, assinale a afirmativa correta.', 'A');
insert into opcoes (num_exame, num_questao, letra_opcao, texto)
values(12, 34, 'A', 'Não é possível a exploração de atividade econômica por pessoa jurídica integrante da Administração direta ou indireta.');
insert into opcoes (num_exame, num_questao, letra_opcao, texto)
values(12, 34, 'B', 'As pessoas jurídicas integrantes da Administração indireta não podem explorar atividade econômica.');
insert into opcoes (num_exame, num_questao, letra_opcao, texto)
values(12, 34, 'C', 'Dentre as figuras da Administração Pública indireta, apenas a autarquia pode desempenhar atividade econômica, na qualidade de agência reguladora.');
insert into opcoes (num_exame, num_questao, letra_opcao, texto)
values(12, 34, 'D', 'A constituição de empresa pública para exercer atividade econômica é permitida quando necessária ao atendimento de relevante interesse coletivo.');
insert into questoes (num_exame, num_questao, enunciado, opcao_correta)
values(12, 35, 'Com relação aos ecossistemas Floresta Amazônica, Mata Atlântica, Serra do Mar, Pantanal matogrossense e Zona Costeira, assinale a afirmativa correta.', 'A');
insert into opcoes (num_exame, num_questao, letra_opcao, texto)
values(12, 35, 'A', 'Tais ecossistemas são considerados pela CRFB/1988 patrimônio difuso, logo todos os empreendimentos nessas áreas devem ser precedidos de licenciamento e estudo prévio de impacto ambiental.');
insert into opcoes (num_exame, num_questao, letra_opcao, texto)
values(12, 35, 'B', 'Tais ecossistemas são considerados patrimônio nacional, devendo a lei infraconstitucional disciplinar as condições de utilização e de uso dos recursos naturais, de modo a garantir a preservação do meio ambiente.');
insert into opcoes (num_exame, num_questao, letra_opcao, texto)
values(12, 35, 'C', 'Tais ecossistemas são considerados bens públicos, pertencentes à União, devendo a lei infraconstitucional disciplinar suas condições de utilização, o uso dos recursos naturais e as formas de preservação.');
insert into opcoes (num_exame, num_questao, letra_opcao, texto)
values(12, 35, 'D', 'Tais ecossistemas possuem terras devolutas que são, a partir da edição da Lei n. 9985/2000, consideradas unidades de conservação de uso sustentável, devendo a lei especificar as regras de ocupação humana nessas áreas.');
insert into questoes (num_exame, num_questao, enunciado, opcao_correta)
values(12, 36, 'O estado Y pretende melhorar a qualidade do ar e da água em certa região que compõe o seu território, a qual é abrangida por quatro municípios. Considerando o caso, assinale a alternativa que indica a medida que o estado Y deve adotar.', 'A');
insert into opcoes (num_exame, num_questao, letra_opcao, texto)
values(12, 36, 'A', 'Instituir Região Metropolitana por meio de lei ordinária, a qual retiraria as competências dos referidos municípios para disciplinar as matérias.');
insert into opcoes (num_exame, num_questao, letra_opcao, texto)
values(12, 36, 'B', 'Por iniciativa da Assembleia Estadual, editar lei definindo a região composta pelos municípios como área de preservação permanente, estabelecendo padrões ambientais mínimos, de acordo com o plano de manejo.');
insert into opcoes (num_exame, num_questao, letra_opcao, texto)
values(12, 36, 'C', 'Editar lei complementar, de iniciativa do Governador do estado, a qual imporá níveis de qualidade a serem obedecidos pelos municípios, sob controle e fiscalização do órgão ambiental estadual.');
insert into opcoes (num_exame, num_questao, letra_opcao, texto)
values(12, 36, 'D', 'Incentivar os municípios que atingirem as metas ambientais estipuladas em lei estadual, por meio de distribuição de parte do ICMS arrecadado, nos limites constitucionalmente autorizados.');
insert into questoes (num_exame, num_questao, enunciado, opcao_correta)
values(12, 37, 'José, brasileiro, casado no regime da separação absoluta de bens, professor universitário e plenamente capaz para os atos da vida civil, desapareceu de seu domicílio, estando em local incerto e não sabido, não havendo indícios ou notícias das razões de seu desaparecimento, não existindo, também, outorga de poderes a nenhum mandatário, nem feitura de testamento. Vera (esposa) e Cássia (filha de José e Vera, maior e capaz) pretendem a declaração de sua morte presumida, ajuizando ação pertinente, diante do juízo competente. De acordo com as regras concernentes ao instituto jurídico da morte presumida com declaração de ausência, assinale a opção correta.', 'A');
insert into opcoes (num_exame, num_questao, letra_opcao, texto)
values(12, 37, 'A', 'Na fase de curadoria dos bens do ausente, diante da ausência de representante ou mandatário, o juiz nomeará como sua curadora legítima Cássia, pois apenas na falta de descendentes, tal curadoria caberá ao cônjuge supérstite, casado no regime da separação absoluta de bens.');
insert into opcoes (num_exame, num_questao, letra_opcao, texto)
values(12, 37, 'B', 'Na fase de sucessão provisória, mesmo que comprovada a qualidade de herdeiras de Vera e Cássia, estas, para se imitirem na posse dos bens do ausente, terão que dar garantias da restituição deles, mediante penhores ou hipotecas equivalentes aos quinhões respectivos.');
insert into opcoes (num_exame, num_questao, letra_opcao, texto)
values(12, 37, 'C', 'Na fase de sucessão definitiva, regressando José dentro dos dez anos seguintes à abertura da sucessão definitiva, terá ele direito aos bens ainda existentes, no estado em que se encontrarem, mas não aos bens que foram comprados com a venda dos bens que lhe pertenciam.');
insert into opcoes (num_exame, num_questao, letra_opcao, texto)
values(12, 37, 'D', 'Quanto ao casamento de José e Vera, o Código Civil atual reconhece efeitos pessoais e não apenas patrimoniais ao instituto da ausência, possibilitando que a sociedade conjugal seja dissolvida como decorrência da morte presumida do ausente.');
insert into questoes (num_exame, num_questao, enunciado, opcao_correta)
values(12, 38, 'Bruno cedeu a Fábio um crédito representado em título, no valor de R$ 20.000,00 (vinte mil reais), que possuía com Caio. Considerando a hipótese acima e as regras sobre cessão de crédito, assinale a afirmativa correta.', 'A');
insert into opcoes (num_exame, num_questao, letra_opcao, texto)
values(12, 38, 'A', 'Caio não poderá opor a Fábio a exceção de dívida prescrita que, no momento em que veio a ter conhecimento da cessão, tinha contra Bruno, em virtude da preclusão.');
insert into opcoes (num_exame, num_questao, letra_opcao, texto)
values(12, 38, 'B', 'Caso Fábio tenha cedido o crédito recebido de Bruno a Mário e este, posteriormente, ceda o crédito a Júlio, prevalecerá a cessão de crédito que se completar com a tradição do título cedido.');
insert into opcoes (num_exame, num_questao, letra_opcao, texto)
values(12, 38, 'C', 'Bruno, ao ceder a Fábio crédito a título oneroso, não ficará responsável pela existência do crédito ao tempo em que cedeu, salvo por expressa garantia.');
insert into opcoes (num_exame, num_questao, letra_opcao, texto)
values(12, 38, 'D', 'Conforme regra geral disposta no Código Civil, Bruno será obrigado a pagar a Fábio o valor correspondente ao crédito, caso Caio torne-se insolvente.');
insert into questoes (num_exame, num_questao, enunciado, opcao_correta)
values(12, 39, 'José celebrou com Maria um contrato de compra e venda de imóvel, no valor de R$100.000,00, quantia paga à vista, ficando ajustada entre as partes a exclusão da responsabilidade do alienante pela evicção. A respeito desse caso, vindo a adquirente a perder o bem em decorrência de decisão judicial favorável a terceiro, assinale a afirmativa correta.', 'A');
insert into opcoes (num_exame, num_questao, letra_opcao, texto)
values(12, 39, 'A', 'Tal cláusula, que exonera o alienante da responsabilidade pela evicção, é vedada pelo ordenamento jurídico brasileiro.');
insert into opcoes (num_exame, num_questao, letra_opcao, texto)
values(12, 39, 'B', 'Não obstante a cláusula de exclusão da responsabilidade pela evicção, se Maria não sabia do risco, ou, dele informada, não o assumiu, deve José restituir o valor que recebeu pelo bem imóvel.');
insert into opcoes (num_exame, num_questao, letra_opcao, texto)
values(12, 39, 'C', 'Não obstante a cláusula de exclusão da responsabilidade pela evicção, Maria, desconhecendo o risco, terá direito à dobra do valor pago, a título de indenização pelos prejuízos dela resultantes.');
insert into opcoes (num_exame, num_questao, letra_opcao, texto)
values(12, 39, 'D', 'O valor a ser restituído para Maria será aquele ajustado quando da celebração do negócio jurídico, atualizado monetariamente, sendo irrelevante se tratar de evicção total ou parcial.');
insert into questoes (num_exame, num_questao, enunciado, opcao_correta)
values(12, 40, 'Alexandre, pai de Bruno, celebrou contrato com Carlos, o qual lhe concedeu o direito de superfície para realizar construção de um albergue em seu terreno e explorá-lo por 10 anos, mediante o pagamento da quantia de R$100.000,00. Passados quatro anos, Alexandre veio a falecer. Diante do negócio jurídico celebrado, assinale a afirmativa INCORRETA.', 'A');
insert into opcoes (num_exame, num_questao, letra_opcao, texto)
values(12, 40, 'A', 'O superficiário pode realizar obra no subsolo, de modo a ampliar sua atividade.');
insert into opcoes (num_exame, num_questao, letra_opcao, texto)
values(12, 40, 'B', 'O superficiário responde pelos encargos e tributos que incidirem sobre o imóvel.');
insert into opcoes (num_exame, num_questao, letra_opcao, texto)
values(12, 40, 'C', 'O direito de superfície será transferido a Bruno, em razão da morte de Alexandre.');
insert into opcoes (num_exame, num_questao, letra_opcao, texto)
values(12, 40, 'D', 'O superficiário terá direito de preferência, caso Carlos decida vender o imóvel.');
insert into questoes (num_exame, num_questao, enunciado, opcao_correta)
values(12, 41, 'Pedro, dezessete anos de idade, mora com seus pais no edifício Clareira do Bosque e, certa manhã, se desentendeu com seu vizinho Manoel, dezoito anos. O desentendimento ocorreu logo após Manoel, por equívoco do porteiro, ter recebido e lido o jornal pertencente aos pais do adolescente. Manoel, percebido o equívoco, promoveu a imediata devolução do periódico, momento no qual foi surpreendido com atitude inesperada de Pedro que, revoltado com o desalinho das páginas, o agrediu com um soco no rosto, provocando a quebra de três dentes. Como Manoel é modelo profissional, pretende ser indenizado pelos custos com implantes dentários, bem como pelo cancelamento de sua participação em um comercial de televisão. Tendo em conta o regramento da responsabilidade civil por fato de outrem, assinale a afirmativa correta.', 'A');
insert into opcoes (num_exame, num_questao, letra_opcao, texto)
values(12, 41, 'A', 'Pedro responderá solidariamente com seus pais pelos danos causados a Manoel, inclusive com indenização pela perda de uma chance, decorrente do cancelamento da participação da vítima no comercial de televisão.');
insert into opcoes (num_exame, num_questao, letra_opcao, texto)
values(12, 41, 'B', 'Somente os pais de Pedro terão responsabilidade objetiva pelos danos causados pelo filho, mas detêm o direito de reaver de Pedro, posteriormente, os danos indenizáveis a Manoel.');
insert into opcoes (num_exame, num_questao, letra_opcao, texto)
values(12, 41, 'C', 'Se os pais de Pedro não dispuserem de recursos suficientes para pagar a indenização, e Pedro tiver recursos, este responderá subsidiária e equitativamente pelos danos causados a Manoel.');
insert into opcoes (num_exame, num_questao, letra_opcao, texto)
values(12, 41, 'D', 'Os pais de Pedro terão responsabilidade subjetiva pelos danos causados pelo filho a Manoel, devendo, para tanto, ser comprovada a culpa in vigilando dos genitores.');
insert into questoes (num_exame, num_questao, enunciado, opcao_correta)
values(12, 42, 'Tiago, com 17 anos de idade e relativamente incapaz, sob autoridade de seus pais Mário e Fabiana, recebeu, por doação de seu tio, um imóvel localizado na rua Sete de Setembro, com dois pavimentos, contendo três lojas comerciais no primeiro piso e dois apartamentos no segundo piso. Tiago trabalha como cantor nos finais de semana, tendo uma renda mensal de R$ 3.000,00 (três mil reais). Face aos fatos narrados e considerando as regras de Direito Civil, assinale a opção correta.', 'A');
insert into opcoes (num_exame, num_questao, letra_opcao, texto)
values(12, 42, 'A', 'Mário e Fabiana exercem sobre os bens imóveis de Tiago o direito de usufruto convencional, inerente à relação de parentesco que perdurará até a maioridade civil ou emancipação de Tiago.');
insert into opcoes (num_exame, num_questao, letra_opcao, texto)
values(12, 42, 'B', 'Mário e Fabiana poderão alienar ou onerar o bem imóvel de Tiago, desde que haja prévia autorização do Ministério Público e seja demonstrado o evidente interesse da prole.');
insert into opcoes (num_exame, num_questao, letra_opcao, texto)
values(12, 42, 'C', 'Mário e Fabiana não poderão administrar os valores auferidos por Tiago no exercício de atividade de cantor, bem como os bens com tais recursos adquiridos.');
insert into opcoes (num_exame, num_questao, letra_opcao, texto)
values(12, 42, 'D', 'Mario e Fabiana, entrando em colisão de interesses com Tiago sobre a administração dos bens, facultam ao juiz, de ofício, nomear curador especial.');
insert into questoes (num_exame, num_questao, enunciado, opcao_correta)
values(12, 43, 'João Marcos, renomado escritor, adota, em suas publicações literárias, o pseudônimo Hilton Carrillo, pelo qual é nacionalmente conhecido. Vítor, editor da Revista “Z”, empregou o pseudônimo Hilton Carrillo em vários artigos publicados nesse periódico, de sorte a expô-lo ao ridículo e ao desprezo público. Em face dessas considerações, assinale a afirmativa correta.', 'A');
insert into opcoes (num_exame, num_questao, letra_opcao, texto)
values(12, 43, 'A', 'A legislação civil, com o intuito de evitar o anonimato, não protege o pseudônimo e, em razão disso, não há de se cogitar em ofensa a direito da personalidade, no caso em exame.');
insert into opcoes (num_exame, num_questao, letra_opcao, texto)
values(12, 43, 'B', 'A Revista “Z”pode utilizar o referido pseudônimo em uma propaganda comercial, associado a um pequeno trecho da obra do referido escritor sem expô-lo ao ridículo ou ao desprezo público, independente da sua autorização.');
insert into opcoes (num_exame, num_questao, letra_opcao, texto)
values(12, 43, 'C', 'O uso indevido do pseudônimo sujeita quem comete o abuso às sanções legais pertinentes, como interrupção de sua utilização e perdas e danos.');
insert into opcoes (num_exame, num_questao, letra_opcao, texto)
values(12, 43, 'D', 'O pseudônimo da pessoa pode ser empregado por outrem em publicações ou representações que a exponham ao desprezo público, quando não há intenção difamatória.');
insert into questoes (num_exame, num_questao, enunciado, opcao_correta)
values(12, 44, 'Paulo, de 4 anos, é filho de Carla e não teve a sua paternidade reconhecida. Cláudio, avô de Carla e bisavô de Paulo, muito preocupado com o futuro do bisneto, pretende adotá-lo, tendo em vista que Carla ostenta uma situação financeira precária e, na opinião do avô, não é muito responsável. Acerca da possibilidade de adoção de Paulo por Cláudio, assinale a afirmativa correta.', 'A');
insert into opcoes (num_exame, num_questao, letra_opcao, texto)
values(12, 44, 'A', 'Cláudio sendo bisavô de Paulo e membro de sua família extensa, terá prioridade na adoção da criança, exigindo-se, contudo, que Carla, mãe de Paulo, autorize e que o adotando dê o seu consentimento em juízo.');
insert into opcoes (num_exame, num_questao, letra_opcao, texto)
values(12, 44, 'B', 'Cláudio, por ser bisavô de Paulo, não poderá adotá-lo, mesmo que Carla consinta, já que tal medida excepcional não é permitida quando o adotante é ascendente ou irmão do adotando.');
insert into opcoes (num_exame, num_questao, letra_opcao, texto)
values(12, 44, 'C', 'Como Cláudio só poderá adotar Paulo se Carla for destituída do poder familiar exercido em favor da criança, a medida, dada a sua excepcionalidade, só se justificaria na hipótese de adoção bilateral.');
insert into opcoes (num_exame, num_questao, letra_opcao, texto)
values(12, 44, 'D', 'Claudio, por ser bisavô de Paulo, por um lado, tem prioridade na adoção da criança, mas, por outro, só poderá adotá-lo se Carla, além de autorizar a medida, for destituída do poder familiar.');
insert into questoes (num_exame, num_questao, enunciado, opcao_correta)
values(12, 45, 'O Estatuto da Criança e do Adolescente estabelece os princípios que devem ser adotados por entidades que desenvolvam programas de acolhimento familiar ou institucional. Segundo esses princípios, assinale a afirmativa correta.', 'A');
insert into opcoes (num_exame, num_questao, letra_opcao, texto)
values(12, 45, 'A', 'As entidades devem buscar constantemente a transferência para outras entidades de crianças e adolescentes abrigados, a fim de promover e aprofundar a integração entre eles e os diferentes contextos sociais.');
insert into opcoes (num_exame, num_questao, letra_opcao, texto)
values(12, 45, 'B', 'Por força de disposição expressa de lei, o dirigente das entidades com o objetivo de acolhimento institucional ou familiar é equiparado ao guardião, para todos os efeitos de direito.');
insert into opcoes (num_exame, num_questao, letra_opcao, texto)
values(12, 45, 'C', 'Mesmo inserida em programa de acolhimento institucional ou familiar, a criança ou o adolescente deve ser estimulado a manter contato com seus pais ou responsável.');
insert into opcoes (num_exame, num_questao, letra_opcao, texto)
values(12, 45, 'D', 'É vedado o acolhimento de crianças e adolescentes em entidades que mantenham programa de acolhimento institucional sem prévia determinação da autoridade competente.');
insert into questoes (num_exame, num_questao, enunciado, opcao_correta)
values(12, 46, 'O Banco XYZ, com objetivo de aumentar sua clientela, enviou proposta de abertura de conta corrente com cartão de crédito para diversos estudantes universitários. Ocorre que, por desatenção de um dos encarregados pela instituição financeira da entrega das propostas, o conteúdo da proposta encaminhada para a estudante Bruna, de dezoito anos, foi furtado. O cartão de crédito foi utilizado indevidamente por terceiro, sendo Bruna surpreendida com boletos e ligações de cobrança por compras que não realizou. O episódio culminou com posterior inclusão do seu nome em um cadastro negativo de restrições ao crédito. Bruna nunca solicitou o envio do cartão ou da proposta de abertura de conta, e sequer celebrou contrato com o Banco XYZ, mas tem dúvidas acerca de eventual direito à indenização. Na qualidade de Advogado, diante do caso concreto, assinale a afirmativa correta.', 'A');
insert into opcoes (num_exame, num_questao, letra_opcao, texto)
values(12, 46, 'A', 'A conduta adotada pelo Banco XYZ é prática abusiva à luz do Código do Consumidor, mas como Bruna não é consumidora, haja vista a ausência de vínculo contratual, deverá se utilizar das regras do Código Civil para fins de eventual indenização.');
insert into opcoes (num_exame, num_questao, letra_opcao, texto)
values(12, 46, 'B', 'A pessoa exposta a uma prática abusiva, como na hipótese do envio de produto não solicitado, é equiparada a consumidor, logo Bruna pode postular indenização com base no Código do Consumidor.');
insert into opcoes (num_exame, num_questao, letra_opcao, texto)
values(12, 46, 'C', 'A prática bancária em questão é abusiva segundo o Código do Consumidor, mas o furto sofrido pelo preposto do Banco XYZ configura culpa exclusiva de terceiro, excludente da obrigação da instituição financeira de indenizar Bruna.');
insert into opcoes (num_exame, num_questao, letra_opcao, texto)
values(12, 46, 'D', 'O envio de produto sem solicitação do consumidor não é expressamente vedado pela lei consumerista, que apenas considera o produto como mera amostra grátis, afastando eventual obrigação do Banco XYZ de indenizar Bruna.');
insert into questoes (num_exame, num_questao, enunciado, opcao_correta)
values(12, 47, 'Maria e Manoel, casados, pais dos gêmeos Gabriel e Thiago que têm apenas três meses de vida, residem há seis meses no Condomínio Vila Feliz. O fornecimento do serviço de energia elétrica na cidade onde moram é prestado por um única concessionária, a Companhia de Eletricidade Luz S.A. Há uma semana, o casal vem sofrendo com as contínuas e injustificadas interrupções na prestação do serviço pela concessionária, o que já acarretou a queima do aparelho de televisão e da geladeira, com a perda de todos os alimentos nela contidos. O casal pretende ser indenizado. Nesse caso, à luz do princípio da vulnerabilidade previsto no Código de Proteção e Defesa do Consumidor, assinale a afirmativa correta.', 'A');
insert into opcoes (num_exame, num_questao, letra_opcao, texto)
values(12, 47, 'A', 'Prevalece o entendimento jurisprudencial no sentido de que a vulnerabilidade no Código do Consumidor é sempre presumida, tanto para o consumidor pessoa física, Maria e Manoel, quanto para a pessoa jurídica, no caso, o Condomínio Vila Feliz, tendo ambos direitos básicos à indenização e à inversão judicial automática do ônus da prova.');
insert into opcoes (num_exame, num_questao, letra_opcao, texto)
values(12, 47, 'B', 'A doutrina consumerista dominante considera a vulnerabilidade um conceito jurídico indeterminado, plurissignificativo, sendo correto afirmar que, no caso em questão, está configurada a vulnerabilidade fática do casal diante da concessionária, havendo direito básico à indenização pela interrupção imotivada do serviço público essencial.');
insert into opcoes (num_exame, num_questao, letra_opcao, texto)
values(12, 47, 'C', 'É dominante o entendimento no sentido de que a vulnerabilidade nas relações de consumo é sinônimo exato de hipossuficiência econômica do consumidor. Logo, basta ao casal Maria e Manoel demonstrá-la para receber a integral proteção das normas consumeristas e o consequente direito básico à inversão automática do ônus da prova e a ampla indenização pelos danos sofridos.');
insert into opcoes (num_exame, num_questao, letra_opcao, texto)
values(12, 47, 'D', 'A vulnerabilidade nas relações de consumo se divide em apenas duas espécies: a jurídica ou científica e a técnica. Aquela representa a falta de conhecimentos jurídicos ou outros pertinentes à contabilidade e à economia, e esta, à ausência de conhecimentos específicos sobre o serviço oferecido, sendo que sua verificação é requisito legal para inversão do ônus da prova a favor do casal e do consequente direito à indenização.');
insert into questoes (num_exame, num_questao, enunciado, opcao_correta)
values(12, 48, 'Sobre a licença compulsória, assinale a afirmativa correta.', 'A');
insert into opcoes (num_exame, num_questao, letra_opcao, texto)
values(12, 48, 'A', 'É a hipótese em que o Estado outorga o direito de patente ao autor da invenção sem a sua iniciativa.');
insert into opcoes (num_exame, num_questao, letra_opcao, texto)
values(12, 48, 'B', 'É cabível sua concessão se a comercialização não satisfizer às necessidades do mercado.');
insert into opcoes (num_exame, num_questao, letra_opcao, texto)
values(12, 48, 'C', 'Pode ser concedida com exclusividade, a critério do Instituto Nacional da Propriedade Industrial.');
insert into opcoes (num_exame, num_questao, letra_opcao, texto)
values(12, 48, 'D', 'É admitido o sublicenciamento, com a concordância prévia do licenciante.');
insert into questoes (num_exame, num_questao, enunciado, opcao_correta)
values(12, 49, 'Com relação às sociedades anônimas, assinale a opção correta.', 'A');
insert into opcoes (num_exame, num_questao, letra_opcao, texto)
values(12, 49, 'A', 'As ações preferenciais são sempre ações sem direito de voto e com prioridade no recebimento de dividendos fixos e cumulativos.');
insert into opcoes (num_exame, num_questao, letra_opcao, texto)
values(12, 49, 'B', 'A vantagem das ações preferenciais de companhia fechada pode consistir exclusivamente em prioridade no reembolso do capital.');
insert into opcoes (num_exame, num_questao, letra_opcao, texto)
values(12, 49, 'C', 'A primeira convocação de assembleia geral de companhia fechada deverá ser feita no prazo de 15 (quinze) dias antes de sua realização.');
insert into opcoes (num_exame, num_questao, letra_opcao, texto)
values(12, 49, 'D', 'O conselho de administração é órgão obrigatório em todas as sociedades anônimas fechadas, com capital autorizado e de economia mista.');
insert into questoes (num_exame, num_questao, enunciado, opcao_correta)
values(12, 50, 'Fontoura Xavier sacou letra de câmbio à ordem no valor de R$ 20.000,00 (vinte mil reais) em face de Sales Oliveira, pagável à vista na praça de Itaocara, indicando como beneficiário Rezende Costa. Com base nos dados apresentados e na legislação sobre letra de câmbio, assinale a afirmativa INCORRETA.', 'A');
insert into opcoes (num_exame, num_questao, letra_opcao, texto)
values(12, 50, 'A', 'O vencimento da letra de câmbio ocorrerá na data de sua apresentação pelo beneficiário ao sacado, Sales Oliveira.');
insert into opcoes (num_exame, num_questao, letra_opcao, texto)
values(12, 50, 'B', 'Se o sacador, Fontoura Xavier, inserir a cláusula “sem despesas” será facultativo o protesto por falta de pagamento.');
insert into opcoes (num_exame, num_questao, letra_opcao, texto)
values(12, 50, 'C', 'O beneficiário e portador, Rezende Costa, pode inserir no título a cláusula “não à ordem” antes de transferi-lo a terceiro.');
insert into opcoes (num_exame, num_questao, letra_opcao, texto)
values(12, 50, 'D', 'Se o sacador, Fontoura Xavier, inserir na letra de câmbio cláusula de juros e sua taxa, essa estipulação será considerada válida.');
insert into questoes (num_exame, num_questao, enunciado, opcao_correta)
values(12, 51, 'Laranja da Terra Comércio de Frutas Ltda. requereu sua recuperação judicial e o pedido foi distribuído para a 2ª Vara Cível. A distribuição do pedido de recuperação produziu como efeito', 'A');
insert into opcoes (num_exame, num_questao, letra_opcao, texto)
values(12, 51, 'A', 'a nomeação pelo juiz do administrador judicial dentre os maiores credores da sociedade em recuperação judicial.');
insert into opcoes (num_exame, num_questao, letra_opcao, texto)
values(12, 51, 'B', 'a suspensão das ações e execuções ajuizadas anteriormente ao pedido em face do devedor por até 180 (cento e oitenta) dias.');
insert into opcoes (num_exame, num_questao, letra_opcao, texto)
values(12, 51, 'C', 'a proibição de alienação ou oneração de bens ou direitos do ativo permanente, salvo evidente utilidade reconhecida pelo juiz, ouvido o Comitê.');
insert into opcoes (num_exame, num_questao, letra_opcao, texto)
values(12, 51, 'D', 'o afastamento imediato dos administradores e sócios controladores da sociedade até a deliberação dos credores sobre o plano de recuperação.');
insert into questoes (num_exame, num_questao, enunciado, opcao_correta)
values(12, 52, 'No contrato de alienação do estabelecimento da sociedade empresária Chaves & Cia Ltda., com sede em Theobroma, ficou pactuado que não haveria sub-rogação do adquirente nos contratos celebrados pelo alienante, em vigor na data da transferência, relativos ao fornecimento de matéria-prima para o exercício da empresa. Um dos sócios da sociedade empresária consulta sua advogada para saber se a estipulação é válida. Consoante as disposições legais sobre o estabelecimento, assinale a afirmativa correta.', 'A');
insert into opcoes (num_exame, num_questao, letra_opcao, texto)
values(12, 52, 'A', 'A estipulação é nula, pois o contrato de alienação do estabelecimento não pode afastar a sub-rogação do adquirente nos contratos celebrados anteriormente para sua exploração.');
insert into opcoes (num_exame, num_questao, letra_opcao, texto)
values(12, 52, 'B', 'A estipulação é válida, pois o contrato de alienação do estabelecimento pode afastar a sub-rogação do adquirente nos contratos celebrados anteriormente para sua exploração.');
insert into opcoes (num_exame, num_questao, letra_opcao, texto)
values(12, 52, 'C', 'A estipulação é anulável, podendo os terceiros rescindir seus contratos com a sociedade empresária em até 90 (noventa) dias a contar da publicação da transferência.');
insert into opcoes (num_exame, num_questao, letra_opcao, texto)
values(12, 52, 'D', 'A estipulação é considerada não escrita, por desrespeitar norma de ordem pública que impõe a solidariedade entre alienante e adquirente pelas obrigações referentes ao estabelecimento.');
insert into questoes (num_exame, num_questao, enunciado, opcao_correta)
values(12, 53, 'A respeito da relação entre a reconvenção e a ação na qual ela foi oferecida, assinale a afirmativa correta.', 'A');
insert into opcoes (num_exame, num_questao, letra_opcao, texto)
values(12, 53, 'A', 'São ações autônomas e, por isso, a reconvenção não tem o seu prosseguimento obstado pela desistência da ação primitiva.');
insert into opcoes (num_exame, num_questao, letra_opcao, texto)
values(12, 53, 'B', 'Em caso de extinção da demanda primitiva, sem resolução do mérito, a reconvenção não pode prosseguir, em razão da sua subordinação perante aquela.');
insert into opcoes (num_exame, num_questao, letra_opcao, texto)
values(12, 53, 'C', 'A reconvenção, por seu caráter acessório, não deve ser conhecida, no caso de desistência da ação primitiva, mas terá prosseguimento nos outros casos de extinção sem resolução de mérito.');
insert into opcoes (num_exame, num_questao, letra_opcao, texto)
values(12, 53, 'D', 'Em razão da prejudicialidade existente entre elas, a ação primitiva deve ser julgada em momento anterior à reconvenção.');
insert into questoes (num_exame, num_questao, enunciado, opcao_correta)
values(12, 54, 'A respeito do recurso, um dos meios de impugnação das decisões judiciais, assinale a afirmativa correta.', 'A');
insert into opcoes (num_exame, num_questao, letra_opcao, texto)
values(12, 54, 'A', 'O prazo será restituído em favor da parte, contra quem começará a correr novamente depois da intimação se, durante o prazo para interposição do recurso, falecer seu advogado e não houver outro advogado constituído nos autos.');
insert into opcoes (num_exame, num_questao, letra_opcao, texto)
values(12, 54, 'B', 'A decisão judicial que dispõe sobre os embargos à execução poderá ser impugnada por meio do recurso de agravo de instrumento.');
insert into opcoes (num_exame, num_questao, letra_opcao, texto)
values(12, 54, 'C', 'A desistência do recurso depende da anuência do recorrido e representa a extinção do processo.');
insert into opcoes (num_exame, num_questao, letra_opcao, texto)
values(12, 54, 'D', 'Os embargos de declaração interpostos em face de decisão judicial proferida em sede de Juizado Especial interrompem o prazo para o recurso.');
insert into questoes (num_exame, num_questao, enunciado, opcao_correta)
values(12, 55, 'A ação civil pública, nos moldes da Lei n. 7.347/85, é importante instrumento na promoção da tutela coletiva de direitos. Com efeito, a referida ação é capaz de gerar a tutela célere de direitos transindividuais obedecendo, dentre outros princípios, aos ideais de duração razoável do processo e de efetividade. Na apuração dos fatos e na colheita de elementos capazes de indicar a eventual conveniência da propositura de uma ação civil pública, ganha destaque a figura do inquérito civil no curso do qual, inclusive, pode ser assinado o termo de ajustamento de conduta. Com relação ao inquérito civil, assinale a afirmativa correta.', 'A');
insert into opcoes (num_exame, num_questao, letra_opcao, texto)
values(12, 55, 'A', 'É procedimento investigatório de caráter administrativo que obrigatoriamente tem que ser instaurado, a fim de fornecer o suporte probatório que lastreará a propositura da ação civil pública, a ser ajuizada imediatamente após a conclusão do inquérito civil.');
insert into opcoes (num_exame, num_questao, letra_opcao, texto)
values(12, 55, 'B', 'É procedimento investigatório de caráter administrativo que pode ser instaurado por qualquer dos colegitimados para a propositura da ação civil pública, sempre que julgarem ser preciso promover a melhor apuração dos fatos para, só então, propor a ação civil pública cabível.');
insert into opcoes (num_exame, num_questao, letra_opcao, texto)
values(12, 55, 'C', 'É procedimento investigatório de caráter administrativo que só pode ser instaurado pelo Ministério Público, que o fará sempre que considerar conveniente promover a melhor apuração dos fatos e colher maiores elementos de convicção para, só então e se concluir pertinente, propor a ação civil pública.');
insert into opcoes (num_exame, num_questao, letra_opcao, texto)
values(12, 55, 'D', 'É procedimento investigatório de caráter jurisdicional que pode ser instaurado por qualquer dos colegitimados para a propositura da ação civil pública, sempre que julgarem ser preciso promover a melhor apuração dos fatos e, no curso do qual, pode ser firmado compromisso de ajustamento de conduta.');
insert into questoes (num_exame, num_questao, enunciado, opcao_correta)
values(12, 56, 'O sistema de execução de decisões modernamente utilizado está muito atrelado à ideia de sincretismo processual. Por essa sistemática, em regra, tornou-se a execução um prolongamento do processo de conhecimento. Passou-se a ter um processo misto que não é mais nem puramente cognitivo nem puramente executivo. O novo sistema permitiu que a obtenção da tutela jurisdicional plena fosse mais rapidamente alcançada. Entretanto, em hipóteses específicas, ainda tem cabimento o processo de execução autônomo. Assinale a alternativa que contém título executivo judicial a ensejar a execução sincrética.', 'A');
insert into opcoes (num_exame, num_questao, letra_opcao, texto)
values(12, 56, 'A', 'A certidão de dívida ativa da Fazenda Pública da União, dos Estados, do Distrito Federal, dos Territórios e dos Municípios, correspondente aos créditos inscritos na forma da lei.');
insert into opcoes (num_exame, num_questao, letra_opcao, texto)
values(12, 56, 'B', 'O instrumento de transação referendado pelo Ministério Público, pela Defensoria Pública ou pelos advogados dos transatores.');
insert into opcoes (num_exame, num_questao, letra_opcao, texto)
values(12, 56, 'C', 'A sentença proferida no processo civil que reconheça a existência de obrigação de fazer, não fazer, entregar coisa ou pagar quantia.');
insert into opcoes (num_exame, num_questao, letra_opcao, texto)
values(12, 56, 'D', 'O crédito, documentalmente comprovado, decorrente de aluguel de imóvel, bem como de encargos acessórios, tais como taxas e despesas de condomínio.');
insert into questoes (num_exame, num_questao, enunciado, opcao_correta)
values(12, 57, 'A ação de consignação em pagamento, procedimento especial de jurisdição contenciosa, é o meio pelo qual o devedor ou terceiro poderá requerer a consignação da quantia ou da coisa devida com efeito de pagamento. A respeito da resposta do réu na referida ação, assinale a afirmativa correta.', 'A');
insert into opcoes (num_exame, num_questao, letra_opcao, texto)
values(12, 57, 'A', 'Por ser o réu o credor, ainda que não ofereça contestação, não estará sujeito aos efeitos da revelia, caso em que haverá procedência do pedido e extinção da obrigação, devendo arcar com as custas e os honorários de sucumbência.');
insert into opcoes (num_exame, num_questao, letra_opcao, texto)
values(12, 57, 'B', 'Alegado em contestação que o depósito não é integral, o autor poderá completá-lo, salvo se o inadimplemento acarretou a rescisão contratual, mas o réu ficará impedido de levantar o valor ou coisa depositada até que a sentença conclua acerca da parcela controvertida.');
insert into opcoes (num_exame, num_questao, letra_opcao, texto)
values(12, 57, 'C', 'Na contestação o réu poderá alegar que foi justa a recusa e que o depósito não é integral, e, na segunda hipótese, tal argumento somente será admissível se o réu indicar o montante que entende devido.');
insert into opcoes (num_exame, num_questao, letra_opcao, texto)
values(12, 57, 'D', 'Caso o objeto da prestação seja coisa indeterminada e a escolha couber ao credor, será citado para exercer o direito no prazo legal e, em vez de contestar, receber e dar quitação, a obrigação será extinta, sem condenação em custas e honorários.');
insert into questoes (num_exame, num_questao, enunciado, opcao_correta)
values(12, 58, 'A citação é capaz de gerar efeitos processuais e materiais, consoante o que preceitua o Art. 219 do Código de Processo Civil. Sobre os efeitos da citação, assinale afirmativa correta.', 'A');
insert into opcoes (num_exame, num_questao, letra_opcao, texto)
values(12, 58, 'A', 'Realizada a citação, induz-se a litispendência. Todavia, continua sendo possível a propositura de nova ação idêntica, pois a inafastabilidade da tutela jurisdicional é corolário do Estado Democrático de Direito, devendo-se viabilizar o acesso à justiça.');
insert into opcoes (num_exame, num_questao, letra_opcao, texto)
values(12, 58, 'B', 'A citação válida, por si só, não é capaz de tornar a coisa ou o direito litigioso, ou seja, estes não passam a estar vinculados ao resultado do processo. Sendo assim, em caso de alienação do bem, será possível, a qualquer tempo, a alteração da legitimidade das partes.');
insert into opcoes (num_exame, num_questao, letra_opcao, texto)
values(12, 58, 'C', 'A citação válida não é capaz de interromper a prescrição. Sendo assim, somente poderá falar-se em interrupção se a parte assim o requerer ao juiz, devendo este, antes de decidir, possibilitar o contraditório por parte do réu.');
insert into opcoes (num_exame, num_questao, letra_opcao, texto)
values(12, 58, 'D', 'Em regra, a citação constitui o devedor em mora. Nada obstante, nos casos em que as obrigações não possuam termo certo, é possível constituir o devedor em mora por intermédio do envio de notificação judicial ou extrajudicial.');
insert into questoes (num_exame, num_questao, enunciado, opcao_correta)
values(12, 59, 'Lúcia, objetivando conseguir dinheiro, sequestra Marcos, jovem cego. Quando estava escrevendo um bilhete para a família de Marcos, estipulando o valor do resgate, Lúcia fica sabendo, pela própria vítima, que sua família não possui dinheiro algum. Assim, verificando que nunca conseguiria obter qualquer ganho, Lúcia desiste da empreitada criminosa e coloca Marcos dentro de um ônibus, orientando-o a descer do coletivo em determinado ponto. Com base no caso apresentado, assinale a afirmativa correta.', 'A');
insert into opcoes (num_exame, num_questao, letra_opcao, texto)
values(12, 59, 'A', 'Lúcia deve responder pelo delito de sequestro ou cárcere privado, apenas.');
insert into opcoes (num_exame, num_questao, letra_opcao, texto)
values(12, 59, 'B', 'Lúcia não praticou crime algum, pois beneficiada pelo instituto da desistência voluntária.');
insert into opcoes (num_exame, num_questao, letra_opcao, texto)
values(12, 59, 'C', 'Lúcia deve responder pelo delito de extorsão mediante sequestro em sua modalidade consumada.');
insert into opcoes (num_exame, num_questao, letra_opcao, texto)
values(12, 59, 'D', 'Lúcia não praticou crime algum, pois beneficiada pelo instituto do arrependimento eficaz.');
insert into questoes (num_exame, num_questao, enunciado, opcao_correta)
values(12, 60, 'Lucas, funcionário público do Tribunal de Justiça, e Laura, sua noiva, estudante de direito, resolveram subtrair notebooks de última geração adquiridos pela serventia onde Lucas exerce suas funções. Assim, para conseguir seu intento, combinaram dividir a execução do delito. Lucas, em determinado feriado municipal, valendo-se da facilidade que seu cargo lhe proporcionava, identificou-se na recepção e disse ao segurança que precisava ir até a serventia para buscar alguns pertences que havia esquecido. O segurança, que já conhecia Lucas de vista, não desconfiou de nada e permitiu o acesso. Ressalte-se que, além de ser serventuário, Lucas conhecia detalhadamente o prédio público, razão pela qual se dirigiu rapidamente ao local desejado, subtraindo todos os notebooks. Após, foi a uma janela e, dali, os entregou a Laura, que os colocou no carro e saiu. Ao final, Lucas conseguiu deixar o edifício sem que ninguém suspeitasse de nada. Todavia, cerca de uma semana após, Laura e Lucas têm uma discussão e terminam o noivado. Muito enraivecida, Laura procura a polícia e noticia os fatos, ocasião em que devolve todos os notebooks subtraídos. Com base nas informações do caso narrado, assinale a afirmativa correta.', 'A');
insert into opcoes (num_exame, num_questao, letra_opcao, texto)
values(12, 60, 'A', 'Laura e Lucas devem responder pelo delito de peculato- furto praticado em concurso de agentes.');
insert into opcoes (num_exame, num_questao, letra_opcao, texto)
values(12, 60, 'B', 'Laura deve responder por furto qualificado e Lucas deve responder por peculato-furto, dada à incomunicabilidade das circunstâncias.');
insert into opcoes (num_exame, num_questao, letra_opcao, texto)
values(12, 60, 'C', 'Laura e Lucas serão beneficiados pela causa extintiva de punibilidade, uma vez que houve reparação do dano ao erário anteriormente à denúncia.');
insert into opcoes (num_exame, num_questao, letra_opcao, texto)
values(12, 60, 'D', 'Laura será beneficiada pelo instituto do arrependimento eficaz, mas Lucas não poderá valer-se de tal benefício, pois a restituição dos bens, por parte dele, não foi voluntária.');
insert into questoes (num_exame, num_questao, enunciado, opcao_correta)
values(12, 61, 'Paula, com intenção de matar Maria, desfere contra ela quinze facadas, todas na região do tórax. Cerca de duas horas após a ação de Paula, Maria vem a falecer. Todavia, a causa mortis determinada pelo auto de exame cadavérico foi envenenamento. Posteriormente, soube-se que Maria nutria intenções suicidas e que, na manhã dos fatos, havia ingerido veneno. Com base na situação descrita, assinale a afirmativa correta.', 'A');
insert into opcoes (num_exame, num_questao, letra_opcao, texto)
values(12, 61, 'A', 'Paula responderá por homicídio doloso consumado.');
insert into opcoes (num_exame, num_questao, letra_opcao, texto)
values(12, 61, 'B', 'Paula responderá por tentativa de homicídio.');
insert into opcoes (num_exame, num_questao, letra_opcao, texto)
values(12, 61, 'C', 'O veneno, em relação às facadas, configura concausa relativamente independente superveniente que por si só gerou o resultado.');
insert into opcoes (num_exame, num_questao, letra_opcao, texto)
values(12, 61, 'D', 'O veneno, em relação às facadas, configura concausa absolutamente independente concomitante.');
insert into questoes (num_exame, num_questao, enunciado, opcao_correta)
values(12, 62, 'Wilson, competente professor de uma autoescola, guia seu carro por uma avenida à beira-mar. No banco do carona está sua noiva, Ivana. No meio do percurso, Wilson e Ivana começam a discutir: a moça reclama da alta velocidade empreendida. Assustada, Ivana grita com Wilson, dizendo que, se ele continuasse naquela velocidade, poderia facilmente perder o controle do carro e atropelar alguém. Wilson, por sua vez, responde que Ivana deveria deixar de ser medrosa e que nada aconteceria, pois se sua profissão era ensinar os outros a dirigir, ninguém poderia ser mais competente do que ele na condução de um veículo. Todavia, ao fazer uma curva, o automóvel derrapa na areia trazida para o asfalto por conta dos ventos do litoral, o carro fica desgovernado e acaba ocorrendo o atropelamento de uma pessoa que passava pelo local. A vítima do atropelamento falece instantaneamente. Wilson e Ivana sofrem pequenas escoriações. Cumpre destacar que a perícia feita no local constatou excesso de velocidade. Nesse sentido, com base no caso narrado, é correto afirmar que, em relação à vítima do atropelamento, Wilson agiu com', 'A');
insert into opcoes (num_exame, num_questao, letra_opcao, texto)
values(12, 62, 'A', 'dolo direto.');
insert into opcoes (num_exame, num_questao, letra_opcao, texto)
values(12, 62, 'B', 'dolo eventual.');
insert into opcoes (num_exame, num_questao, letra_opcao, texto)
values(12, 62, 'C', 'culpa consciente.');
insert into opcoes (num_exame, num_questao, letra_opcao, texto)
values(12, 62, 'D', 'culpa inconsciente.');
insert into questoes (num_exame, num_questao, enunciado, opcao_correta)
values(12, 63, 'Odete é diretora de um orfanato municipal, responsável por oitenta meninas em idade de dois a onze anos. Certo dia Odete vê Elisabeth, uma das recreadoras contratada pela Prefeitura para trabalhar na instituição, praticar ato libidinoso com Poliana, criança de 9 anos, que ali estava abrigada. Mesmo enojada pela situação que presenciava, Odete achou melhor não intervir, porque não desejava criar qualquer problema para si. Nesse caso, tendo como base apenas as informações descritas, assinale a opção correta.', 'A');
insert into opcoes (num_exame, num_questao, letra_opcao, texto)
values(12, 63, 'A', 'Odete não pode ser responsabilizada penalmente, embora possa sê-lo no âmbito cível e administrativo.');
insert into opcoes (num_exame, num_questao, letra_opcao, texto)
values(12, 63, 'B', 'Odete pode ser responsabilizada pelo crime descrito no Art. 244-A, do Estatuto da Criança e do Adolescente, verbis: “Submeter criança ou adolescente, como tais definidos no caput do art. 2 o desta Lei, à prostituição ou à exploração sexual”.');
insert into opcoes (num_exame, num_questao, letra_opcao, texto)
values(12, 63, 'C', 'Odete pode ser responsabilizada pelo crime de estupro de vulnerável, previsto no Art. 217-A do CP, verbis: “Ter conjunção carnal ou praticar outro ato libidinoso com menor de 14 (catorze) anos”.');
insert into opcoes (num_exame, num_questao, letra_opcao, texto)
values(12, 63, 'D', 'Odete pode ser responsabilizada pelo crime de omissão de socorro, previsto no Art. 135, do CP, verbis: “Deixar de prestar assistência, quando possível fazê-lo sem risco pessoal, à criança abandonada ou extraviada, ou à pessoa inválida ou ferida, ao desamparo ou em grave e iminente perigo; ou não pedir, nesses casos, o socorro da autoridade pública”.');
insert into questoes (num_exame, num_questao, enunciado, opcao_correta)
values(12, 64, 'Bráulio, rapaz de 18 anos, conhece Paula em um show de rock, em uma casa noturna. Os dois, após conversarem um pouco, resolvem dirigir-se a um motel e ali, de forma consentida, o jovem mantém relações sexuais com Paula. Após, Bráulio descobre que a moça, na verdade, tinha apenas 13 anos e que somente conseguira entrar no show mediante apresentação de carteira de identidade falsa. A partir da situação narrada, assinale a afirmativa correta.', 'A');
insert into opcoes (num_exame, num_questao, letra_opcao, texto)
values(12, 64, 'A', 'Bráulio deve responder por estupro de vulnerável doloso.');
insert into opcoes (num_exame, num_questao, letra_opcao, texto)
values(12, 64, 'B', 'Bráulio deve responder por estupro de vulnerável culposo.');
insert into opcoes (num_exame, num_questao, letra_opcao, texto)
values(12, 64, 'C', 'Bráulio não praticou crime, pois agiu em hipótese de erro de tipo essencial.');
insert into opcoes (num_exame, num_questao, letra_opcao, texto)
values(12, 64, 'D', 'Bráulio não praticou crime, pois agiu em hipótese de erro de proibição direto.');
insert into questoes (num_exame, num_questao, enunciado, opcao_correta)
values(12, 65, 'Quanto ao inquérito policial, assinale a afirmativa INCORRETA.', 'A');
insert into opcoes (num_exame, num_questao, letra_opcao, texto)
values(12, 65, 'A', 'O inquérito policial poderá ser instaurado de ofício pela Autoridade Policial nos crimes persequíveis por ação penal pública incondicionada.');
insert into opcoes (num_exame, num_questao, letra_opcao, texto)
values(12, 65, 'B', 'O inquérito, nos crimes em que a ação pública depender de representação, não poderá ser iniciado sem ela.');
insert into opcoes (num_exame, num_questao, letra_opcao, texto)
values(12, 65, 'C', 'Nos crimes de ação penal privada, não caberá instauração de inquérito policial, mas sim a lavratura de termo circunstanciado.');
insert into opcoes (num_exame, num_questao, letra_opcao, texto)
values(12, 65, 'D', 'O inquérito policial, mesmo nos crimes hediondos, poderá ser dispensável para o oferecimento de denúncia.');
insert into questoes (num_exame, num_questao, enunciado, opcao_correta)
values(12, 66, 'A jurisprudência uníssona do Supremo Tribunal Federal admite a proibição da reformatio in pejus indireta. Por este instituto entende-se que', 'A');
insert into opcoes (num_exame, num_questao, letra_opcao, texto)
values(12, 66, 'A', 'o Tribunal não poderá agravar a pena do réu, se somente o réu houver recorrido – não havendo, portanto, recurso por parte da acusação.');
insert into opcoes (num_exame, num_questao, letra_opcao, texto)
values(12, 66, 'B', 'o juiz está proibido de prolatar sentença com condenação superior à que foi dada no primeiro julgamento quando o Tribunal, ao julgar recurso interposto apenas pela defesa, anula a sentença proferida pelo juízo a quo.');
insert into opcoes (num_exame, num_questao, letra_opcao, texto)
values(12, 66, 'C', 'o Tribunal não poderá tornar pior a situação do réu, quando não só o réu houver recorrido.');
insert into opcoes (num_exame, num_questao, letra_opcao, texto)
values(12, 66, 'D', 'o Tribunal está proibido de exarar acórdão com condenação superior à que foi dada no julgamento a quo quando julga recurso da acusação.');
insert into questoes (num_exame, num_questao, enunciado, opcao_correta)
values(12, 67, 'Segundo a Lei dos Juizados Especiais, assinale a alternativa que apresenta o procedimento correto.', 'A');
insert into opcoes (num_exame, num_questao, letra_opcao, texto)
values(12, 67, 'A', 'Aberta a audiência, será dada a palavra ao defensor para responder à acusação, após o que o Juiz receberá, ou não, a denúncia ou queixa; havendo recebimento, serão ouvidas a vítima e as testemunhas de acusação e defesa, interrogando-se a seguir o acusado, se presente, passando- se imediatamente aos debates orais e à prolação da sentença.');
insert into opcoes (num_exame, num_questao, letra_opcao, texto)
values(12, 67, 'B', 'Da decisão de rejeição da denúncia ou queixa caberá recurso em sentido estrito, que deverá ser interposto no prazo de cinco dias.');
insert into opcoes (num_exame, num_questao, letra_opcao, texto)
values(12, 67, 'C', 'Os embargos de declaração são cabíveis quando, em sentença ou acórdão, houver obscuridade, contradição, omissão ou dúvida, que deverão ser opostos em dois dias.');
insert into opcoes (num_exame, num_questao, letra_opcao, texto)
values(12, 67, 'D', 'Se a complexidade do caso não permitir a formulação da denúncia oral em audiência, o Ministério Público poderá requerer ao juiz dilação do prazo para apresentar denúncia escrita nas próximas 72 horas.');
insert into questoes (num_exame, num_questao, enunciado, opcao_correta)
values(12, 68, 'João e José, músicos da famosa banda NXY, se desentenderam por causa de uma namorada. João se descontrolou e partiu para cima de José, agredindo-o com socos e pontapés, vindo a ser separado de sua vítima por policiais militares que passavam no local, e lhe deram voz de prisão em flagrante. O exame de corpo de delito revelou que dois dedos da mão esquerda do guitarrista José foram quebrados e o braço direito, luxado, ficando impossibilitado de tocar seu instrumento por 40 dias. Na hipótese, trata-se de crime de ação penal', 'A');
insert into opcoes (num_exame, num_questao, letra_opcao, texto)
values(12, 68, 'A', 'privada propriamente dita.');
insert into opcoes (num_exame, num_questao, letra_opcao, texto)
values(12, 68, 'B', 'pública condicionada à representação.');
insert into opcoes (num_exame, num_questao, letra_opcao, texto)
values(12, 68, 'C', 'privada subsidiária da pública.');
insert into opcoes (num_exame, num_questao, letra_opcao, texto)
values(12, 68, 'D', 'pública incondicionada.');
insert into questoes (num_exame, num_questao, enunciado, opcao_correta)
values(12, 69, 'A Teoria Geral das Nulidades determina que nulidade é a sanção aplicada pelo Poder Judiciário ao ato imperfeito, defeituoso. Tal teoria é regida pelos princípios relacionados a seguir, à exceção de um. Assinale-o.', 'A');
insert into opcoes (num_exame, num_questao, letra_opcao, texto)
values(12, 69, 'A', 'Princípio do Prejuízo.');
insert into opcoes (num_exame, num_questao, letra_opcao, texto)
values(12, 69, 'B', 'Princípio da Causalidade.');
insert into opcoes (num_exame, num_questao, letra_opcao, texto)
values(12, 69, 'C', 'Princípio do Interesse.');
insert into opcoes (num_exame, num_questao, letra_opcao, texto)
values(12, 69, 'D', 'Princípio da Voluntariedade.');
insert into questoes (num_exame, num_questao, enunciado, opcao_correta)
values(12, 70, 'Para que a garantia no emprego em razão da candidatura do empregado a dirigente sindical se consolide, a CLT dispõe no Art. 543, § 5º que: “Para os fins deste artigo, a entidade sindical comunicará por escrito à empresa, dentro de 24 (vinte e quatro) horas, o dia e a hora do registro da candidatura do seu empregado e, em igual prazo, sua eleição e posse, fornecendo, outrossim, a este comprovante no mesmo sentido”. Gislene registrou sua candidatura a dirigente sindical, na condição de Vice-presidente na chapa, mas o sindicato não comunicou tal fato ao seu empregador que, ignorando a situação, concedeu aviso prévio à empregada 10 dias depois. Nessa hipótese, de acordo com o entendimento do TST, assinale a afirmativa correta.', 'A');
insert into opcoes (num_exame, num_questao, letra_opcao, texto)
values(12, 70, 'A', 'O empregador, a seu critério, aceitará ou não a justificativa tardia da empregada que se candidatou a dirigente sindical e mantém seu contrato de trabalho.');
insert into opcoes (num_exame, num_questao, letra_opcao, texto)
values(12, 70, 'B', 'O empregador fica obrigado a respeitar a garantia no emprego, mesmo que seja informado deste fato após a ruptura da interlocução social, devendo readmiti-la.');
insert into opcoes (num_exame, num_questao, letra_opcao, texto)
values(12, 70, 'C', 'O empregador tem de respeitar a garantia, ainda que seja comunicado posteriormente da candidatura da empregada, desde que isso ocorra enquanto o pacto laboral estiver em vigor.');
insert into opcoes (num_exame, num_questao, letra_opcao, texto)
values(12, 70, 'D', 'A empresa não precisa respeitar a garantia no emprego porque o prazo legal não foi observado, de modo que isso não a vincula. Ademais, ignorando a garantia da empregada, a empresa não teria agido de má-fé.');
insert into questoes (num_exame, num_questao, enunciado, opcao_correta)
values(12, 71, 'Paulo foi contratado pela empresa XPTO Ltda. para trabalhar como vigilante com jornada de trabalho pelo sistema de escala 12 x 36 (doze horas de trabalho por trinta e seis de descanso), estipulada em norma coletiva. Há um ano trabalhando, dois feriados nacionais recaíram em dias de sua escala. Diante do exposto, assinale a afirmativa correta.', 'A');
insert into opcoes (num_exame, num_questao, letra_opcao, texto)
values(12, 71, 'A', 'Paulo tem direito a receber em dobro os dias de feriado trabalhados.');
insert into opcoes (num_exame, num_questao, letra_opcao, texto)
values(12, 71, 'B', 'Paulo não deverá receber os dias de feriado trabalhados, pois os mesmos foram compensados no sistema de escala.');
insert into opcoes (num_exame, num_questao, letra_opcao, texto)
values(12, 71, 'C', 'Paulo deverá receber os dias trabalhados de forma simples, não se considerando trabalho extraordinário normal em decorrência do sistema de escala.');
insert into opcoes (num_exame, num_questao, letra_opcao, texto)
values(12, 71, 'D', 'Paulo não deverá receber os dias de feriado, pois são equivalentes ao descanso semanal remunerado.');
insert into questoes (num_exame, num_questao, enunciado, opcao_correta)
values(12, 72, 'Godofredo ajuizou reclamação trabalhista, dizendo-se vítima de discriminação, já que a empresa para a qual trabalhava o dispensou no mês em que ele completou 60 anos de idade, o que acontecia rigorosamente com todos os empregados que alcançavam esta idade. Alega que essa é uma odiosa e inconstitucional política não escrita da empresa. Caso comprovada a alegação de Godofredo sobre a dispensa discriminatória e à luz da Lei n. 9.029/95, é correto afirmar que', 'A');
insert into opcoes (num_exame, num_questao, letra_opcao, texto)
values(12, 72, 'A', 'como portador de garantia no emprego, Godofredo deve requerer sua reintegração, único direito que lhe é assegurado.');
insert into opcoes (num_exame, num_questao, letra_opcao, texto)
values(12, 72, 'B', 'o empregado pode optar entre o retorno e a percepção em dobro do período de afastamento.');
insert into opcoes (num_exame, num_questao, letra_opcao, texto)
values(12, 72, 'C', 'uma vez que Godofredo não tem estabilidade, somente poderá pleitear indenização.');
insert into opcoes (num_exame, num_questao, letra_opcao, texto)
values(12, 72, 'D', 'a dispensa em razão da idade não pode ser considerada discriminatória nem ilegal, já que é uma circunstância que atinge a todos.');
insert into questoes (num_exame, num_questao, enunciado, opcao_correta)
values(12, 73, 'Calçados Mundial S.A. contratou duas empresas distintas para a prestação de serviços de limpeza e conservação nas suas instalações. Maria é empregada de uma das terceirizadas, exerce a função de auxiliar de limpeza e ganha salário de R$ 1.150,00. Celso é empregado da outra terceirizada, exerce a mesma função que Maria, trabalha no mesmo local, e ganha R$ 1.020,00 mensais. A partir do caso apresentado, assinale a afirmativa correta.', 'A');
insert into opcoes (num_exame, num_questao, letra_opcao, texto)
values(12, 73, 'A', 'Celso poderá requerer o mesmo salário que Maria, pois na hipótese pode-se falar em empregador único.');
insert into opcoes (num_exame, num_questao, letra_opcao, texto)
values(12, 73, 'B', 'Impossível a equiparação salarial, mas se outro direito for violado, a empresa tomadora dos serviços terá responsabilidade solidária.');
insert into opcoes (num_exame, num_questao, letra_opcao, texto)
values(12, 73, 'C', 'Viável a equiparação desde que Maria e Celso trabalhem no mínimo dois anos nas instalações do tomador dos serviços.');
insert into opcoes (num_exame, num_questao, letra_opcao, texto)
values(12, 73, 'D', 'Não será possível a equiparação salarial entre Maria e Celso porque os respectivos empregadores são diferentes.');
insert into questoes (num_exame, num_questao, enunciado, opcao_correta)
values(12, 74, 'Uma grande empreiteira vence a licitação para construção de uma hidrelétrica, mas, tendo dificuldade em arregimentar trabalhadores em razão da distância até o canteiro de obras, resolve contratar estrangeiros em situação irregular no país, inclusive porque eles concordaram em não ter a carteira profissional assinada e receber valor inferior ao piso da categoria. A contratação, na hipótese apresentada, contempla um caso de (', 'A');
insert into opcoes (num_exame, num_questao, letra_opcao, texto)
values(12, 74, 'A', 'trabalho proibido. (');
insert into opcoes (num_exame, num_questao, letra_opcao, texto)
values(12, 74, 'B', 'trabalho ilícito. (');
insert into opcoes (num_exame, num_questao, letra_opcao, texto)
values(12, 74, 'C', 'trabalho escravo. (');
insert into opcoes (num_exame, num_questao, letra_opcao, texto)
values(12, 74, 'D', 'trabalho válido.');
insert into questoes (num_exame, num_questao, enunciado, opcao_correta)
values(12, 75, 'Eugênio é policial militar ativo e cumpre escala de 24x72 horas no seu batalhão. Nos dias em que não está de plantão, trabalha em um supermercado como segurança, recebendo ordens do gerente e um valor fixo mensal, jamais se fazendo substituir na prestação do labor. Nesse caso, de acordo com a jurisprudência consolidada do TST, assinale a afirmativa correta.', 'A');
insert into opcoes (num_exame, num_questao, letra_opcao, texto)
values(12, 75, 'A', 'Por ser servidor público militar, Eugênio não poderá ter o vínculo empregatício reconhecido, mesmo que presentes os requisitos da CLT, pois trata-se de norma de ordem pública.');
insert into opcoes (num_exame, num_questao, letra_opcao, texto)
values(12, 75, 'B', 'Caso tenha o vínculo empregatício reconhecido em juízo, isso impede que a Administração Pública aplique qualquer punição a Eugênio, pois ele realizou um trabalho lícito.');
insert into opcoes (num_exame, num_questao, letra_opcao, texto)
values(12, 75, 'C', 'Trata-se de trabalho ilícito que, portanto, não gera vínculo empregatício e credencia a administração a aplicar imediata punição ao servidor.');
insert into opcoes (num_exame, num_questao, letra_opcao, texto)
values(12, 75, 'D', 'Eugênio poderá ser reconhecido como empregado, desde que presentes os requisitos legais, ainda que sofra a punição disciplinar prevista no Estatuto do Policial Militar.');
insert into questoes (num_exame, num_questao, enunciado, opcao_correta)
values(12, 76, 'Pedro realizou um acordo em reclamação trabalhista que moveu contra o seu ex-empregador, conferindo quitação quanto ao extinto contrato de trabalho e, em contrapartida, recebeu, no ato da homologação judicial, a quantia de R$ 2.500,00 em espécie. Dez dias após, Pedro arrependeu-se de ter aceitado a transação, entendendo que a quantia recebida seria inferior à que faria jus. Considerando as circunstâncias do caso e de acordo com o entendimento legal e jurisprudencial, assinale a afirmativa correta.', 'A');
insert into opcoes (num_exame, num_questao, letra_opcao, texto)
values(12, 76, 'A', 'Pedro poderá ajuizar ação rescisória, no prazo de dois anos, cujo prazo se inicia oito dias após a homologação do acordo.');
insert into opcoes (num_exame, num_questao, letra_opcao, texto)
values(12, 76, 'B', 'Pedro poderá ajuizar ação anulatória, buscando o desfazimento do ato jurídico.');
insert into opcoes (num_exame, num_questao, letra_opcao, texto)
values(12, 76, 'C', 'Pedro nada poderá fazer, pois houve trânsito em julgado, impedindo recursos, além do que o motivo apresentado não autoriza ação rescisória.');
insert into opcoes (num_exame, num_questao, letra_opcao, texto)
values(12, 76, 'D', 'Pedro poderá ajuizar nova ação, postulando outros direitos que não aqueles postulados na ação que redundou no acordo, permitindo a dedução dos R$ 2.500,00 recebidos.');
insert into questoes (num_exame, num_questao, enunciado, opcao_correta)
values(12, 77, 'Em 10/04/2013 a empresa AlfaBeta Ltda. recebeu cópia da petição inicial de ação em face dela ajuizada, com notificação citatória para audiência no dia 14/04/2013. Nesta data, compareceu apenas o preposto da ré, munido da respectiva carta e carteira de trabalho, sem portar defesa, requerendo oralmente o adiamento da audiência. A partir do caso apresentado, assinale a afirmativa correta.', 'A');
insert into opcoes (num_exame, num_questao, letra_opcao, texto)
values(12, 77, 'A', 'O juiz deverá manter a audiência e aplicar a revelia por ausência de defesa.');
insert into opcoes (num_exame, num_questao, letra_opcao, texto)
values(12, 77, 'B', 'O juiz deverá adiar a audiência pela exiguidade de tempo entre a citação e a realização da audiência.');
insert into opcoes (num_exame, num_questao, letra_opcao, texto)
values(12, 77, 'C', 'O juiz deverá manter a audiência, podendo o preposto apresentar defesa oral no prazo legal de 20 minutos, já que vigora o jus postulandi.');
insert into opcoes (num_exame, num_questao, letra_opcao, texto)
values(12, 77, 'D', 'Face aos princípios da celeridade e economia processual, o juiz deverá manter a audiência, mas em razão da presença da ré, evidente o ânimo de defesa, não aplicará a revelia.');
insert into questoes (num_exame, num_questao, enunciado, opcao_correta)
values(12, 78, 'Paulo ajuizou reclamação trabalhista pelo rito sumaríssimo em face da sua empregadora Carregada Ltda.. Arrolou suas testemunhas na petição inicial e pediu a notificação das mesmas, solicitação que foi indeferida. Na audiência, o advogado de Paulo requereu o adiamento pela ausência das testemunhas, dizendo que protestava pelo indeferimento da notificação e por isso não convidou espontaneamente as testemunhas. O requerimento foi indeferido pelo juiz, que prosseguiu com a audiência. Sobre a decisão do juiz, a partir da hipótese apresentada, assinale a opção correta.', 'A');
insert into opcoes (num_exame, num_questao, letra_opcao, texto)
values(12, 78, 'A', 'A decisão foi equivocada, devendo ser deferido o adiamento, pois o prosseguimento do feito poderia gerar a nulidade por cerceamento de defesa.');
insert into opcoes (num_exame, num_questao, letra_opcao, texto)
values(12, 78, 'B', 'A decisão foi correta, já que o procedimento sumaríssimo não contempla a oitiva de testemunhas.');
insert into opcoes (num_exame, num_questao, letra_opcao, texto)
values(12, 78, 'C', 'A decisão foi correta, pois o procedimento sumaríssimo não admite a intimação de testemunhas.');
insert into opcoes (num_exame, num_questao, letra_opcao, texto)
values(12, 78, 'D', 'A decisão foi correta, pois no procedimento sumaríssimo as testemunhas deverão comparecer à audiência independentemente de intimação. Em caso de ausência e mediante comprovação de convite, as testemunhas serão intimadas.');
insert into questoes (num_exame, num_questao, enunciado, opcao_correta)
values(12, 79, 'A empresa Restaurante M foi condenada em reclamação trabalhista a pagar diversos direitos sonegados a um dos seus ex-empregados. Na sentença, entendendo que o ex- empregador teve um comportamento processual reprovável, o juiz ainda o condenou como litigante de má-fé. De acordo com o entendimento pacificado do TST, caso a empresa pretenda recorrer ordinariamente desta decisão, ela', 'A');
insert into opcoes (num_exame, num_questao, letra_opcao, texto)
values(12, 79, 'A', 'deverá recolher as custas, o depósito recursal e o valor da multa por litigância de má-fé para viabilizar o recurso.');
insert into opcoes (num_exame, num_questao, letra_opcao, texto)
values(12, 79, 'B', 'não havendo nenhum normativo a respeito, deverá opor embargos declaratórios, requerendo ao juiz que diga se o depósito da multa é necessário.');
insert into opcoes (num_exame, num_questao, letra_opcao, texto)
values(12, 79, 'C', 'em razão da peculiaridade do Processo do Trabalho, deverá recolher a multa, imediatamente, pela metade e o restante quando do trânsito em julgado, caso mantida.');
insert into opcoes (num_exame, num_questao, letra_opcao, texto)
values(12, 79, 'D', 'não precisará recolher o valor da multa, já que tal recolhimento não é pressuposto para interposição dos recursos trabalhistas.');
insert into questoes (num_exame, num_questao, enunciado, opcao_correta)
values(12, 80, 'Carlos Alberto foi caixa numa instituição bancária e ajuizou reclamação trabalhista, postulando o pagamento de horas extras, já que em uma das agências, na qual trabalhou por dois anos, cumpria jornada superior à legal. Em contestação, foram apresentados os controles, que não continham sobrejornada, e por essa razão foram expressamente impugnados pelo acionante. Na instrução, o banco não produziu prova, mas Carlos Alberto conduziu uma testemunha que com ele trabalhou sete meses na agência em questão e ratificou a jornada mais extensa declarada na petição inicial. Diante desta situação e de acordo com o entendimento consolidado do TST, assinale a afirmativa correta.', 'A');
insert into opcoes (num_exame, num_questao, letra_opcao, texto)
values(12, 80, 'A', 'Uma vez que a testemunha trabalhou com o autor somente sete meses, este é o limite de tempo que limitará eventual condenação.');
insert into opcoes (num_exame, num_questao, letra_opcao, texto)
values(12, 80, 'B', 'Se o juiz se convencer, pela prova testemunhal, que a sobrejornada ocorreu nos dois anos, poderá deferir as horas extras em todo o período.');
insert into opcoes (num_exame, num_questao, letra_opcao, texto)
values(12, 80, 'C', 'Uma vez que a testemunha trabalhou com o autor em período inferior à metade do tempo questionado, não poderá ser fator de convencimento acerca da jornada.');
insert into opcoes (num_exame, num_questao, letra_opcao, texto)
values(12, 80, 'D', 'Considerando que os controles foram juntados, uma única testemunha não poderia servir de prova da jornada cumprida.');
commit;
insert into exames (num_exame, url_exame, url_gabarito, data)
values(13, 'https://dpmzos25m8ivg.cloudfront.net/421/20140413061359-CADERNO%20TIPO%2001_BRANCA_XIII_EXAME-1.pdf', 'https://dpmzos25m8ivg.cloudfront.net/421/20140413060423-GABARITOS%20PRELIMIARES_XIII_EXAME_DE_ORDEM.pdf', 'Sun Apr 13 00:00:00 BRT 2014');
insert into questoes (num_exame, num_questao, enunciado, opcao_correta)
values(13, 1, 'O advogado Carlos pretende substabelecer os poderes que lhe foram conferidos pelo seu cliente Eduardo, sem reserva de poderes, pois pretende realizar uma longa viagem, sem saber a data do retorno, não pretendendo manter compromissos profissionais. Nos termos das normas do Código de Ética, tal ato deve', 'A');
insert into opcoes (num_exame, num_questao, letra_opcao, texto)
values(13, 1, 'A', 'prescindir do conhecimento do cliente por ser ato privativo.');
insert into opcoes (num_exame, num_questao, letra_opcao, texto)
values(13, 1, 'B', 'ser comunicado ao cliente de modo inequívoco.');
insert into opcoes (num_exame, num_questao, letra_opcao, texto)
values(13, 1, 'C', 'ser realizado por tempo determinado.');
insert into opcoes (num_exame, num_questao, letra_opcao, texto)
values(13, 1, 'D', 'implicar na devolução dos honorários pagos antecipadamente pelo cliente.');
insert into questoes (num_exame, num_questao, enunciado, opcao_correta)
values(13, 2, 'Sobre o prazo para ajuizamento de ação de cobrança de honorários de advogado, assinale a opção correta.', 'A');
insert into opcoes (num_exame, num_questao, letra_opcao, texto)
values(13, 2, 'A', 'Prescreve em dois anos a ação de cobrança de honorários de advogado, contando-se o prazo do vencimento do contrato, se houver.');
insert into opcoes (num_exame, num_questao, letra_opcao, texto)
values(13, 2, 'B', 'Prescreve em cinco anos a ação de cobrança de honorários de advogado, contando-se o prazo do trânsito em julgado da decisão que os fixar.');
insert into opcoes (num_exame, num_questao, letra_opcao, texto)
values(13, 2, 'C', 'Prescreve em dois anos a ação de cobrança de honorários de advogado, contando-se o prazo da ultimação do serviço extrajudicial.');
insert into opcoes (num_exame, num_questao, letra_opcao, texto)
values(13, 2, 'D', 'Prescreve em cinco anos a ação de cobrança de honorários de advogado, contando-se o prazo da decisão que os fixar, independentemente do seu trânsito em julgado.');
insert into questoes (num_exame, num_questao, enunciado, opcao_correta)
values(13, 3, 'Maria, após vários anos de tramitação de ação indenizatória em que figurava como autora, decidiu substituir José, advogado que até então atuava na causa, por João, amigo da família, que não cobraria honorários de nenhuma espécie de Maria. Ao final da ação, quando Maria finalmente recebeu os valores que lhe eram devidos, a título de indenização, foi procurada por José, que desejava receber honorários pelos serviços advocatícios prestados até o momento em que foi substituído. Sobre a hipótese sugerida, assinale a afirmativa correta.', 'A');
insert into opcoes (num_exame, num_questao, letra_opcao, texto)
values(13, 3, 'A', 'José tem direito a receber a integralidade dos honorários contratuais e de sucumbência, como se tivesse atuado na causa até o final, uma vez que foi substituído por vontade da cliente e não sua.');
insert into opcoes (num_exame, num_questao, letra_opcao, texto)
values(13, 3, 'B', 'José não tem direito a receber honorários, porque não atuou na causa até o seu fim.');
insert into opcoes (num_exame, num_questao, letra_opcao, texto)
values(13, 3, 'C', 'José tem direito a receber honorários contratuais, mas não tem direito a receber honorários de sucumbência.');
insert into opcoes (num_exame, num_questao, letra_opcao, texto)
values(13, 3, 'D', 'José tem direito a receber honorários contratuais, bem como honorários de sucumbência, calculados proporcionalmente, em face do serviço efetivamente prestado.');
insert into questoes (num_exame, num_questao, enunciado, opcao_correta)
values(13, 4, 'Maria da Silva, advogada, apresenta requerimento ao Presidente da Seccional da OAB tendo o seu pleito sido indeferido. Nos termos do Estatuto da Advocacia, cabe recurso ao', 'A');
insert into opcoes (num_exame, num_questao, letra_opcao, texto)
values(13, 4, 'A', 'Conselho Seccional da OAB.');
insert into opcoes (num_exame, num_questao, letra_opcao, texto)
values(13, 4, 'B', 'Conselho Federal da OAB.');
insert into opcoes (num_exame, num_questao, letra_opcao, texto)
values(13, 4, 'C', 'Presidente do Conselho Federal da OAB.');
insert into opcoes (num_exame, num_questao, letra_opcao, texto)
values(13, 4, 'D', 'Presidente do Tribunal de Ética da OAB.');
insert into questoes (num_exame, num_questao, enunciado, opcao_correta)
values(13, 5, 'Agnaldo é advogado na área de Direito de Empresas, tendo como uma de suas clientes a sociedade Cobradora Eficiente Ltda., que consegue realizar os seus atos de cobrança com rara eficiência. Por força de sua atividade, a sociedade é convidada a participar de reunião com a Associação dos Consumidores Unidos e envia o seu advogado para dialogar com a referida instituição. Consoante o Estatuto da Advocacia, deve o advogado comparecer', 'A');
insert into opcoes (num_exame, num_questao, letra_opcao, texto)
values(13, 5, 'A', 'à reunião com seu cliente, responsável pela empresa.');
insert into opcoes (num_exame, num_questao, letra_opcao, texto)
values(13, 5, 'B', 'desacompanhado, com procuração com poderes ad juditia.');
insert into opcoes (num_exame, num_questao, letra_opcao, texto)
values(13, 5, 'C', 'à reunião, com mandato outorgado com poderes especiais.');
insert into opcoes (num_exame, num_questao, letra_opcao, texto)
values(13, 5, 'D', 'ao local sem a presença do cliente e sem mandato.');
insert into questoes (num_exame, num_questao, enunciado, opcao_correta)
values(13, 6, 'Abel, por força de suas atividades como advogado, comparece à audiência designada para ocorrer às 13 horas. Aguarda algum tempo, mas não recebe qualquer notícia do início dos trabalhos forenses. Nesse caso, consoante o Estatuto da Advocacia, protocolizando comunicação em juízo, pode retirar-se do recinto passados', 'A');
insert into opcoes (num_exame, num_questao, letra_opcao, texto)
values(13, 6, 'A', 'vinte minutos do horário designado.');
insert into opcoes (num_exame, num_questao, letra_opcao, texto)
values(13, 6, 'B', 'trinta minutos do horário designado.');
insert into opcoes (num_exame, num_questao, letra_opcao, texto)
values(13, 6, 'C', 'quarenta minutos do horário designado.');
insert into opcoes (num_exame, num_questao, letra_opcao, texto)
values(13, 6, 'D', 'cinquenta minutos do horário designado.');
insert into questoes (num_exame, num_questao, enunciado, opcao_correta)
values(13, 7, 'A respeito da competência do Conselho Federal da OAB, assinale a opção incorreta.', 'A');
insert into opcoes (num_exame, num_questao, letra_opcao, texto)
values(13, 7, 'A', 'Compete ao Conselho Federal da OAB representar, em juízo ou fora dele, os interesses coletivos ou individuais dos advogados.');
insert into opcoes (num_exame, num_questao, letra_opcao, texto)
values(13, 7, 'B', 'Compete ao Conselho Federal da OAB editar seu regimento interno e o regimento interno das Seccionais da OAB.');
insert into opcoes (num_exame, num_questao, letra_opcao, texto)
values(13, 7, 'C', 'Compete ao Conselho Federal da OAB julgar, em grau de recurso, as questões decididas pelos Conselhos Seccionais, nos casos previstos no EAOAB e no regulamento geral.');
insert into opcoes (num_exame, num_questao, letra_opcao, texto)
values(13, 7, 'D', 'Compete ao Conselho Federal da OAB velar pela dignidade, independência, prerrogativas e valorização da advocacia.');
insert into questoes (num_exame, num_questao, enunciado, opcao_correta)
values(13, 8, 'A advogada Maria Vivian procura apresentar os seus serviços profissionais como de excelente qualidade, utilizando a estratégia aprendida em tempos em que atuava no teatro, quando finalizava a peça pedindo indicação aos amigos, se tivesse aprovado o espetáculo e, caso negativo, indicasse aos inimigos. A par disso, organiza um sistema sofisticado de divulgação de material de propaganda, informando o número de vitórias obtido em várias causas com temas próprios das causas de massa. Nos termos do Código de Ética da Advocacia, o advogado não pode', 'A');
insert into opcoes (num_exame, num_questao, letra_opcao, texto)
values(13, 8, 'A', 'realizar propaganda, mesmo moderada, da sua atividade.');
insert into opcoes (num_exame, num_questao, letra_opcao, texto)
values(13, 8, 'B', 'ofertar serviços profissionais que impliquem exposição de clientela.');
insert into opcoes (num_exame, num_questao, letra_opcao, texto)
values(13, 8, 'C', 'apresentar o seu currículo profissional em público.');
insert into opcoes (num_exame, num_questao, letra_opcao, texto)
values(13, 8, 'D', 'distribuir cartões de visita com seu endereço profissional.');
insert into questoes (num_exame, num_questao, enunciado, opcao_correta)
values(13, 9, 'Juarez da Silva, advogado, professor adjunto de Direito Administrativo em determinada Universidade Federal, foi procurado, na qualidade de advogado, por um grupo de funcionários públicos federais que desejavam ajuizar determinada ação contra a União. Pode Juarez aceitar a causa, advogando contra a União?', 'A');
insert into opcoes (num_exame, num_questao, letra_opcao, texto)
values(13, 9, 'A', 'Não. Juarez não pode aceitar a causa, pois está impedido de exercer a advocacia contra a Fazenda Pública que o remunera.');
insert into opcoes (num_exame, num_questao, letra_opcao, texto)
values(13, 9, 'B', 'Sim. Juarez poderá aceitar a causa, pois o impedimento de exercício da advocacia contra a Fazenda Pública que remunera os advogados que são servidores públicos não inclui a hipótese de docentes de cursos jurídicos.');
insert into opcoes (num_exame, num_questao, letra_opcao, texto)
values(13, 9, 'C', 'Sim. Juarez poderá aceitar a causa, pois não há nenhum tipo de impedimento para o exercício da advocacia por servidores públicos.');
insert into opcoes (num_exame, num_questao, letra_opcao, texto)
values(13, 9, 'D', 'Não. Juarez não poderá aceitar a causa, pois exerce o cargo de professor universitário, que é incompatível com o exercício da advocacia.');
insert into questoes (num_exame, num_questao, enunciado, opcao_correta)
values(13, 10, 'Valdir representa os interesses de André em ação de divórcio em que estão em discussão diversas questões relevantes, inclusive de cunho financeiro, como, por exemplo, o pensionamento e a partilha de bens. Irritado com as exigências de sua ex-esposa, André revela a Valdir que pretende contratar alguém para assassiná-la. Deve Valdir comunicar o segredo revelado por seu cliente às autoridades competentes?', 'A');
insert into opcoes (num_exame, num_questao, letra_opcao, texto)
values(13, 10, 'A', 'Valdir não pode revelar o segredo que lhe foi confiado por André, pois o advogado deve sempre guardar sigilo sobre o que saiba em razão do seu ofício.');
insert into opcoes (num_exame, num_questao, letra_opcao, texto)
values(13, 10, 'B', 'Valdir poderia revelar o segredo que lhe foi confiado por André, mas apenas no caso de ser intimado como testemunha em ação penal eventualmente deflagrada para a apuração do homicídio que viesse a ser efetivamente praticado.');
insert into opcoes (num_exame, num_questao, letra_opcao, texto)
values(13, 10, 'C', 'Valdir pode revelar o segredo que lhe foi confiado por André, em razão de estar a vida da ex-esposa deste último em risco.');
insert into opcoes (num_exame, num_questao, letra_opcao, texto)
values(13, 10, 'D', 'Valdir não pode revelar o segredo que lhe foi confiado por André, mas tem obrigação legal de impedir que o homicídio seja praticado, sob pena de se tornar partícipe do crime.');
insert into questoes (num_exame, num_questao, enunciado, opcao_correta)
values(13, 11, 'Segundo Chaïm Perelman, ao tratar da argumentação jurídica na obra Lógica Jurídica, a decisão judicial aceitável deve satisfazer três auditórios para os quais ela se destina. Assinale a alternativa que indica corretamente os auditórios.', 'A');
insert into opcoes (num_exame, num_questao, letra_opcao, texto)
values(13, 11, 'A', 'A opinião pública, o parlamento e as cortes superiores.');
insert into opcoes (num_exame, num_questao, letra_opcao, texto)
values(13, 11, 'B', 'As partes em litígio, os profissionais do direito e a opinião pública.');
insert into opcoes (num_exame, num_questao, letra_opcao, texto)
values(13, 11, 'C', 'As partes em litígio, o parlamento e as cortes superiores.');
insert into opcoes (num_exame, num_questao, letra_opcao, texto)
values(13, 11, 'D', 'As cortes superiores, os organismos internacionais e os profissionais do direito.');
insert into questoes (num_exame, num_questao, enunciado, opcao_correta)
values(13, 12, 'Em seu livro Levando os Direitos a Sério, Ronald Dworkin cita o caso Riggs contra Palmer, em que um jovem matou o próprio avô para ficar com a herança. O Tribunal de Nova Iorque (em 1889) julga o caso considerando que a legislação do local e da época não previa o homicídio como causa de exclusão da sucessão. Para solucionar o caso, o Tribunal aplica o princípio, não legislado, do direito que diz que ninguém pode se beneficiar de sua própria iniquidade ou ilicitude. Assim, o assassino não recebeu sua herança. Com esse exemplo podemos concluir que a jusfilosofia de Ronald Dworkin, dentre outras coisas, pretende', 'A');
insert into opcoes (num_exame, num_questao, letra_opcao, texto)
values(13, 12, 'A', 'revelar que a responsabilidade sobre o maior ou menor grau de justiça de um ordenamento jurídico é responsabilidade exclusiva do legislador que deve se esforçar por produzir leis justas.');
insert into opcoes (num_exame, num_questao, letra_opcao, texto)
values(13, 12, 'B', 'mostrar como as cortes podem ser ativistas quando decidem com base em princípios e não com base na lei e que decidir assim fere o estado de direito.');
insert into opcoes (num_exame, num_questao, letra_opcao, texto)
values(13, 12, 'C', 'defender que regras e princípios são normas jurídicas que possuem as mesmas características e, por isso, ambos podem ser aplicados livremente pelos tribunais.');
insert into opcoes (num_exame, num_questao, letra_opcao, texto)
values(13, 12, 'D', 'argumentar que regras e princípios são normas com características distintas e em certos casos os princípios poderão justificar de forma mais razoável a decisão judicial, pois a tornam também moralmente aceitável.');
insert into questoes (num_exame, num_questao, enunciado, opcao_correta)
values(13, 13, 'José é cidadão do município W, onde está localizado o distrito de B. Após consultas informais, José verifica o desejo da população distrital de obter a emancipação do distrito em relação ao município de origem. De acordo com as normas constitucionais federais, dentre outros requisitos para legitimar a criação de um novo Município, são indispensáveis:', 'A');
insert into opcoes (num_exame, num_questao, letra_opcao, texto)
values(13, 13, 'A', 'lei estadual e referendo.');
insert into opcoes (num_exame, num_questao, letra_opcao, texto)
values(13, 13, 'B', 'lei municipal e plebiscito.');
insert into opcoes (num_exame, num_questao, letra_opcao, texto)
values(13, 13, 'C', 'lei municipal e referendo.');
insert into opcoes (num_exame, num_questao, letra_opcao, texto)
values(13, 13, 'D', 'lei estadual e plebiscito.');
insert into questoes (num_exame, num_questao, enunciado, opcao_correta)
values(13, 14, 'No que concerne às condições de elegibilidade para o cargo de prefeito previstas na CRFB/88, assinale a opção correta.', 'A');
insert into opcoes (num_exame, num_questao, letra_opcao, texto)
values(13, 14, 'A', 'José, ex-prefeito, que renunciou ao cargo 120 dias antes da eleição poderá candidatar-se à reeleição ao cargo de prefeito.');
insert into opcoes (num_exame, num_questao, letra_opcao, texto)
values(13, 14, 'B', 'João, brasileiro, solteiro, 22 anos, poderá candidatar-se, pela primeira vez, ao cargo de prefeito.');
insert into opcoes (num_exame, num_questao, letra_opcao, texto)
values(13, 14, 'C', 'Marcos, brasileiro, 35 anos e analfabeto, poderá candidatar-se ao cargo de prefeito.');
insert into opcoes (num_exame, num_questao, letra_opcao, texto)
values(13, 14, 'D', 'Luís, capitão do exército com 5 anos de serviço, mas que não pretende e nem irá afastar-se das atividades militares, poderá candidatar-se ao cargo de prefeito.');
insert into questoes (num_exame, num_questao, enunciado, opcao_correta)
values(13, 15, 'Ângela, segurada da Previdência Social, residente e domiciliada na comarca X, pretende ajuizar uma demanda contra o Instituto Nacional do Seguro Social (INSS), pleiteando uma revisão de seus benefícios previdenciários. A comarca X possui vara única da Justiça estadual, mas não é sede de vara federal. Contudo, a comarca vizinha Y é sede de vara da justiça federal, com competência sobre as comarcas X, Y e Z. Considerando a situação exposta, assinale a afirmativa correta.', 'A');
insert into opcoes (num_exame, num_questao, letra_opcao, texto)
values(13, 15, 'A', 'A ação poderá ser ajuizada na Justiça estadual, perante a vara única da comarca X, cabendo eventual recurso ao Tribunal Regional Federal na área de jurisdição do juiz de primeiro grau.');
insert into opcoes (num_exame, num_questao, letra_opcao, texto)
values(13, 15, 'B', 'A ação deverá ser ajuizada na Vara Federal da comarca vizinha Y, que é sede de vara federal com jurisdição sobre a comarca X.');
insert into opcoes (num_exame, num_questao, letra_opcao, texto)
values(13, 15, 'C', 'A ação poderá ser ajuizada na Justiça estadual, perante a vara única da comarca X, cabendo eventual recurso ao Tribunal de Justiça do Estado.');
insert into opcoes (num_exame, num_questao, letra_opcao, texto)
values(13, 15, 'D', 'A ação deverá ser proposta diretamente no Tribunal Regional Federal que abrange o estado onde se localiza a comarca X, em razão da matéria ser competência originária desse Tribunal.');
insert into questoes (num_exame, num_questao, enunciado, opcao_correta)
values(13, 16, 'Imagine a hipótese na qual o avião presidencial sofre um acidente, vindo a vitimar o Presidente da República e seu Vice, após a conclusão do terceiro ano de mandato. A partir da hipotese apresentada, assinale a afirmativa correta.', 'A');
insert into opcoes (num_exame, num_questao, letra_opcao, texto)
values(13, 16, 'A', 'O Presidente do Senado Federal assume o cargo e completa o mandato.');
insert into opcoes (num_exame, num_questao, letra_opcao, texto)
values(13, 16, 'B', 'O Presidente da Câmara dos Deputados assume o cargo e convoca eleições que realizar-se-ão noventa dias depois de abertas as vagas.');
insert into opcoes (num_exame, num_questao, letra_opcao, texto)
values(13, 16, 'C', 'O Presidente do Congresso Nacional assume o cargo e completa o mandato.');
insert into opcoes (num_exame, num_questao, letra_opcao, texto)
values(13, 16, 'D', 'O Presidente da Câmara dos Deputados assume o cargo e convoca eleições que serão realizadas trinta dias após a abertura das vagas, pelo Congresso Nacional, na forma da lei.');
insert into questoes (num_exame, num_questao, enunciado, opcao_correta)
values(13, 17, 'O Presidente da República possui uma série de competências privativas, que lhe são atribuídas diretamente pela Constituição. Admite-se que algumas delas possam ser delegadas ao Ministro de Estado da pasta relacionada ao tema. Dentre as competências delegáveis, inclui-se', 'A');
insert into opcoes (num_exame, num_questao, letra_opcao, texto)
values(13, 17, 'A', 'editar medidas provisórias com força de lei, nos termos do artigo 62 da Constituição.');
insert into opcoes (num_exame, num_questao, letra_opcao, texto)
values(13, 17, 'B', 'nomear, observado o disposto no artigo 73, os Ministros do Tribunal de Contas da União.');
insert into opcoes (num_exame, num_questao, letra_opcao, texto)
values(13, 17, 'C', 'prover e extinguir os cargos públicos federais, na forma da lei.');
insert into opcoes (num_exame, num_questao, letra_opcao, texto)
values(13, 17, 'D', 'iniciar o processo legislativo, na forma e nos casos previstos na Constituição.');
insert into questoes (num_exame, num_questao, enunciado, opcao_correta)
values(13, 18, 'A arguição de descumprimento de preceito fundamental (ADPF), regulada pela Lei nº 9.882/99, tem por objeto evitar ou reparar lesão a preceito fundamental, resultante de ato do Poder Público. Com base no legalmente disposto sobre a ADPF, assinale a opção correta.', 'A');
insert into opcoes (num_exame, num_questao, letra_opcao, texto)
values(13, 18, 'A', 'Face à extraordinariedade da ADPF, a decisão de indeferimento liminar da petição inicial é irrecorrível.');
insert into opcoes (num_exame, num_questao, letra_opcao, texto)
values(13, 18, 'B', 'De acordo com a Lei nº 9.882/99, vige o principio da subsidiariedade quanto ao cabimento da ADPF.');
insert into opcoes (num_exame, num_questao, letra_opcao, texto)
values(13, 18, 'C', 'A decisão proferida em ADPF produzirá somente efeitos erga omnes e ex tunc.');
insert into opcoes (num_exame, num_questao, letra_opcao, texto)
values(13, 18, 'D', 'O prefeito de qualquer município pode propor ADPF contra lei local perante o STF.');
insert into questoes (num_exame, num_questao, enunciado, opcao_correta)
values(13, 19, 'A ação de habeas data, como instrumento de proteção de dimensão do direito de personalidade, destina-se a garantir o acesso de uma pessoa a informações sobre ela que façam parte de arquivos ou banco de dados de entidades governamentais ou públicas, bem como a garantir a correção de dados incorretos. A partir do fragmento acima, assinale a opção correta.', 'A');
insert into opcoes (num_exame, num_questao, letra_opcao, texto)
values(13, 19, 'A', 'Conceder-se-á habeas data para assegurar o conhecimento de informações relativas à pessoa do impetrante ou de parente deste até o segundo grau, constantes de registro ou banco de dados de entidades governamentais ou privadas.');
insert into opcoes (num_exame, num_questao, letra_opcao, texto)
values(13, 19, 'B', 'Além dos requisitos previstos no Código de Processo Civil para petição inicial, a ação de habeas data deverá vir instruída com prova da recusa ao acesso às informações ou o simples decurso de dez dias sem decisão.');
insert into opcoes (num_exame, num_questao, letra_opcao, texto)
values(13, 19, 'C', 'Do despacho de indeferimento da inicial de habeas data por falta de algum requisito legal para o ajuizamento caberá agravo de instrumento.');
insert into opcoes (num_exame, num_questao, letra_opcao, texto)
values(13, 19, 'D', 'A ação de habeas data terá prioridade sobre todos os atos judiciais, com exceção ao habeas corpus e ao mandado de segurança.');
insert into questoes (num_exame, num_questao, enunciado, opcao_correta)
values(13, 20, 'A Companhia Energética de Minas Gerais (Cemig) foi responsabilizada por fiscais do Ministério do Trabalho e Emprego (MTE) e pelo Ministério Público do Trabalho (MPT) pela submissão de 179 trabalhadores a condições análogas às de escravos, em Belo Horizonte. Esse fato gravíssimo comprova, na prática, violação de um princípio crucial acerca dos Direitos Humanos. Assinale a opção que expressa esse princípio.', 'A');
insert into opcoes (num_exame, num_questao, letra_opcao, texto)
values(13, 20, 'A', 'O princípio do relativismo cultural determina que o trabalho forçado seja combatido apenas nos países onde a legislação defina tal conduta como ilícita.');
insert into opcoes (num_exame, num_questao, letra_opcao, texto)
values(13, 20, 'B', 'O princípio da razoabilidade, pois não é razoável que pessoas sejam submetidas ao trabalho na condição análoga à de escravo.');
insert into opcoes (num_exame, num_questao, letra_opcao, texto)
values(13, 20, 'C', 'O princípio do direito humanitário, pois o trabalho na condição análoga à de escravo é desumano.');
insert into opcoes (num_exame, num_questao, letra_opcao, texto)
values(13, 20, 'D', 'O princípio da indivisibilidade dos direitos humanos, pois o trabalho na condição análoga à de escravo viola a um só tempo os direitos civis e políticos e os direitos econômicos e sociais.');
insert into questoes (num_exame, num_questao, enunciado, opcao_correta)
values(13, 21, 'Considere a seguinte informação jurisprudencial: “Súmula Vinculante nº 25 do STF: É ilícita a prisão civil de depositário infiel, qualquer que seja a modalidade do depósito.” Os debates no STF que levaram à alteração de sua própria jurisprudência e à adoção da Súmula acima consagraram a prevalência do Pacto de São José da Costa Rica e de sua proibição de prisão civil (Artigo 7º, item 7, do Pacto). Assinale a opção que contém a tese majoritária que fundamentou a decisão do STF.', 'A');
insert into opcoes (num_exame, num_questao, letra_opcao, texto)
values(13, 21, 'A', 'A natureza supraconstitucional das Convenções de Direitos Humanos já que estas são universais e possuem força vinculante.');
insert into opcoes (num_exame, num_questao, letra_opcao, texto)
values(13, 21, 'B', 'A natureza constitucional das Convenções de Direitos Humanos que no Brasil decorre do Artigo 5º, § 2°, da Constituição de 1988.');
insert into opcoes (num_exame, num_questao, letra_opcao, texto)
values(13, 21, 'C', 'A natureza supralegal das Convenções de Direitos Humanos que faz com que elas sejam hierarquicamente superiores ao código civil e ao de processo civil.');
insert into opcoes (num_exame, num_questao, letra_opcao, texto)
values(13, 21, 'D', 'A natureza de lei ordinária das Convenções de Direitos Humanos, considerando que lei posterior revoga lei anterior.');
insert into questoes (num_exame, num_questao, enunciado, opcao_correta)
values(13, 22, 'O sistema global de Direitos Humanos foi pensado para proteger as vítimas de violações ou ameaças de violações dos direitos humanos. Daí os variados mecanismos que buscam proteção ou reparações em face de diferentes violências. Contudo, dentro do sistema global há um tratado internacional que instituiu um órgão de caráter permanente e independente voltado especificamente para o julgamento e a punição de indivíduos agressores e não diretamente para a proteção das vítimas. Assinale a opção que indica esse órgão.', 'A');
insert into opcoes (num_exame, num_questao, letra_opcao, texto)
values(13, 22, 'A', 'Corte Internacional de Justiça – Corte de Haia – instituída pela Carta das Nações Unidas.');
insert into opcoes (num_exame, num_questao, letra_opcao, texto)
values(13, 22, 'B', 'Conselho de Segurança da ONU, instituído pela Carta das Nações Unidas.');
insert into opcoes (num_exame, num_questao, letra_opcao, texto)
values(13, 22, 'C', 'Tribunal Penal Internacional, instituído pelo Estatuto de Roma.');
insert into opcoes (num_exame, num_questao, letra_opcao, texto)
values(13, 22, 'D', 'Corte Europeia dos Direitos dos Homens, instituída pela Convenção Europeia dos Direitos do Homem.');
insert into questoes (num_exame, num_questao, enunciado, opcao_correta)
values(13, 23, 'Sobre o sistema de regulação de investimentos e fluxo de capital estrangeiro no atual ordenamento jurídico da República Federativa do Brasil, assinale a afirmativa incorreta.', 'A');
insert into opcoes (num_exame, num_questao, letra_opcao, texto)
values(13, 23, 'A', 'É vedada a participação de capital estrangeiro nas empresas jornalísticas e de radiodifusão sonora e de sons e imagens, uma vez que sua propriedade é privativa de brasileiros natos.');
insert into opcoes (num_exame, num_questao, letra_opcao, texto)
values(13, 23, 'B', 'É vedada a participação direta ou indireta de empresas ou capitais estrangeiros na assistência à saúde no país, salvo nos casos previstos em lei.');
insert into opcoes (num_exame, num_questao, letra_opcao, texto)
values(13, 23, 'C', 'O sistema financeiro nacional será regulado por leis complementares que disporão, inclusive, sobre a participação do capital estrangeiro nas instituições que o integram.');
insert into opcoes (num_exame, num_questao, letra_opcao, texto)
values(13, 23, 'D', 'Os investimentos de capital estrangeiro, o incentivo aos reinvestimentos e a regulação à remessa de lucros serão disciplinados em lei, tendo por base o interesse nacional.');
insert into questoes (num_exame, num_questao, enunciado, opcao_correta)
values(13, 24, 'A respeito da extradição e/ou expulsão de estrangeiro do Brasil, assinale a afirmativa correta.', 'A');
insert into opcoes (num_exame, num_questao, letra_opcao, texto)
values(13, 24, 'A', 'É passível de extradição o estrangeiro que, de qualquer forma, atentar contra a segurança nacional, a ordem pública ou social, a tranquilidade ou a moralidade pública e a economia popular, ou cujo procedimento o torne nocivo à conveniência e aos interesses nacionais.');
insert into opcoes (num_exame, num_questao, letra_opcao, texto)
values(13, 24, 'B', 'É passível de extradição o estrangeiro que praticar fraude a fim de obter a sua entrada ou permanência no Brasil.');
insert into opcoes (num_exame, num_questao, letra_opcao, texto)
values(13, 24, 'C', 'Caberá exclusivamente ao Presidente da República resolver sobre a conveniência e a oportunidade de expulsão do estrangeiro ou de sua revogação.');
insert into opcoes (num_exame, num_questao, letra_opcao, texto)
values(13, 24, 'D', 'A expulsão do estrangeiro não poderá efetivar-se se houver processo ou ocorrido condenação.');
insert into questoes (num_exame, num_questao, enunciado, opcao_correta)
values(13, 25, 'Segundo o entendimento do STF, a taxa cobrada exclusivamente em razão dos serviços públicos de coleta, remoção e tratamento ou destinação de lixo ou resíduos provenientes de imóveis, é', 'A');
insert into opcoes (num_exame, num_questao, letra_opcao, texto)
values(13, 25, 'A', 'constitucional, por não violar o conceito constitucional de taxa.');
insert into opcoes (num_exame, num_questao, letra_opcao, texto)
values(13, 25, 'B', 'inconstitucional, por violar o conceito constitucional de taxa.');
insert into opcoes (num_exame, num_questao, letra_opcao, texto)
values(13, 25, 'C', 'constitucional, por não violar o conceito constitucional de taxa, mas ilegal por violar a definição de taxa contida no Código Tributário Nacional.');
insert into opcoes (num_exame, num_questao, letra_opcao, texto)
values(13, 25, 'D', 'inconstitucional, por violar o conceito constitucional de taxa, além de ilegal, por violar a definição de taxa contida no Código Tributário Nacional.');
insert into questoes (num_exame, num_questao, enunciado, opcao_correta)
values(13, 26, 'Determinado Estado, localizado na Região Norte do país, instituiu, mediante lei específica, a contribuição para o custeio do serviço de iluminação pública. Nessa linha, com base na competência tributária prevista nas normas constitucionais em vigor, tal contribuição instituída pelo respectivo estado- membro da Federação é', 'A');
insert into opcoes (num_exame, num_questao, letra_opcao, texto)
values(13, 26, 'A', 'constitucional, sendo possível sua cobrança com base nas regras constitucionais em vigor.');
insert into opcoes (num_exame, num_questao, letra_opcao, texto)
values(13, 26, 'B', 'inconstitucional, por ser o referido tributo de competência tributária da União Federal.');
insert into opcoes (num_exame, num_questao, letra_opcao, texto)
values(13, 26, 'C', 'inconstitucional, por ser o referido tributo de competência do Distrito Federal e dos Municípios.');
insert into opcoes (num_exame, num_questao, letra_opcao, texto)
values(13, 26, 'D', 'inconstitucional, visto que somente lei complementar poderá instituir o referido tributo.');
insert into questoes (num_exame, num_questao, enunciado, opcao_correta)
values(13, 27, 'José recebeu auto de infração pelo inadimplemento de determinado tributo instituído por lei ordinária. José contesta a exigência fiscal sob o argumento, correto, de que o tributo em questão deveria ter sido instituído por lei complementar. A partir da hipótese apresentada, assinale a opção que indica o tributo exigido no referido auto de infração.', 'A');
insert into opcoes (num_exame, num_questao, letra_opcao, texto)
values(13, 27, 'A', 'Contribuição de Interesse de Categoria Profissional.');
insert into opcoes (num_exame, num_questao, letra_opcao, texto)
values(13, 27, 'B', 'Contribuição de Melhoria.');
insert into opcoes (num_exame, num_questao, letra_opcao, texto)
values(13, 27, 'C', 'Contribuição de Intervenção no Domínio Econômico.');
insert into opcoes (num_exame, num_questao, letra_opcao, texto)
values(13, 27, 'D', 'Empréstimo Compulsório.');
insert into questoes (num_exame, num_questao, enunciado, opcao_correta)
values(13, 28, 'A pessoa jurídica XYZ Participações S.A., ao verificar que havia recolhido a maior o Imposto sobre a Renda de Pessoas Jurídicas - IRPJ - dos últimos dois anos, peticionou administrativamente, requerendo a repetição do indébito. No entanto, a Receita Federal do Brasil negou o pedido administrativo. Sobre a hipótese, assinale a afirmativa correta.', 'A');
insert into opcoes (num_exame, num_questao, letra_opcao, texto)
values(13, 28, 'A', 'O prazo para o contribuinte ajuizar ação anulatória é de 2 (dois) anos, a contar da data da decisão administrativa que indeferiu o pedido de repetição.');
insert into opcoes (num_exame, num_questao, letra_opcao, texto)
values(13, 28, 'B', 'O direito de pleitear a restituição extingue-se com o decurso do prazo de 10 (dez) anos, contados do pagamento espontâneo de tributo a maior.');
insert into opcoes (num_exame, num_questao, letra_opcao, texto)
values(13, 28, 'C', 'Para que o contribuinte assegure seu direito à restituição do indébito tributário, é necessário o prévio protesto.');
insert into opcoes (num_exame, num_questao, letra_opcao, texto)
values(13, 28, 'D', 'O contribuinte somente poderá receber o indébito reconhecido por ação ordinária por meio de precatório, não sendo possível o recebimento via compensação tributária.');
insert into questoes (num_exame, num_questao, enunciado, opcao_correta)
values(13, 29, 'A União licitou, mediante concorrência, uma obra de engenharia para construir um hospital público. Depois de realizadas todas as etapas previstas na Lei n. 8.666/93, sagrou- se vencedora a Companhia X. No entanto, antes de se outorgar o contrato para a Companhia X, a Administração Pública resolveu revogar a licitação. Acerca do tema, assinale a afirmativa correta.', 'A');
insert into opcoes (num_exame, num_questao, letra_opcao, texto)
values(13, 29, 'A', 'A Administração Pública pode revogar a licitação, por qualquer motivo, principalmente por ilegalidade, não havendo direito subjetivo da Companhia X ao contrato.');
insert into opcoes (num_exame, num_questao, letra_opcao, texto)
values(13, 29, 'B', 'A revogação depende da constatação de ilegalidade no curso do procedimento e, nesse caso, não pode ser decretada em prejuízo da Companhia X, que já se sagrou vencedora.');
insert into opcoes (num_exame, num_questao, letra_opcao, texto)
values(13, 29, 'C', 'A revogação, fundada na conveniência e na oportunidade da Administração Pública, deverá sempre ser motivada e baseada em fato superveniente ao início da licitação.');
insert into opcoes (num_exame, num_questao, letra_opcao, texto)
values(13, 29, 'D', 'Quando a Administração lança um edital e a ele se vincula, somente será possível a anulação do certame em caso de ilegalidade, sendo-lhe vedado, pois, revogar a licitação.');
insert into questoes (num_exame, num_questao, enunciado, opcao_correta)
values(13, 30, 'José da Silva é o chefe do Departamento de Pessoal de uma Secretaria de Estado. Recentemente, José da Silva avocou a análise de determinada matéria, constante de processo administrativo inicialmente distribuído a João de Souza, seu subordinado, ao perceber que a questão era por demais complexa e não vinha sendo tratada com prioridade por aquele servidor. Ao assim agir, José da Silva fez uso', 'A');
insert into opcoes (num_exame, num_questao, letra_opcao, texto)
values(13, 30, 'A', 'do poder hierárquico.');
insert into opcoes (num_exame, num_questao, letra_opcao, texto)
values(13, 30, 'B', 'do poder disciplinar.');
insert into opcoes (num_exame, num_questao, letra_opcao, texto)
values(13, 30, 'C', 'do poder discricionário.');
insert into opcoes (num_exame, num_questao, letra_opcao, texto)
values(13, 30, 'D', 'da teoria dos motivos determinantes.');
insert into questoes (num_exame, num_questao, enunciado, opcao_correta)
values(13, 31, 'Após conclusão de licitação do tipo menor preço, conduzida por uma autarquia federal para a contratação de serviços de limpeza predial, sagrou-se vencedora a sociedade “LYMPA”, que ofereceu a melhor proposta. O dirigente da autarquia, entretanto, deixou de adjudicar o objeto à sociedade vencedora e contratou com outra sociedade, pertencente ao seu genro, para realizar o serviço por um preço mais baixo do que o oferecido pela sociedade vencedora. O Ministério Público ajuizou ação de improbidade contra o dirigente da autarquia. A partir do caso apresentado, assinale a afirmativa correta.', 'A');
insert into opcoes (num_exame, num_questao, letra_opcao, texto)
values(13, 31, 'A', 'A improbidade administrativa não está configurada, uma vez que não restou configurado enriquecimento do agente público.');
insert into opcoes (num_exame, num_questao, letra_opcao, texto)
values(13, 31, 'B', 'O resultado da ação de improbidade dependerá da apuração financeira de eventual prejuízo aos cofres do ente público.');
insert into opcoes (num_exame, num_questao, letra_opcao, texto)
values(13, 31, 'C', 'A propositura da ação de improbidade é admissível, ainda que não haja prejuízo ao erário e nem enriquecimento do agente público.');
insert into opcoes (num_exame, num_questao, letra_opcao, texto)
values(13, 31, 'D', 'A ação de improbidade somente é aceita em relação aos atos expressamente tipificados na Lei nº 8.429/1992, o que não atinge a contratação direta sem licitação.');
insert into questoes (num_exame, num_questao, enunciado, opcao_correta)
values(13, 32, 'A União celebrou protocolo de intenções com o Estado A e os Municípios X, Y e Z do Estado B, todos em regiões de fronteira, para a constituição de um consórcio público na área de segurança pública. Considerando a disciplina legislativa acerca dos consórcios públicos, assinale a afirmativa correta.', 'A');
insert into opcoes (num_exame, num_questao, letra_opcao, texto)
values(13, 32, 'A', 'O consórcio público pode adquirir personalidade jurídica de direito público, constituindo-se em uma associação pública.');
insert into opcoes (num_exame, num_questao, letra_opcao, texto)
values(13, 32, 'B', 'O consórcio público representa uma comunhão de esforços, não adquirindo personalidade jurídica própria.');
insert into opcoes (num_exame, num_questao, letra_opcao, texto)
values(13, 32, 'C', 'A União não pode constituir consórcio do qual façam parte Municípios não integrantes de Estado não conveniado.');
insert into opcoes (num_exame, num_questao, letra_opcao, texto)
values(13, 32, 'D', 'O consórcio público adquire personalidade jurídica com a celebração do protocolo de intenções.');
insert into questoes (num_exame, num_questao, enunciado, opcao_correta)
values(13, 33, 'Acerca da desapropriação, assinale a afirmativa correta.', 'A');
insert into opcoes (num_exame, num_questao, letra_opcao, texto)
values(13, 33, 'A', 'Na desapropriação por interesse social, o expropriante tem o prazo de cinco anos, contados da edição do decreto, para iniciar as providências de aproveitamento do bem expropriado.');
insert into opcoes (num_exame, num_questao, letra_opcao, texto)
values(13, 33, 'B', 'Na desapropriação por interesse social, em regra, não se exige o requisito da indenização prévia, justa e em dinheiro.');
insert into opcoes (num_exame, num_questao, letra_opcao, texto)
values(13, 33, 'C', 'O município pode desapropriar um imóvel por interesse social, mediante indenização prévia, justa e em dinheiro.');
insert into opcoes (num_exame, num_questao, letra_opcao, texto)
values(13, 33, 'D', 'A desapropriação para fins de reforma agrária da propriedade que não esteja cumprindo a sua função social não será indenizada.');
insert into questoes (num_exame, num_questao, enunciado, opcao_correta)
values(13, 34, 'O Estado X publicou edital de concorrência para a concessão de uma linha de transporte aquaviário interligando os municípios A e B, situados em seu território, por meio do Rio Azulão. Sobre o tema da concessão de serviços públicos, e considerando os dados acima narrados, assinale a afirmativa correta.', 'A');
insert into opcoes (num_exame, num_questao, letra_opcao, texto)
values(13, 34, 'A', 'A outorga de concessão de serviço público, em regra, se dá em caráter de exclusividade.');
insert into opcoes (num_exame, num_questao, letra_opcao, texto)
values(13, 34, 'B', 'O edital de licitação pode prever a utilização de receitas alternativas, provenientes da exploração de placas publicitárias, com vistas a favorecer a modicidade das tarifas.');
insert into opcoes (num_exame, num_questao, letra_opcao, texto)
values(13, 34, 'C', 'Não se admite a inserção, no contrato, de cláusula que preveja a arbitragem para a resolução de conflitos.');
insert into opcoes (num_exame, num_questao, letra_opcao, texto)
values(13, 34, 'D', 'Na licitação para a concessão de serviços públicos, não se admite a inversão da ordem das fases de habilitação e julgamento.');
insert into questoes (num_exame, num_questao, enunciado, opcao_correta)
values(13, 35, 'Nos termos da Lei nº 11.445/2007 (Lei de Diretrizes Nacionais para o Saneamento Básico), assinale a afirmativa que indica o serviço público que não pode ser considerado como saneamento básico.', 'A');
insert into opcoes (num_exame, num_questao, letra_opcao, texto)
values(13, 35, 'A', 'Esgotamento sanitário.');
insert into opcoes (num_exame, num_questao, letra_opcao, texto)
values(13, 35, 'B', 'Manejo de águas pluviais urbanas.');
insert into opcoes (num_exame, num_questao, letra_opcao, texto)
values(13, 35, 'C', 'Limpeza urbana.');
insert into opcoes (num_exame, num_questao, letra_opcao, texto)
values(13, 35, 'D', 'Administração de recursos hídricos.');
insert into questoes (num_exame, num_questao, enunciado, opcao_correta)
values(13, 36, 'Bruno é proprietário de pousada que está em regular funcionamento há seis anos e explora o ecoturismo. Na área em que a pousada está localizada, o estado da federação pretende instituir estação ecológica com o objetivo de promover a proteção da flora e da fauna locais. A partir do caso apresentado, assinale a afirmativa correta.', 'A');
insert into opcoes (num_exame, num_questao, letra_opcao, texto)
values(13, 36, 'A', 'Não é possível o estado instituir a estação ecológica, pois fere o princípio da segurança jurídica, tendo em vista que a pousada funcionava regularmente há mais de cinco anos.');
insert into opcoes (num_exame, num_questao, letra_opcao, texto)
values(13, 36, 'B', 'É possível a instituição da estação ecológica pelo estado da federação, não impedindo o funcionamento da pousada, visto que Bruno tem direito adquirido ao exercício da atividade econômica.');
insert into opcoes (num_exame, num_questao, letra_opcao, texto)
values(13, 36, 'C', 'É possível a instituição da estação ecológica com a cessação da atividade econômica da pousada, desde que o Poder Público Estadual indenize Bruno pelos prejuízos que a instituição da unidade de conservação causar à sua atividade.');
insert into opcoes (num_exame, num_questao, letra_opcao, texto)
values(13, 36, 'D', 'É possível a instituição da estação ecológica com a cessação da atividade econômica da pousada, não cabendo ao Poder Público qualquer forma de indenização, tendo em vista a supremacia do interesse coletivo sobre os interesses individualmente considerados.');
insert into questoes (num_exame, num_questao, enunciado, opcao_correta)
values(13, 37, 'Pedro, menor impúbere, e sem o consentimento de seu representante legal, celebrou contrato de mútuo com Marcos, tendo este lhe entregue a quantia de R$400,00, a fim de que pudesse comprar uma bicicleta. A respeito desse caso, assinale a afirmativa incorreta.', 'A');
insert into opcoes (num_exame, num_questao, letra_opcao, texto)
values(13, 37, 'A', 'O mútuo poderá ser reavido somente se o representante legal de Pedro ratificar o contrato.');
insert into opcoes (num_exame, num_questao, letra_opcao, texto)
values(13, 37, 'B', 'Se o contrato tivesse por fim suprir despesas com a própria manutenção, o mútuo poderia ser reavido, ainda que ausente ao ato o representante legal de Pedro.');
insert into opcoes (num_exame, num_questao, letra_opcao, texto)
values(13, 37, 'C', 'Se Pedro tiver bens obtidos com o seu trabalho, o mútuo poderá ser reavido, ainda que contraído sem o consentimento do seu representante legal.');
insert into opcoes (num_exame, num_questao, letra_opcao, texto)
values(13, 37, 'D', 'O mútuo também poderia ser reavido caso Pedro tivesse obtido o empréstimo maliciosamente.');
insert into questoes (num_exame, num_questao, enunciado, opcao_correta)
values(13, 38, 'A transmissibilidade de obrigações pode ser realizada por meio do ato denominado cessão, por meio da qual o credor transfere seus direitos na relação obrigacional a outrem, fazendo surgir as figuras jurídicas do cedente e do cessionário. Constituída essa nova relação obrigacional, é correto afirmar que', 'A');
insert into opcoes (num_exame, num_questao, letra_opcao, texto)
values(13, 38, 'A', 'os acessórios da obrigação principal são abrangidos na cessão de crédito, salvo disposição em contrário.');
insert into opcoes (num_exame, num_questao, letra_opcao, texto)
values(13, 38, 'B', 'o cedente responde pela solvência do devedor, não se admitindo disposição em contrário.');
insert into opcoes (num_exame, num_questao, letra_opcao, texto)
values(13, 38, 'C', 'a transmissão de um crédito que não tenha sido celebrada única e exclusivamente por instrumento público é ineficaz em relação a terceiros.');
insert into opcoes (num_exame, num_questao, letra_opcao, texto)
values(13, 38, 'D', 'o devedor não pode opor ao cessionário as exceções que tinha contra o cedente no momento em que veio a ter conhecimento da cessão.');
insert into questoes (num_exame, num_questao, enunciado, opcao_correta)
values(13, 39, 'Lúcia, pessoa doente, idosa, com baixo grau de escolaridade, foi obrigada a celebrar contrato particular de assunção de dívida com o Banco FDC S.A., reconhecendo e confessando dívidas firmadas pelo seu marido, esse já falecido, e que não deixara bens ou patrimônio a inventariar. O gerente do banco ameaçou Lúcia de não efetuar o pagamento da pensão deixada pelo seu falecido marido, caso não fosse assinado o contrato de assunção de dívida. Considerando a hipótese acima e as regras de Direito Civil, assinale a afirmativa correta.', 'A');
insert into opcoes (num_exame, num_questao, letra_opcao, texto)
values(13, 39, 'A', 'O contrato particular de assunção de dívida assinado por Lúcia é anulável por erro substancial, pois Lúcia manifestou sua vontade de forma distorcida da realidade, por entendimento equivocado do negócio praticado.');
insert into opcoes (num_exame, num_questao, letra_opcao, texto)
values(13, 39, 'B', 'O ato negocial celebrado entre Lúcia e o Banco FDC S.A. é anulável por vício de consentimento, em razão de conduta dolosa praticada pelo banco, que ardilosamente falseou a realidade e forjou uma situação inexistente, induzindo Lúcia à prática do ato.');
insert into opcoes (num_exame, num_questao, letra_opcao, texto)
values(13, 39, 'C', 'O instrumento particular firmado entre Lúcia e o Banco FDC S.A. pode ser anulado sob fundamento de lesão, uma vez que Lúcia assumiu obrigação excessiva sobre premente necessidade.');
insert into opcoes (num_exame, num_questao, letra_opcao, texto)
values(13, 39, 'D', 'O negócio jurídico celebrado entre Lúcia e o Banco FDC S.A. é anulável pelo vício da coação, uma vez que a ameaça praticada pelo banco foi iminente e atual, grave, séria e determinante para a celebração da avença.');
insert into questoes (num_exame, num_questao, enunciado, opcao_correta)
values(13, 40, 'Felipe, atrasado para um compromisso profissional, guia seu veículo particular de passeio acima da velocidade permitida e, falando ao celular, desatento, não observa a sinalização de trânsito para redução da velocidade em razão da proximidade da creche Arca de Noé. Pedro, divorciado, pai de Júlia e Bruno, com cinco e sete anos de idade respectivamente, alunos da creche, atravessava a faixa de pedestres para buscar os filhos, quando é atropelado pelo carro de Felipe. Pedro fica gravemente ferido e vem a falecer, em decorrência das lesões, um mês depois. Maria, mãe de Júlia e Bruno, agora privados do sustento antes pago pelo genitor falecido, ajuíza demanda reparatória em face de Felipe, que está sendo processado no âmbito criminal por homicídio culposo no trânsito. Com base no caso em questão, assinale a opção correta.', 'A');
insert into opcoes (num_exame, num_questao, letra_opcao, texto)
values(13, 40, 'A', 'Felipe indenizará as despesas comprovadamente gastas com o mês de internação para tratamento de Pedro, alimentos indenizatórios a Júlia e Bruno tendo em conta a duração provável da vida do genitor, sem excluir outras reparações, a exemplo das despesas com sepultamento e luto da família.');
insert into opcoes (num_exame, num_questao, letra_opcao, texto)
values(13, 40, 'B', 'Felipe deverá indenizar as despesas efetuadas com a tentativa de restabelecimento da saúde de Pedro, sendo incabível a pretensão de alimentos para seus filhos, diante de ausência de previsão legal.');
insert into opcoes (num_exame, num_questao, letra_opcao, texto)
values(13, 40, 'C', 'Felipe fora absolvido por falta de provas do delito de trânsito na esfera criminal e, como a responsabilidade civil e a criminal não são independentes, essa sentença fará coisa julgada no cível, inviabilizando a pretensão reparatória proposta por Maria.');
insert into opcoes (num_exame, num_questao, letra_opcao, texto)
values(13, 40, 'D', 'Felipe, como a legislação civil prevê em caso de homicídio, deve arcar com as despesas do tratamento da vítima, seu funeral, luto da família, bem como dos alimentos aos dependentes enquanto viverem, excluindo-se quaisquer outras reparações.');
insert into questoes (num_exame, num_questao, enunciado, opcao_correta)
values(13, 41, 'Ary celebrou contrato de compra e venda de imóvel com Laurindo e, mesmo sem a devida declaração negativa de débitos condominiais, conseguiu registrar o bem em seu nome. Ocorre que, no mês seguinte à sua mudança, Ary foi surpreendido com a cobrança de três meses de cotas condominiais em atraso. Inconformado com a situação, Ary tentou, sem sucesso, entrar em contato com o vendedor, para que este arcasse com os mencionados valores. De acordo com as regras concernentes ao direito obrigacional, assinale a opção correta.', 'A');
insert into opcoes (num_exame, num_questao, letra_opcao, texto)
values(13, 41, 'A', 'Perante o condomínio, Laurindo deverá arcar com o pagamento das cotas em atraso, pois cabe ao vendedor solver todos os débitos que gravem o imóvel até o momento da tradição, entregando-o livre e desembargado.');
insert into opcoes (num_exame, num_questao, letra_opcao, texto)
values(13, 41, 'B', 'Perante o condomínio, Ary deverá arcar com o pagamento das cotas em atraso, pois se trata de obrigação subsidiária, já que o vendedor não foi encontrado, cabendo ação in rem verso, quando este for localizado.');
insert into opcoes (num_exame, num_questao, letra_opcao, texto)
values(13, 41, 'C', 'Perante o condomínio, Laurindo deverá arcar com o pagamento das cotas em atraso, pois se trata de obrigação com eficácia real, uma vez que Ary ainda não possui direito real sobre a coisa.');
insert into opcoes (num_exame, num_questao, letra_opcao, texto)
values(13, 41, 'D', 'Perante o condomínio, Ary deverá arcar com o pagamento das cotas em atraso, pois se trata de obrigação propter rem, entendida como aquela que está a cargo daquele que possui o direito real sobre a coisa e, comprovadamente, imitido na posse do imóvel adquirido.');
insert into questoes (num_exame, num_questao, enunciado, opcao_correta)
values(13, 42, 'Jeremias e Antônio moram cada um em uma margem do rio Tatuapé. Com o passar do tempo, as chuvas, as estiagens e a erosão do rio alteraram a área da propriedade de cada um. Dessa forma, Jeremias começou a se questionar sobre o tamanho atual de sua propriedade (se houve aquisição/diminuição), o que deixou Antônio enfurecido, pois nada havia feito para prejudicar Jeremias. Ao mesmo tempo, Antônio também começou a notar diferenças em seu terreno na margem do rio. Ambos questionam se não deveriam receber alguma indenização do outro. Sobre a situação apresentada, assinale a afirmativa correta.', 'A');
insert into opcoes (num_exame, num_questao, letra_opcao, texto)
values(13, 42, 'A', 'Trata-se de aquisição por aluvião, uma vez que corresponde a acréscimos trazidos pelo rio de forma sucessiva e imperceptível, não gerando indenização a ninguém.');
insert into opcoes (num_exame, num_questao, letra_opcao, texto)
values(13, 42, 'B', 'Se for formada uma ilha no meio do rio Tatuapé, pertencerá ao proprietário do terreno de onde aquela porção de terra se deslocou.');
insert into opcoes (num_exame, num_questao, letra_opcao, texto)
values(13, 42, 'C', 'Trata-se de aquisição por avulsão e cada proprietário adquirirá a terra trazida pelo rio mediante indenização do outro ou, se ninguém tiver reclamado, após o período de um ano.');
insert into opcoes (num_exame, num_questao, letra_opcao, texto)
values(13, 42, 'D', 'Se o rio Tatuapé secar, adquirirá a propriedade da terra aquele que primeiro a tornar produtiva de alguma maneira, seja como moradia ou como área de trabalho.');
insert into questoes (num_exame, num_questao, enunciado, opcao_correta)
values(13, 43, 'Antônio, muito necessitado de dinheiro, decide empenhar uma vaca leiteira para iniciar um negócio, acreditando que, com o sucesso do empreendimento, terá o animal de volta o quanto antes. Sobre a hipótese de penhor apresentada, assinale a afirmativa correta.', 'A');
insert into opcoes (num_exame, num_questao, letra_opcao, texto)
values(13, 43, 'A', 'Se a vaca leiteira morrer, ainda que por descuido do credor, Antônio poderá ter a dívida executada judicialmente pelo credor pignoratício.');
insert into opcoes (num_exame, num_questao, letra_opcao, texto)
values(13, 43, 'B', 'As despesas advindas da alimentação e outras necessidades da vaca leiteira, devidamente justificadas, consistem em ônus do credor pignoratício, sendo vedada a retenção do animal para obrigar Antônio a indenizá-lo.');
insert into opcoes (num_exame, num_questao, letra_opcao, texto)
values(13, 43, 'C', 'Se Antônio não quitar sua dívida com o credor pignoratício, o penhor estará automaticamente extinto e, declarada sua extinção, poder-se-á proceder à adjudicação judicial da vaca leiteira.');
insert into opcoes (num_exame, num_questao, letra_opcao, texto)
values(13, 43, 'D', 'Caso o credor pignoratício perceba que, devido a uma doença que subitamente atingiu a vaca leiteira, sua morte está próxima, o CC/02 permite a sua venda antecipada, mediante prévia autorização judicial, situação que pode ser impedida por Antônio por meio da sua substituição.');
insert into questoes (num_exame, num_questao, enunciado, opcao_correta)
values(13, 44, 'João e Joana são pais de Mila, 9 anos, e de Letícia, 8 anos. João mudou-se para Maringá depois do divórcio, e levou sua filha mais nova para morar com ele. Nas férias escolares, Letícia quer ir ao Rio de Janeiro visitar sua mãe, enquanto Mila deseja passar seus dias livres com seu pai em Maringá. Avalie as situações apresentadas a seguir e, de acordo com o Estatuto da Criança e do Adolescente, assinale a afirmativa correta.', 'A');
insert into opcoes (num_exame, num_questao, letra_opcao, texto)
values(13, 44, 'A', 'Letícia poderá viajar sem autorização judicial se a sua prima, Olívia, que tem 19 anos, aceitar acompanhá-la. Mila poderá viajar sem autorização, se a sua avó, Filomena, a acompanhar.');
insert into opcoes (num_exame, num_questao, letra_opcao, texto)
values(13, 44, 'B', 'Se houver prévia e expressa autorização dos pais ou responsáveis, Letícia e Mila ficam dispensadas da autorização judicial e poderão viajar desacompanhadas dentro do território nacional.');
insert into opcoes (num_exame, num_questao, letra_opcao, texto)
values(13, 44, 'C', 'Letícia poderá viajar desacompanhada dos pais por todo território nacional se houver autorização judicial, que poderá ser concedida pelo prazo de dois anos. Mila não precisará de autorização judicial para ir a Maringá se seu tio José aceitar acompanhá-la.');
insert into opcoes (num_exame, num_questao, letra_opcao, texto)
values(13, 44, 'D', 'Mila poderia aproveitar a ida de sua vizinha Maria, de 23 anos, para acompanhá-la, desde que devidamente autorizada por seus pais, enquanto Letícia não precisaria de autorização judicial se seu padrinho, Ricardo, primo do seu pai, a acompanhasse.');
insert into questoes (num_exame, num_questao, enunciado, opcao_correta)
values(13, 45, 'Vilma, avó materna do menor Oscar, de quinze anos de idade, pretende mover ação de suspensão do poder familiar em face de Onísio e Paula, pais do menor. Argumenta que Oscar estaria na condição de evasão escolar e os pais negligentes, embora incansavelmente questionados por Vilma quanto as consequências negativas para a formação de Oscar. Considere a hipótese narrada e assinale a única opção correta aplicável ao caso.', 'A');
insert into opcoes (num_exame, num_questao, letra_opcao, texto)
values(13, 45, 'A', 'Do ponto de vista processual, Vilma não tem legitimidade para propor a ação que deve ser movida exclusivamente pelo Ministério Público, diante da indisponibilidade do direito em questão, a quem a interessada deve dirigir a argumentação para a tomada das medidas judiciais cabíveis.');
insert into opcoes (num_exame, num_questao, letra_opcao, texto)
values(13, 45, 'B', 'Do ponto de vista material, os elementos indicados por Vilma são suficientes ao pleito de suspensão do poder familiar, do mesmo modo que a falta ou a carência de recursos materiais são, ainda que isoladamente, justo motivo para propositura da medida de suspensão do poder familiar.');
insert into opcoes (num_exame, num_questao, letra_opcao, texto)
values(13, 45, 'C', 'Do ponto de vista material, os argumentos indicados por Vilma são irrelevantes a dar ensejo à medida de suspensão de poder familiar, medida grave e excepcionalmente aplicada, mas são suficientes ao pleito de aplicação de multa e repreensão aos pais negligentes, por se tratar de infração administrativa.');
insert into opcoes (num_exame, num_questao, letra_opcao, texto)
values(13, 45, 'D', 'Do ponto de vista processual, Vilma possui legitimidade para propor a ação de suspensão do poder familiar e, tramitando o processo perante a Justiça da Infância e da Juventude, é impositiva a isenção de custas e emolumentos, independente de concessão da gratuidade de justiça, conforme dispõe expressa e literalmente o ECA.');
insert into questoes (num_exame, num_questao, enunciado, opcao_correta)
values(13, 46, 'Eliane trabalha em determinada empresa para a qual uma seguradora apresentou proposta de seguro de vida e acidentes pessoais aos empregados. Eliane preencheu o formulário entregue pela seguradora e, dias depois, recebeu comunicado escrito informando, sem motivo justificado, a recusa da seguradora para a contratação por Eliane. Partindo da situação fática narrada, à luz da legislação vigente, assinale a afirmativa correta.', 'A');
insert into opcoes (num_exame, num_questao, letra_opcao, texto)
values(13, 46, 'A', 'Eliane pode exigir o cumprimento forçado da obrigação nos termos do serviço apresentado, já que a oferta obriga a seguradora e a negativa constituiu prática abusiva pela recusa infundada de prestação de serviço.');
insert into opcoes (num_exame, num_questao, letra_opcao, texto)
values(13, 46, 'B', 'Trata-se de hipótese de aplicação da legislação consumerista, mas, a despeito das garantias conferidas ao consumidor, em hipóteses como a narrada no caso, é facultado à seguradora recusar a contratação antes da assinatura do contrato.');
insert into opcoes (num_exame, num_questao, letra_opcao, texto)
values(13, 46, 'C', 'Por se tratar de contrato bilateral, a seguradora poderia ter se recusado a ser contratada por Eliane nos termos do Código Civil, norma aplicável ao caso, que assegura que a proposta não obriga o proponente.');
insert into opcoes (num_exame, num_questao, letra_opcao, texto)
values(13, 46, 'D', 'A seguradora não está obrigada a se vincular a Eliane, já que a proposta de seguro e acidentes pessoais dos empregados não configura oferta, nos termos do Código do Consumidor.');
insert into questoes (num_exame, num_questao, enunciado, opcao_correta)
values(13, 47, 'Mauro adquiriu um veículo zero quilômetro da fabricante brasileira Surreal, na concessionária Possante Ltda., revendedora de automóveis que comercializa habitualmente diversas marcas nacionais e estrangeiras. Na época em que Mauro efetuou a compra, o modelo adquirido ainda não era produzido com o opcional de freio ABS, o que só veio a ocorrer seis meses após a aquisição feita por Mauro. Tal sistema de frenagem (travagem) evita que a roda do veículo bloqueie quando o pedal do freio é pisado fortemente, impedindo com isso o descontrole e a derrapagem do veículo. Mauro, inconformado, aciona a concessionária postulando a substituição do seu veículo, pelo novo modelo com freio ABS. Diante do caso narrado e das regras atinentes ao Direito do Consumidor, assinale a afirmativa correta.', 'A');
insert into opcoes (num_exame, num_questao, letra_opcao, texto)
values(13, 47, 'A', 'Mauro tem direito à substituição, pois o fato de o novo modelo ter sido oferecido com o opcional do freio ABS, de melhor qualidade, configura defeito do modelo anterior por ele adquirido.');
insert into opcoes (num_exame, num_questao, letra_opcao, texto)
values(13, 47, 'B', 'Se o veículo adquirido por Mauro apresentar futuro defeito no freio dentro do prazo de garantia, a concessionária Possante Ltda. é obrigada a assegurar a oferta de peças de reposição originais enquanto não cessar a fabricação do veículo.');
insert into opcoes (num_exame, num_questao, letra_opcao, texto)
values(13, 47, 'C', 'Somente quando cessada a produção no país do veículo adquirido por Mauro, a fabricante Surreal ficará exonerada do dever legal de assegurar o oferecimento de componentes e peças de reposição para o automóvel.');
insert into opcoes (num_exame, num_questao, letra_opcao, texto)
values(13, 47, 'D', 'Havendo necessidade de reposição de peças ou componentes no veículo de Mauro, a fabricante Surreal deverá, ainda que cessada a fabricação no país, efetuar o reparo com peças originais por um período razoável de tempo, fixado por lei. A reposição com peças usadas só é admitida pelo Código do Consumidor quando houver autorização do consumidor.');
insert into questoes (num_exame, num_questao, enunciado, opcao_correta)
values(13, 48, 'A assembleia geral de credores da sociedade falida “Concessionária de Veículos Pereiro Ltda.” aprovou, com o voto favorável de credores que representam 3/4 (três quartos) dos créditos presentes à assembleia, a constituição de sociedade formada pelos empregados do próprio devedor. Sobre esta modalidade de realização do ativo, assinale a afirmativa incorreta.', 'A');
insert into opcoes (num_exame, num_questao, letra_opcao, texto)
values(13, 48, 'A', 'Os empregados que vierem a integrar a futura sociedade poderão utilizar créditos derivados da legislação do trabalho para a aquisição da empresa.');
insert into opcoes (num_exame, num_questao, letra_opcao, texto)
values(13, 48, 'B', 'A constituição da sociedade formada pelos empregados do devedor depende da apresentação, pela massa falida, das certidões negativas de débitos tributários.');
insert into opcoes (num_exame, num_questao, letra_opcao, texto)
values(13, 48, 'C', 'Os bens objeto de alienação estarão livres de quaisquer ônus e não haverá sucessão da sociedade formada pelos empregados nas obrigações do devedor.');
insert into opcoes (num_exame, num_questao, letra_opcao, texto)
values(13, 48, 'D', 'A constituição de sociedade dos empregados do próprio devedor pode contar com a participação, se necessária, dos atuais sócios da falida ou de terceiros.');
insert into questoes (num_exame, num_questao, enunciado, opcao_correta)
values(13, 49, 'Sobre o desenho industrial e seu registro no Instituto Nacional da Propriedade Industrial (INPI), assinale a afirmativa correta.', 'A');
insert into opcoes (num_exame, num_questao, letra_opcao, texto)
values(13, 49, 'A', 'É registrável como desenho industrial qualquer obra ornamental de caráter puramente artístico, ou o conjunto ornamental de linhas e cores que pode ser aplicado a um produto, proporcionando resultado visual novo e original na sua configuração externa.');
insert into opcoes (num_exame, num_questao, letra_opcao, texto)
values(13, 49, 'B', 'O registro de desenho industrial vigorará pelo prazo de 20 (vinte) anos contados da data do depósito, prorrogável por até 2 (dois) períodos sucessivos de 10 (anos) anos cada, desde que seja requerida a prorrogação durante o último ano de vigência do registro.');
insert into opcoes (num_exame, num_questao, letra_opcao, texto)
values(13, 49, 'C', 'A ação de nulidade de registro de desenho industrial será ajuizada no foro da Justiça Estadual do domicílio do titular do registro, devendo o INPI ser notificado da propositura da ação para avaliar se tem interesse ou não em intervir no feito, quando não for autor.');
insert into opcoes (num_exame, num_questao, letra_opcao, texto)
values(13, 49, 'D', 'O pedido de registro que não atender às condições estabelecidas pelo INPI, mas contiver dados suficientes relativos ao depositante, ao desenho industrial e ao autor, poderá ser recebido, desde que sejam cumpridas, em 5 (cinco) dias, as exigências do INPI.');
insert into questoes (num_exame, num_questao, enunciado, opcao_correta)
values(13, 50, 'Ananias Targino consulta sua advogada para saber as providências que deve tomar para publicizar o trespasse do estabelecimento da Empresa Individual de Responsabilidade Limitada (EIRELI) por ele constituída e enquadrada como microempresa, cuja firma é Ananias Targino EIRELI ME. A advogada corretamente respondeu que', 'A');
insert into opcoes (num_exame, num_questao, letra_opcao, texto)
values(13, 50, 'A', 'é dispensável qualquer publicização ou arquivamento do contrato de trespasse do estabelecimento por ser a EIRELI enquadrada como microempresa.');
insert into opcoes (num_exame, num_questao, letra_opcao, texto)
values(13, 50, 'B', 'é dispensável o arquivamento do contrato de trespasse no Registro Público de Empresas Mercantis, mas ele deverá ser publicado na imprensa oficial.');
insert into opcoes (num_exame, num_questao, letra_opcao, texto)
values(13, 50, 'C', 'é dispensável o arquivamento do contrato de trespasse no Registro Público de Empresas Mercantis, mas ele deverá ser publicado na imprensa oficial e em jornal de grande circulação.');
insert into opcoes (num_exame, num_questao, letra_opcao, texto)
values(13, 50, 'D', 'é dispensável a publicação do contrato de trespasse na imprensa oficial, mas ele deverá ser arquivado no Registro Público de Empresas Mercantis.');
insert into questoes (num_exame, num_questao, enunciado, opcao_correta)
values(13, 51, 'Glória vendeu um automóvel a prazo para Valente. O pagamento foi realizado em quatro notas promissórias, com vencimentos em 30, 60, 90 e 120 dias da data de emissão. Os títulos foram endossados em branco para Paulo Afonso, mas foram extraviados antes dos respectivos vencimentos. Sobre a responsabilidade do emitente e do endossante das notas promissórias, assinale a afirmativa correta.', 'A');
insert into opcoes (num_exame, num_questao, letra_opcao, texto)
values(13, 51, 'A', 'Apenas o emitente responde pelo pagamento dos títulos porque o endossante não é coobrigado, salvo cláusula em contrário inserida na nota promissória.');
insert into opcoes (num_exame, num_questao, letra_opcao, texto)
values(13, 51, 'B', 'A responsabilidade do emitente e do endossante perante o portador subsiste ainda que os títulos tenham sido perdidos ou extraviados involuntariamente.');
insert into opcoes (num_exame, num_questao, letra_opcao, texto)
values(13, 51, 'C', 'O endossante e o emitente não respondem perante o portador pelo pagamento das notas promissórias em razão do desapossamento involuntário.');
insert into opcoes (num_exame, num_questao, letra_opcao, texto)
values(13, 51, 'D', 'O emitente e o endossante não respondem pelo pagamento dos títulos porque só é permitido ao vendedor sacar duplicata em uma compra e venda.');
insert into questoes (num_exame, num_questao, enunciado, opcao_correta)
values(13, 52, 'Olímpio Noronha é servidor público militar ativo e, concomitantemente, exerce pessoalmente atividade econômica organizada sem ter sua firma inscrita na Junta Comercial. Em relação às obrigações assumidas por Olímpio Noronha, assinale a alternativa correta.', 'A');
insert into opcoes (num_exame, num_questao, letra_opcao, texto)
values(13, 52, 'A', 'São válidas tanto as obrigações assumidas no exercício da empresa quanto estranhas a essa atividade e por elas Olímpio Noronha responderá ilimitadamente.');
insert into opcoes (num_exame, num_questao, letra_opcao, texto)
values(13, 52, 'B', 'São nulas todas as obrigações assumidas, porque Olímpio Noronha não pode ser empresário concomitantemente com o serviço público militar.');
insert into opcoes (num_exame, num_questao, letra_opcao, texto)
values(13, 52, 'C', 'São válidas apenas as obrigações estranhas ao exercício da empresa, pelas quais Olímpio Noronha responderá ilimitadamente; as demais são nulas.');
insert into opcoes (num_exame, num_questao, letra_opcao, texto)
values(13, 52, 'D', 'São válidas apenas as obrigações relacionadas ao exercício da empresa e por elas Olímpio Noronha responderá limitadamente; as demais são anuláveis.');
insert into questoes (num_exame, num_questao, enunciado, opcao_correta)
values(13, 53, 'Com relação aos poderes, deveres e reponsabilidades das partes, dos procuradores e dos juízes, assinale a afirmativa correta.', 'A');
insert into opcoes (num_exame, num_questao, letra_opcao, texto)
values(13, 53, 'A', 'O Juiz decidirá a lide nos limites em que foi proposta, sendo-lhe defeso conhecer, em qualquer hipótese, questões conhecíveis de ofício.');
insert into opcoes (num_exame, num_questao, letra_opcao, texto)
values(13, 53, 'B', 'Os motivos de impedimento e suspeição são aplicáveis aos juízes, não cabendo o mesmo contra os serventuários de justiça ou órgão do Ministério Público, quando não for parte.');
insert into opcoes (num_exame, num_questao, letra_opcao, texto)
values(13, 53, 'C', 'O Juiz deve declarar-se suspeito de parcialidade, mas deverá demonstrar claramente sua motivação, não se admitindo mera arguição de motivo íntimo.');
insert into opcoes (num_exame, num_questao, letra_opcao, texto)
values(13, 53, 'D', 'O Juiz, caso as partes e seus advogados empreguem expressões injuriosas nos escritos apresentados no processo, poderá mandar riscá-las, podendo assim agir, inclusive, de ofício.');
insert into questoes (num_exame, num_questao, enunciado, opcao_correta)
values(13, 54, 'A respeito do recurso de agravo, assinale a afirmativa correta.', 'A');
insert into opcoes (num_exame, num_questao, letra_opcao, texto)
values(13, 54, 'A', 'O relator, recebido o agravo de instrumento no tribunal, converterá em agravo retido, salvo quando se tratar de decisão suscetível de causar à parte lesão grave e de difícil reparação.');
insert into opcoes (num_exame, num_questao, letra_opcao, texto)
values(13, 54, 'B', 'A regra é, conforme previsto em nosso sistema processual, a de utilização do agravo de instrumento para impugnar decisões interlocutórias proferidas pelo Juiz.');
insert into opcoes (num_exame, num_questao, letra_opcao, texto)
values(13, 54, 'C', 'A interposição do agravo retido impedirá que a decisão interlocutória impugnada seja imediatamente reanalisada pelo Tribunal e estará condicionada ao prévio pagamento do preparo devido.');
insert into opcoes (num_exame, num_questao, letra_opcao, texto)
values(13, 54, 'D', 'Interposto o agravo retido para impugnação de decisão interlocutória proferida pelo Juiz, só irá o Tribunal reanalisar a questão por ocasião da interposição de apelação, ainda que nesta não seja requerida expressamente a apreciação de tal recurso.');
insert into questoes (num_exame, num_questao, enunciado, opcao_correta)
values(13, 55, 'A atividade recursal do Supremo Tribunal Federal e do Superior Tribunal de Justiça encontra-se tradicionalmente associada aos recursos extraordinário e especial, respectivamente. Contudo, tal múnus também é desempenhado por meio do julgamento do denominado recurso ordinário constitucional. Acerca dessa espécie recursal, assinale a afirmativa correta.', 'A');
insert into opcoes (num_exame, num_questao, letra_opcao, texto)
values(13, 55, 'A', 'Exigir-se-á a comprovação do requisito do pré- questionamento para a admissão do recurso ordinário constitucional perante os Tribunais Superiores.');
insert into opcoes (num_exame, num_questao, letra_opcao, texto)
values(13, 55, 'B', 'Apenas será acolhido o recurso ordinário que versar sobre questões exclusivamente de direito, não se admitindo a rediscussão de matéria fática por meio desta via recursal.');
insert into opcoes (num_exame, num_questao, letra_opcao, texto)
values(13, 55, 'C', 'Compete ao Supremo Tribunal Federal julgar o recurso ordinário interposto contra mandado de segurança decidido em única instância pelos Tribunais Regionais Federais ou pelos Tribunais dos estados, do Distrito Federal e dos territórios, quando denegatória a decisão.');
insert into opcoes (num_exame, num_questao, letra_opcao, texto)
values(13, 55, 'D', 'Serão julgadas em recurso ordinário pelo Superior Tribunal de Justiça as causas em que forem partes, de um lado, Estado estrangeiro ou organismo internacional e, do outro, município ou pessoa residente ou domiciliada no país.');
insert into questoes (num_exame, num_questao, enunciado, opcao_correta)
values(13, 56, 'Lindalva faleceu em Minas Gerais, em um acidente durante a prática de montanhismo. Não tinha feito testamento, mas deixou dois filhos maiores que residem em dois estados da Federação. Apesar de não ter domicílio certo, deixou bens situados nos estados da Bahia e de Mato Grosso. A repeito da ação de inventário, de acordo com o que dispõe o Código de Processo Civil, assinale a afirmativa correta.', 'A');
insert into opcoes (num_exame, num_questao, letra_opcao, texto)
values(13, 56, 'A', 'A ação de inventário deve ser ajuizada no foro do domicílio dos filhos de Lindalva, pois são eles os inventariantes.');
insert into opcoes (num_exame, num_questao, letra_opcao, texto)
values(13, 56, 'B', 'O foro competente para o inventário é o da situação dos bens, de forma que o inventário deverá ser aberto na Bahia, local onde a maioria dos bens está localizada.');
insert into opcoes (num_exame, num_questao, letra_opcao, texto)
values(13, 56, 'C', 'A ação de inventário poderá ser ajuizada no foro da situação de qualquer dos bens, uma vez que o autor da herança possui bens em lugares diferentes.');
insert into opcoes (num_exame, num_questao, letra_opcao, texto)
values(13, 56, 'D', 'O inventário deverá ser aberto pelos herdeiros no estado de Minas Gerais, uma vez que Lindalva não tinha domicílio certo e seus bens estavam em lugares diferentes.');
insert into questoes (num_exame, num_questao, enunciado, opcao_correta)
values(13, 57, 'Antônio ajuizou demanda indenizatória em face de Maria, tendo obtido tutela de urgência determinando o embargo de obra em fase de edificação por Maria. Com vistas a impossibilitar a apuração da extensão do dano material reconhecido pela sentença condenatória, Maria retoma a obra sem aguardar o fim do processo, que se encontra em fase de julgamento da apelação pelo Tribunal de Justiça. Sobre a hipótese apresentada, de acordo com o CPC, assinale a alternativa correta.', 'A');
insert into opcoes (num_exame, num_questao, letra_opcao, texto)
values(13, 57, 'A', 'Antônio poderá ajuizar medida cautelar típica preparatória perante o Tribunal de Justiça.');
insert into opcoes (num_exame, num_questao, letra_opcao, texto)
values(13, 57, 'B', 'O CPC não prevê medida cautelar incidental típica capaz de proteger a alteração do estado de fato do bem por Maria.');
insert into opcoes (num_exame, num_questao, letra_opcao, texto)
values(13, 57, 'C', 'Antônio poderá ajuizar medida cautelar típica perante o órgão jurisdicional que conheceu originariamente da causa.');
insert into opcoes (num_exame, num_questao, letra_opcao, texto)
values(13, 57, 'D', 'A procedência do pedido de concessão da medida cautelar incidental típica ajuizada por Antonio não acarretará a vedação de Maria falar nos autos.');
insert into questoes (num_exame, num_questao, enunciado, opcao_correta)
values(13, 58, 'Mateus ajuizou ação de indenização por danos materiais e compensação por danos morais em face de Tiago, pelo rito ordinário. Os autos foram distribuídos para a 21ª Vara Cível da Comarca de Salvador/BA. No curso do processo, o juiz proferiu o seguinte despacho: “Designo Audiência de Instrução e Julgamento para o dia 24.01.2014, às 14 horas, a ser realizada na sala de audiências do Fórum Ruy Barbosa. Intimem-se. Diligencie-se.” Considerando o caso narrado e as regras sobre Audiência de Instrução e Julgamento previstas no Código de Processo Civil, assinale a afirmativa correta.', 'A');
insert into opcoes (num_exame, num_questao, letra_opcao, texto)
values(13, 58, 'A', 'A audiência designada para o dia 24.01.2014 é una e contínua, todavia, não sendo possível concluir, num só dia, a instrução, o debate e o julgamento, o juiz marcará o seu prosseguimento para dia próximo.');
insert into opcoes (num_exame, num_questao, letra_opcao, texto)
values(13, 58, 'B', 'Mateus e Tiago poderão, por comum acordo, quantas vezes entenderem oportuno e conveniente, requerer o adiamento da audiência designada, desde que seja protocolado o pedido com antecedência mínima de 45 dias da data marcada.');
insert into opcoes (num_exame, num_questao, letra_opcao, texto)
values(13, 58, 'C', 'Concluída a instrução, o magistrado dará a palavra ao advogado de Tiago (réu) e ao de Mateus (autor), sucessivamente, pelo prazo de 40 minutos para cada um, admitindo expressamente o Código de Processo Civil a substituição do debate oral por memoriais, a serem apresentados no prazo máximo de 10 dias.');
insert into opcoes (num_exame, num_questao, letra_opcao, texto)
values(13, 58, 'D', 'Na audiência de instrução designada para o dia 24.01.2014, as provas a serem produzidas obedecerão à seguinte ordem: oitiva de testemunhas arrolados pelo autor e pelo réu; depoimento pessoal do autor e do réu; e, por fim, prestação de esclarecimentos do perito e dos assistentes técnicos aos quesitos formulados pelas partes.');
insert into questoes (num_exame, num_questao, enunciado, opcao_correta)
values(13, 59, 'Paulo tinha inveja da prosperidade de Gustavo e, certo dia, resolveu quebrar o carro que este último havia acabado de comprar. Para tanto, assim que Gustavo estacionou o veículo e dele saiu, Paulo, munido de uma barra de ferro, foi correndo em direção ao bem para danificá-lo. Ao ver a cena, Gustavo colocou-se à frente do carro e acabou sendo atingido por um golpe da barra de ferro, vindo a falecer em decorrência de traumatismo craniano derivado da pancada. Sabe-se que Paulo não tinha a intenção de matar Gustavo e que este somente recebeu o golpe porque se colocou à frente do carro quando Paulo já estava com a barra de ferro no ar, em rápido movimento para atingir o veículo, que ficou intacto. Com base no caso relatado, assinale a afirmativa correta.', 'A');
insert into opcoes (num_exame, num_questao, letra_opcao, texto)
values(13, 59, 'A', 'Paulo responderá por tentativa de dano em concurso formal com homicídio culposo.');
insert into opcoes (num_exame, num_questao, letra_opcao, texto)
values(13, 59, 'B', 'Paulo responderá por homicídio doloso, tendo agido com dolo eventual.');
insert into opcoes (num_exame, num_questao, letra_opcao, texto)
values(13, 59, 'C', 'Paulo responderá por homicídio culposo.');
insert into opcoes (num_exame, num_questao, letra_opcao, texto)
values(13, 59, 'D', 'Paulo responderá por tentativa de dano em concurso material com homicídio culposo.');
insert into questoes (num_exame, num_questao, enunciado, opcao_correta)
values(13, 60, 'Maria, jovem de 22 anos, após sucessivas desilusões, deseja dar cabo à própria vida. Com o fim de desabafar, Maria resolve compartilhar sua situação com um amigo, Manoel, sem saber que o desejo dele, há muito, é vê-la morta. Manoel, então, ao perceber que poderia influenciar Maria, resolve instigá-la a matar-se. Tão logo se despede do amigo, a moça, influenciada pelas palavras deste, pula a janela de seu apartamento, mas sua queda é amortecida por uma lona que abrigava uma barraca de feira. Em consequência, Maria sofre apenas escoriações pelo corpo e não chega a sofrer nenhuma fratura. Considerando apenas os dados descritos, assinale a afirmativa correta.', 'A');
insert into opcoes (num_exame, num_questao, letra_opcao, texto)
values(13, 60, 'A', 'Manoel deve responder pelo delito de induzimento, instigação ou auxílio ao suicídio em sua forma consumada.');
insert into opcoes (num_exame, num_questao, letra_opcao, texto)
values(13, 60, 'B', 'Manoel deve responder pelo delito de induzimento, instigação ou auxílio ao suicídio em sua forma tentada.');
insert into opcoes (num_exame, num_questao, letra_opcao, texto)
values(13, 60, 'C', 'Manoel não possui responsabilidade jurídico-penal, pois Maria não morreu e nem sofreu lesão corporal de natureza grave.');
insert into opcoes (num_exame, num_questao, letra_opcao, texto)
values(13, 60, 'D', 'Manoel, caso tivesse se arrependido daquilo que falou para Maria e esta, em virtude da queda, viesse a óbito, seria responsabilizado pelo delito de homicídio.');
insert into questoes (num_exame, num_questao, enunciado, opcao_correta)
values(13, 61, 'Jaime, objetivando proteger sua residência, instala uma cerca elétrica no muro. Certo dia, Cláudio, com o intuito de furtar a casa de Jaime, resolve pular o referido muro, acreditando que conseguiria escapar da cerca elétrica ali instalada e bem visível para qualquer pessoa. Cláudio, entretanto, não obtém sucesso e acaba levando um choque, inerente à atuação do mecanismo de proteção. Ocorre que, por sofrer de doença cardiovascular, o referido ladrão falece quase instantaneamente. Após a análise pericial, ficou constatado que a descarga elétrica não era suficiente para matar uma pessoa em condições normais de saúde, mas suficiente para provocar o óbito de Cláudio, em virtude de sua cardiopatia. Nessa hipótese é correto afirmar que', 'A');
insert into opcoes (num_exame, num_questao, letra_opcao, texto)
values(13, 61, 'A', 'Jaime deve responder por homicídio culposo, na modalidade culpa consciente.');
insert into opcoes (num_exame, num_questao, letra_opcao, texto)
values(13, 61, 'B', 'Jaime deve responder por homicídio doloso, na modalidade dolo eventual.');
insert into opcoes (num_exame, num_questao, letra_opcao, texto)
values(13, 61, 'C', 'Pode ser aplicado à hipótese o instituto do resultado diverso do pretendido.');
insert into opcoes (num_exame, num_questao, letra_opcao, texto)
values(13, 61, 'D', 'Pode ser aplicado à hipótese o instituto da legítima defesa preordenada.');
insert into questoes (num_exame, num_questao, enunciado, opcao_correta)
values(13, 62, 'A respeito do benefício da suspensão condicional da execução da pena, assinale a afirmativa incorreta.', 'A');
insert into opcoes (num_exame, num_questao, letra_opcao, texto)
values(13, 62, 'A', 'Não exige que o crime praticado tenha sido cometido sem violência ou grave ameaça à pessoa.');
insert into opcoes (num_exame, num_questao, letra_opcao, texto)
values(13, 62, 'B', 'Não pode ser concedido ao reincidente em crime doloso, exceto se a condenação anterior foi a pena de multa.');
insert into opcoes (num_exame, num_questao, letra_opcao, texto)
values(13, 62, 'C', 'Somente pode ser concedido se não for indicada ou se for incabível a substituição da pena privativa de liberdade por pena restritiva de direitos.');
insert into opcoes (num_exame, num_questao, letra_opcao, texto)
values(13, 62, 'D', 'Sobrevindo, durante o período de prova, condenação irrecorrível por crime doloso, o benefício será revogado, mas tal período será computado para efeitos de detração.');
insert into questoes (num_exame, num_questao, enunciado, opcao_correta)
values(13, 63, 'Considere que determinado agente tenha em depósito, durante o período de um ano, 300 kg de cocaína. Considere também que, durante o referido período, tenha entrado em vigor uma nova lei elevando a pena relativa ao crime de tráfico de entorpecentes. Sobre o caso sugerido, levando em conta o entendimento do Supremo Tribunal Federal sobre o tema, assinale a afirmativa correta.', 'A');
insert into opcoes (num_exame, num_questao, letra_opcao, texto)
values(13, 63, 'A', 'Deve ser aplicada a lei mais benéfica ao agente, qual seja, aquela que já estava em vigor quando o agente passou a ter a droga em depósito.');
insert into opcoes (num_exame, num_questao, letra_opcao, texto)
values(13, 63, 'B', 'Deve ser aplicada a lei mais severa, qual seja, aquela que passou a vigorar durante o período em que o agente ainda estava com a droga em depósito.');
insert into opcoes (num_exame, num_questao, letra_opcao, texto)
values(13, 63, 'C', 'As duas leis podem ser aplicadas, pois ao magistrado é permitido fazer a combinação das leis sempre que essa atitude puder beneficiar o réu.');
insert into opcoes (num_exame, num_questao, letra_opcao, texto)
values(13, 63, 'D', 'O magistrado poderá aplicar o critério do caso concreto, perguntando ao réu qual lei ele pretende que lhe seja aplicada por ser, no seu caso, mais benéfica.');
insert into questoes (num_exame, num_questao, enunciado, opcao_correta)
values(13, 64, 'Analise os fragmentos a seguir: I. João constrange Maria, por meios violentos, a ter com ele relação sexual. Em virtude da violência empregada para a consumação do ato, Maria sofre lesões corporais de natureza grave que a levam a óbito. II. Joaquim constrange Benedita, por meio de grave ameaça, a ter com ele relação sexual. Após o coito Benedita falece em decorrência de ataque cardíaco, pois padecia, desde criança, de cardiopatia grave, condição desconhecida por Joaquim. A partir das situações apresentadas nos fragmentos I e II, os delitos cometidos são, respectivamente,', 'A');
insert into opcoes (num_exame, num_questao, letra_opcao, texto)
values(13, 64, 'A', 'estupro qualificado pelo resultado morte e estupro qualificado pelo resultado morte.');
insert into opcoes (num_exame, num_questao, letra_opcao, texto)
values(13, 64, 'B', 'estupro em concurso com lesão corporal seguida de morte e estupro simples.');
insert into opcoes (num_exame, num_questao, letra_opcao, texto)
values(13, 64, 'C', 'estupro qualificado pelo resultado morte e estupro em concurso com homicídio preterdoloso.');
insert into opcoes (num_exame, num_questao, letra_opcao, texto)
values(13, 64, 'D', 'estupro qualificado pelo resultado morte e estupro simples.');
insert into questoes (num_exame, num_questao, enunciado, opcao_correta)
values(13, 65, 'Em determinada ação penal privada, na qual se apura a prática dos delitos de calúnia e difamação, a parte não apresenta, em alegações finais, pedido de condenação em relação ao delito de calúnia, fazendo-o tão somente em relação ao delito de difamação. Com relação ao caso apresentado, assinale a afirmativa correta.', 'A');
insert into opcoes (num_exame, num_questao, letra_opcao, texto)
values(13, 65, 'A', 'Ocorreu a perempção em relação ao delito de calúnia.');
insert into opcoes (num_exame, num_questao, letra_opcao, texto)
values(13, 65, 'B', 'Não ocorreu perempção em relação a nenhum delito.');
insert into opcoes (num_exame, num_questao, letra_opcao, texto)
values(13, 65, 'C', 'Ocorreu o perdão tácito em relação ao delito de calúnia.');
insert into opcoes (num_exame, num_questao, letra_opcao, texto)
values(13, 65, 'D', 'Não ocorreu perempção, mas, sim, renúncia em relação ao delito de calúnia.');
insert into questoes (num_exame, num_questao, enunciado, opcao_correta)
values(13, 66, 'Carolina, voltando do Paraguai com diversas mercadorias que configurariam o crime de contrabando, entra no país pela cidade de Foz do Iguaçu (PR). Em lá chegando, compra uma passagem de ônibus para a cidade de São Paulo e segue, posteriormente, para o Rio de Janeiro, sua cidade natal, quando é surpreendida por policiais federais que participavam de uma operação de rotina na rodoviária. Os policiais, então, apreendem as mercadorias e conduzem Carolina à Delegacia Policial. Na hipótese, assinale a alternativa que indica o órgão competente para proceder ao julgamento de Carolina.', 'A');
insert into opcoes (num_exame, num_questao, letra_opcao, texto)
values(13, 66, 'A', 'A Justiça Federal de Foz de Iguaçu.');
insert into opcoes (num_exame, num_questao, letra_opcao, texto)
values(13, 66, 'B', 'A Justiça Federal do Rio de Janeiro.');
insert into opcoes (num_exame, num_questao, letra_opcao, texto)
values(13, 66, 'C', 'A Justiça Federal de São Paulo.');
insert into opcoes (num_exame, num_questao, letra_opcao, texto)
values(13, 66, 'D', 'Qualquer das anteriores, independentemente da regra da prevenção.');
insert into questoes (num_exame, num_questao, enunciado, opcao_correta)
values(13, 67, 'Fernanda, durante uma discussão com seu marido Renato, levou vários socos e chutes. Inconformada com a agressão, dirigiu-se à Delegacia de Polícia mais próxima e narrou todo o ocorrido. Após a realização do exame de corpo de delito, foi constatada a prática de lesão corporal leve por parte de Renato. O Delegado de Polícia registrou a ocorrência e requereu as medidas cautelares constantes no Artigo 23 da Lei nº 11.340/2006. Após alguns dias e com objetivo de reconciliação com o marido, Fernanda foi novamente à Delegacia de Polícia requerendo a cessação das investigações para que não fosse ajuizada a ação penal respectiva. Diante do caso narrado, de acordo com o recente entendimento do Supremo Tribunal Federal, assinale a afirmativa correta.', 'A');
insert into opcoes (num_exame, num_questao, letra_opcao, texto)
values(13, 67, 'A', 'No âmbito da Lei Maria da Penha, nos crimes de lesão corporal leve, a ação penal é condicionada à representação. Desta forma, é possível a sua retratação, pois não houve o oferecimento da denúncia.');
insert into opcoes (num_exame, num_questao, letra_opcao, texto)
values(13, 67, 'B', 'No âmbito da Lei Maria da Penha, nos crimes de lesão corporal leve, a ação penal é pública incondicionada, sendo impossível interromper as investigações e obstar o prosseguimento da ação penal.');
insert into opcoes (num_exame, num_questao, letra_opcao, texto)
values(13, 67, 'C', 'No âmbito da Lei Maria da Penha, nos crimes de lesão corporal leve, a ação penal é pública incondicionada, mas é possível a retratação da representação antes do oferecimento da denúncia.');
insert into opcoes (num_exame, num_questao, letra_opcao, texto)
values(13, 67, 'D', 'No âmbito da Lei Maria da Penha, nos crimes de lesão corporal leve, a ação penal é pública condicionada à representação, mas como os fatos já foram levados ao conhecimento da autoridade policial será impossível impedir o prosseguimento das investigações e o ajuizamento da ação penal.');
insert into questoes (num_exame, num_questao, enunciado, opcao_correta)
values(13, 68, 'Felipe foi reconhecido em sede policial por meio de fotografia como o autor de um crime de roubo. O inquérito policial seguiu seus trâmites de forma regular e o Ministério Público decidiu denunciar o indiciado. O oficial de justiça procurou em todos os endereços constantes nos autos, mas a citação pessoal ou por hora certa foram impossíveis. Assim, o juiz decidiu pela citação por edital. Marcela, irmã de Felipe, ao passar pelo fórum leu a citação por edital e procurou um advogado para tomar ciência das consequências de tal citação, pois ela também não sabe do paradeiro do irmão. Diante da situação descrita, acerca da orientação a ser dada pelo advogado, assinale a afirmativa correta.', 'A');
insert into opcoes (num_exame, num_questao, letra_opcao, texto)
values(13, 68, 'A', 'Felipe deve comparecer em juízo, sob pena de ser processado e condenado sem que seja dada oportunidade para a sua defesa.');
insert into opcoes (num_exame, num_questao, letra_opcao, texto)
values(13, 68, 'B', 'Se Felipe não comparecer e não constituir advogado, o processo e o curso do prazo prescricional ficarão suspensos, sendo decretada a sua prisão preventiva de forma automática.');
insert into opcoes (num_exame, num_questao, letra_opcao, texto)
values(13, 68, 'C', 'Se Felipe não comparecer e não constituir advogado, o processo e o curso do prazo prescricional ficarão suspensos, sendo determinada a produção antecipada de provas de forma automática, diante do risco do desaparecimento das provas pelo decurso do tempo.');
insert into opcoes (num_exame, num_questao, letra_opcao, texto)
values(13, 68, 'D', 'Se Felipe não comparecer e não constituir advogado, o processo e o curso do prazo prescricional ficarão suspensos e, se for urgente, o juiz determinará a produção antecipada de provas, podendo decretar a prisão preventiva se presentes os requisitos expressos no artigo 312, do CPP.');
insert into questoes (num_exame, num_questao, enunciado, opcao_correta)
values(13, 69, 'João foi denunciado pela prática de crime de furto simples. Na denúncia, o Ministério Público apenas narrou que houve a subtração do cordão da vítima, indicando hora e local. Na audiência de instrução e julgamento, a vítima narrou que João empurrou-a em direção ao chão dizendo que se gritasse “o bicho ia pegar”, arrancando, em seguida, o seu cordão. Diante da narrativa da violência e da grave ameaça, o juiz fica convencido de que houve crime de roubo e não de furto. Sobre o caso apresentado, de acordo com o Código de Processo Penal, assinale a afirmativa correta.', 'A');
insert into opcoes (num_exame, num_questao, letra_opcao, texto)
values(13, 69, 'A', 'O juiz na sentença poderá condenar João pelo crime de roubo, com base no artigo 383 do CPP, que assim dispõe: “O juiz, sem modificar a descrição do fato contida na denúncia ou queixa, poderá atribuir-lhe definição jurídica diversa, ainda que, em consequência, tenha de aplicar pena mais grave”.');
insert into opcoes (num_exame, num_questao, letra_opcao, texto)
values(13, 69, 'B', 'Encerrada a instrução probatória, o Ministério Público deverá aditar a denúncia em 5 (cinco) dias. Se o Ministério Público ficar inerte, o juiz deve aplicar o artigo 28 do CPP.');
insert into opcoes (num_exame, num_questao, letra_opcao, texto)
values(13, 69, 'C', 'Encerrada a instrução probatória, o Ministério Público deverá aditar a denúncia em 5 (cinco) dias. Se o Ministério Público ficar inerte, o juiz poderá condenar João pelo crime de roubo, tendo em vista que a vítima narrou a agressão em juízo.');
insert into opcoes (num_exame, num_questao, letra_opcao, texto)
values(13, 69, 'D', 'O juiz poderá condenar João pelo crime de roubo, independentemente de qualquer providência, em homenagem ao princípio da verdade real.');
insert into questoes (num_exame, num_questao, enunciado, opcao_correta)
values(13, 70, 'ABC Manutenção e Limpeza manteve contrato de fornecimento de mão de obra de limpeza com Aeroportos Brasileiros, empresa pública federal. Por ocasião da ruptura do contrato entre as empresas, Paulo, funcionário da ABC Manutenção e Limpeza, e que prestava serviços para Aeroportos Brasileiros, foi dispensado sem receber as verbas rescisórias. Ajuizou ação trabalhista em face de ambas as empresas, sendo a empregadora revel. A tomadora dos serviços apresentou defesa com robusta documentação, demonstrando a efetiva fiscalização do cumprimento do contrato e de aspectos legais, sendo certo que o contrato foi cancelado justamente em razão desta fiscalização. Diante deste caso, assinale a afirmativa correta.', 'A');
insert into opcoes (num_exame, num_questao, letra_opcao, texto)
values(13, 70, 'A', 'A empresa pública federal responde solidariamente por força da terceirização.');
insert into opcoes (num_exame, num_questao, letra_opcao, texto)
values(13, 70, 'B', 'A empresa pública federal responde subsidiariamente por força da terceirização, haja vista o inadimplemento das obrigações trabalhistas por parte do empregador.');
insert into opcoes (num_exame, num_questao, letra_opcao, texto)
values(13, 70, 'C', 'A empresa pública federal é parte ilegítima para figurar no polo passivo da demanda porque não tem vínculo de emprego com Paulo.');
insert into opcoes (num_exame, num_questao, letra_opcao, texto)
values(13, 70, 'D', 'A empresa pública federal não responde pelo inadimplemento das verbas trabalhistas porque sua responsabilidade não decorre do simples inadimplemento contratual, tendo ficado provado, no caso, que houve efetiva fiscalização por parte da tomadora dos serviços.');
insert into questoes (num_exame, num_questao, enunciado, opcao_correta)
values(13, 71, 'Helena foi admitida em 12 de fevereiro de 2005 pela empresa Marca Refrigeração Ltda. e dispensada sem justa causa em 07 de julho de 2011. Com o advento da regulamentação do aviso prévio proporcional ao tempo de serviço (Lei n. 12.506, de 13 de outubro de 2011), ela pretende o pagamento dessa nova vantagem atribuída à classe trabalhadora. A respeito desse caso, assinale a afirmativa correta.', 'A');
insert into opcoes (num_exame, num_questao, letra_opcao, texto)
values(13, 71, 'A', 'Helena receberá aviso prévio proporcional na razão de 45 dias.');
insert into opcoes (num_exame, num_questao, letra_opcao, texto)
values(13, 71, 'B', 'Helena não receberá aviso prévio proporcional.');
insert into opcoes (num_exame, num_questao, letra_opcao, texto)
values(13, 71, 'C', 'Helena receberá aviso prévio proporcional na razão de 42 dias.');
insert into opcoes (num_exame, num_questao, letra_opcao, texto)
values(13, 71, 'D', 'Helena receberá aviso prévio proporcional em razão da ultratividade da norma mais benéfica e pelo princípio da proteção.');
insert into questoes (num_exame, num_questao, enunciado, opcao_correta)
values(13, 72, 'Uma empresa, em consenso com os seus empregados e com a chancela do sindicato, realiza um acordo coletivo com prazo de vigência indeterminado. Com relação a esse caso, assinale a afirmativa correta.', 'A');
insert into opcoes (num_exame, num_questao, letra_opcao, texto)
values(13, 72, 'A', 'O instrumento é inválido naquilo que ultrapassar dois anos, prazo máximo de vigência deste instituto.');
insert into opcoes (num_exame, num_questao, letra_opcao, texto)
values(13, 72, 'B', 'O acordo é integralmente válido, já que fruto da vontade da classe trabalhadora, que possui poder de negociação.');
insert into opcoes (num_exame, num_questao, letra_opcao, texto)
values(13, 72, 'C', 'Será válido o acordo desde que a Superintendência Regional do Trabalho o homologue, já que a Lei é omissa a respeito do prazo.');
insert into opcoes (num_exame, num_questao, letra_opcao, texto)
values(13, 72, 'D', 'O instrumento é inválido naquilo que ultrapassar quatro anos, prazo máximo de vigência deste instituto.');
insert into questoes (num_exame, num_questao, enunciado, opcao_correta)
values(13, 73, 'Maria, empregada de uma panificadora, adotou uma criança em idade de alfabetização. Quando da adoção, obteve a informação de que faria jus à licença-maternidade, daí decorrente. Em conversa com seu empregador, Maria foi informada que não desfrutava do mencionado benefício. Na dúvida a empregada requereu a licença-maternidade junto ao INSS. Diante do caso apresentado, assinale a afirmativa correta.', 'A');
insert into opcoes (num_exame, num_questao, letra_opcao, texto)
values(13, 73, 'A', 'A duração da licença-maternidade de Maria tem variação de acordo com a idade da criança adotada.');
insert into opcoes (num_exame, num_questao, letra_opcao, texto)
values(13, 73, 'B', 'Maria não tem direito à licença-maternidade, pois se trata de adoção e a legislação não prevê essa hipótese.');
insert into opcoes (num_exame, num_questao, letra_opcao, texto)
values(13, 73, 'C', 'Maria tem direito à licença-maternidade de 120 dias, sem prejuízo do emprego e do salário, independentemente da idade da criança adotoda.');
insert into opcoes (num_exame, num_questao, letra_opcao, texto)
values(13, 73, 'D', 'Maria tem direito a duas semanas de licença-maternidade correspondentes ao período de adaptação necessário na adoção.');
insert into questoes (num_exame, num_questao, enunciado, opcao_correta)
values(13, 74, 'A empresa Infohoje Ltda. firmou contrato com Paulo, pelo qual ele prestaria consultoria e suporte de serviços técnicos de informática a clientes da empresa. Para tanto, Paulo receberia 20% do valor de cada atendimento, sendo certo que trabalharia em sua própria residência, realizando os contatos e trabalhos por via remota ou telefônica. Paulo deveria estar conectado durante o horário comercial de segunda a sexta- feira, sendo exigida sua assinatura digital pessoal e intransferível para cada trabalho, bem como exclusividade na área de informática. Sobre o caso sugerido, assinale a afirmativa correta.', 'A');
insert into opcoes (num_exame, num_questao, letra_opcao, texto)
values(13, 74, 'A', 'Paulo é prestador de serviços autônomo, não tendo vínculo de emprego, pois ausente a subordinação, já que inexistente fiscalização efetiva física.');
insert into opcoes (num_exame, num_questao, letra_opcao, texto)
values(13, 74, 'B', 'Paulo é prestador de serviços autônomo, não tendo vínculo de emprego, pois ausente o pagamento de salário fixo.');
insert into opcoes (num_exame, num_questao, letra_opcao, texto)
values(13, 74, 'C', 'Paulo é prestador de serviços autônomo, não tendo vínculo de emprego, pois ausente o requisito da pessoalidade, já que impossível saber se era Paulo quem efetivamente estaria trabalhando.');
insert into opcoes (num_exame, num_questao, letra_opcao, texto)
values(13, 74, 'D', 'Paulo é empregado da empresa, pois presentes todos os requisitos caracterizadores da relação de emprego.');
insert into questoes (num_exame, num_questao, enunciado, opcao_correta)
values(13, 75, 'Os garçons e empregados do restaurante Come Bem Ltda. recebem as gorjetas dadas pelos clientes, de forma espontânea, uma vez que não há a cobrança obrigatória na nota de serviço. Diante da hipótese apresentada, assinale a afirmativa correta.', 'A');
insert into opcoes (num_exame, num_questao, letra_opcao, texto)
values(13, 75, 'A', 'As gorjetas integram a remuneração, mas não servem de base de cálculo para o pagamento do aviso prévio, adicional noturno, horas-extras e repouso semanal remunerado.');
insert into opcoes (num_exame, num_questao, letra_opcao, texto)
values(13, 75, 'B', 'As gorjetas não integram a remuneração, uma vez que são espontâneas, pois não há o controle das quantias concedidas.');
insert into opcoes (num_exame, num_questao, letra_opcao, texto)
values(13, 75, 'C', 'As gorjetas são integradas, para todos os efeitos, na remuneração do empregado, repercutindo, assim, no pagamento de todos os direitos trabalhistas.');
insert into opcoes (num_exame, num_questao, letra_opcao, texto)
values(13, 75, 'D', 'As gorjetas integram a remuneração apenas para efeitos de aviso prévio trabalhado, adicional noturno, horas-extras e repouso semanal remunerado, pois as demais parcelas não estão relacionadas com o dia a dia de trabalho efetivo; não havendo trabalho, não há gorjeta.');
insert into questoes (num_exame, num_questao, enunciado, opcao_correta)
values(13, 76, 'Paulo ajuizou ação em face de sua ex-empregadora, a empresa Peças ABC Ltda. Na audiência, o Juiz propôs a conciliação, que foi aceita pelas partes, nada tendo sido discutido sobre custas. Sobre o caso, assinale a opção que indica a hipótese correta para a fixação das custas.', 'A');
insert into opcoes (num_exame, num_questao, letra_opcao, texto)
values(13, 76, 'A', 'O valor das custas ficará sempre a cargo da empresa, razão pela qual não haverá dispensa das mesmas, pois não há gratuidade de justiça para pessoa jurídica.');
insert into opcoes (num_exame, num_questao, letra_opcao, texto)
values(13, 76, 'B', 'O valor das custas, não tendo sido convencionado pelas partes, caberá em partes iguais ao autor e à ré, podendo o autor ser dispensado de sua parte pelo Juiz.');
insert into opcoes (num_exame, num_questao, letra_opcao, texto)
values(13, 76, 'C', 'O valor das custas ficará a cargo do autor, pois este está recebendo o valor acordado.');
insert into opcoes (num_exame, num_questao, letra_opcao, texto)
values(13, 76, 'D', 'Tendo em vista o acordo, não há que se falar em custas.');
insert into questoes (num_exame, num_questao, enunciado, opcao_correta)
values(13, 77, 'Paulo ajuizou reclamação trabalhista em face de sua ex- empregadora, empresa Ouropuro Ltda.. No dia da audiência, a ré apresentou exceção de incompetência em razão do lugar, aduzindo fatos que eram desconhecidos até então pelo advogado de Paulo. De modo a possibilitar a melhor defesa de Paulo e para evitar o possível acolhimento da exceção, de acordo com a legislação trabalhista, assinale a opção que indica o procedimento correto a ser adotado.', 'A');
insert into opcoes (num_exame, num_questao, letra_opcao, texto)
values(13, 77, 'A', 'Deverá ser requerido prazo de 10 dias para manifestação com o consequente adiamento da audiência.');
insert into opcoes (num_exame, num_questao, letra_opcao, texto)
values(13, 77, 'B', 'Deverá o Juiz conceder prazo a Paulo por 24 horas para manifestação, prolatando a sentença da exceção de incompetência na primeira audiência.');
insert into opcoes (num_exame, num_questao, letra_opcao, texto)
values(13, 77, 'C', 'O Juiz deverá adiar a audiência para a decisão, não sendo cabível a concessão de prazo à parte contrária, para manifestação.');
insert into opcoes (num_exame, num_questao, letra_opcao, texto)
values(13, 77, 'D', 'O Juiz apreciará imediatamente a arguição de exceção de incompetência, não havendo previsão de concessão de prazo a Paulo, já que as audiências são unas.');
insert into questoes (num_exame, num_questao, enunciado, opcao_correta)
values(13, 78, 'Rômulo impetrou mandado de segurança contra ato praticado por Juiz do Trabalho que teria violado um direito seu, líquido e certo. Por descuido, Rômulo deixou de juntar os documentos pertinentes, indispensáveis. Verificando o equívoco, o Relator deverá, de acordo com a jurisprudência consolidada do TST,', 'A');
insert into opcoes (num_exame, num_questao, letra_opcao, texto)
values(13, 78, 'A', 'conceder prazo improrrogável de 10 dias para o impetrante sanar o vício, sob pena de indeferimento da petição inicial.');
insert into opcoes (num_exame, num_questao, letra_opcao, texto)
values(13, 78, 'B', 'prosseguir normalmente no trâmite processual, pois a matéria não pode ser conhecida de ofício.');
insert into opcoes (num_exame, num_questao, letra_opcao, texto)
values(13, 78, 'C', 'indeferir a petição inicial de plano e extinguir o processo sem resolução do mérito.');
insert into opcoes (num_exame, num_questao, letra_opcao, texto)
values(13, 78, 'D', 'solicitar à autoridade coatora que, juntamente com as informações que serão prestadas, envie cópia dos documentos faltantes.');
insert into questoes (num_exame, num_questao, enunciado, opcao_correta)
values(13, 79, 'Em outubro de 2013, Gilberto ajuizou ação contra a empresa CSC Computadores Ltda., na qual ainda trabalha, postulando o pagamento de vale-transporte de 2 meses e o ticket refeição de 3 meses. O juiz julgou procedente o pedido e, para tanto, valeu-se da Lei nº 7.418/85 (Lei do Vale-transporte) e da análise da norma coletiva da categoria do autor, que, na cláusula 8ª, garante o benefício da alimentação. A sentença foi prolatada de forma líquida, no valor total de R$ 657,00, mesmo valor de alçada arbitrado na audiência. Diante do que prevê a Lei, assinale a afirmativa correta.', 'A');
insert into opcoes (num_exame, num_questao, letra_opcao, texto)
values(13, 79, 'A', 'Desta sentença não caberá recurso, tendo em vista a matéria discutida, bem como por se tratar de causa de alçada exclusiva da Vara.');
insert into opcoes (num_exame, num_questao, letra_opcao, texto)
values(13, 79, 'B', 'Caberá recurso de apelação, já que a Constituição Federal garante o duplo grau de jurisdição.');
insert into opcoes (num_exame, num_questao, letra_opcao, texto)
values(13, 79, 'C', 'Caberá recurso ordinário, no prazo de 8 dias, por qualquer dos litigantes.');
insert into opcoes (num_exame, num_questao, letra_opcao, texto)
values(13, 79, 'D', 'Por envolver análise de Lei Federal, a sentença deve ser submetida ao duplo grau de jurisdição obrigatório.');
insert into questoes (num_exame, num_questao, enunciado, opcao_correta)
values(13, 80, 'Pedro, estivador, logo trabalhador avulso, está insatisfeito com os repasses que lhe são feitos pelos trabalhos no Porto de Tubarão. Pretende ajuizar ação em face do operador portuário e do Órgão Gestor de Mão de Obra – OGMO. Como advogado de Pedro, indique a Justiça competente para o processamento e julgamento da demanda a ser proposta.', 'A');
insert into opcoes (num_exame, num_questao, letra_opcao, texto)
values(13, 80, 'A', 'Justiça Comum Federal, dado que o avulso não tem vínculo de emprego com os réus e a matéria portuária é de âmbito nacional.');
insert into opcoes (num_exame, num_questao, letra_opcao, texto)
values(13, 80, 'B', 'Justiça do Trabalho.');
insert into opcoes (num_exame, num_questao, letra_opcao, texto)
values(13, 80, 'C', 'Justiça Comum Estadual, pela ausência de relação empregatícia, sendo o avulso uma espécie de trabalhador autônomo.');
insert into opcoes (num_exame, num_questao, letra_opcao, texto)
values(13, 80, 'D', 'Poderá optar pela Justiça Comum Estadual ou Justiça do Trabalho, caso pretenda o reconhecimento de vínculo de emprego.');
commit;
insert into exames (num_exame, url_exame, url_gabarito, data)
values(14, 'https://dpmzos25m8ivg.cloudfront.net/461/20140803063329-CADERNO%20TIPO%2001_BRANCA_XIV_EXAME.pdf', 'https://dpmzos25m8ivg.cloudfront.net/461/20140803070701-GABARITOS%20PRELIMIARES_XIV_EXAME_DE_ORDEM.pdf', 'Sun Aug 03 00:00:00 BRT 2014');
insert into questoes (num_exame, num_questao, enunciado, opcao_correta)
values(14, 1, 'Matheus é estagiário vinculado ao escritório Renato e Associados. No exercício da sua atividade, por ordem do advogado supervisor, o estagiário acompanha o cliente diretor da sociedade Tamoaí S/A. Por motivos alheios à vontade do estagiário, que se disse inocente de qualquer deslize, o diretor veio a se desentender com Matheus, e, por força desse evento, o escritório resolve renunciar ao mandato conferido pela pessoa jurídica. Nos termos do Estatuto da Advocacia, sobre o caso descrito, assinale a afirmativa correta.', 'A');
insert into opcoes (num_exame, num_questao, letra_opcao, texto)
values(14, 1, 'A', 'O advogado pode afastar-se do processo em que atua sem comunicação ao cliente.');
insert into opcoes (num_exame, num_questao, letra_opcao, texto)
values(14, 1, 'B', 'A renúncia deve ser notificada ao cliente pelos advogados mandatários.');
insert into opcoes (num_exame, num_questao, letra_opcao, texto)
values(14, 1, 'C', 'A renúncia aos poderes conferidos no mandato dependerá do cliente do escritório.');
insert into opcoes (num_exame, num_questao, letra_opcao, texto)
values(14, 1, 'D', 'A renúncia ao mandato, sem respeitar o prazo legal, implica abandono da causa.');
insert into questoes (num_exame, num_questao, enunciado, opcao_correta)
values(14, 2, 'Andrea e Luciano trocam missivas intermitentes, cujo conteúdo diz respeito a processo judicial em que a primeira é autora, e o segundo, seu advogado. A parte contrária, ciente da troca de informações entre eles, requer ao Juízo que esses documentos sejam anexados aos autos do processo em que litigam. Sob a perspectiva do Código de Ética e Disciplina da Advocacia, as comunicações epistolares trocadas entre advogado e cliente', 'A');
insert into opcoes (num_exame, num_questao, letra_opcao, texto)
values(14, 2, 'A', 'constituem documentos públicos a servirem como prova em Juízo.');
insert into opcoes (num_exame, num_questao, letra_opcao, texto)
values(14, 2, 'B', 'são presumidas confidenciais, não podendo ser reveladas a terceiros.');
insert into opcoes (num_exame, num_questao, letra_opcao, texto)
values(14, 2, 'C', 'podem ser publicizadas, de acordo com a prudência do advogado.');
insert into opcoes (num_exame, num_questao, letra_opcao, texto)
values(14, 2, 'D', 'devem ser mantidas em sigilo até o perecimento do advogado.');
insert into questoes (num_exame, num_questao, enunciado, opcao_correta)
values(14, 3, 'O advogado Antônio de Souza encontra-se preso cautelarmente, em cela comum, por força de decreto de prisão preventiva proferido no âmbito de ação penal a que responde por suposta prática de reiteradas fraudes contra a Previdência. O advogado de Antônio requereu ao magistrado que decretou a prisão a transferência de seu cliente para sala de estado-maior. Como não havia sala de estado-maior disponível na localidade, o magistrado determinou que Antônio deveria permanecer em prisão domiciliar até que houvesse sala de estado-maior disponível. Sobre a decisão do magistrado, assinale a opção correta.', 'A');
insert into opcoes (num_exame, num_questao, letra_opcao, texto)
values(14, 3, 'A', 'O magistrado decidiu corretamente, pois, de acordo com o EAOAB, é direito do advogado não ser recolhido preso, antes de sentença transitada em julgado, senão em sala de Estado-maior e, na sua falta, em prisão domiciliar.');
insert into opcoes (num_exame, num_questao, letra_opcao, texto)
values(14, 3, 'B', 'O magistrado não decidiu corretamente, pois o advogado, assim como qualquer outro cidadão que tenha concluído curso superior, tem direito a ser recolhido preso em prisão especial, mas não em sala de estado-maior, que apenas é garantida a magistrados e membros do Ministério Público.');
insert into opcoes (num_exame, num_questao, letra_opcao, texto)
values(14, 3, 'C', 'O magistrado decidiu corretamente, devendo o advogado permanecer em prisão domiciliar, mesmo havendo sala de Estado Maior, após eventual trânsito em julgado de sua condenação.');
insert into opcoes (num_exame, num_questao, letra_opcao, texto)
values(14, 3, 'D', 'O magistrado não decidiu corretamente, pois o advogado apenas tem direito a não ser recolhido preso, antes de sentença transitada em julgado, em sala de estado-maior e, na sua falta, em prisão domiciliar, quando o crime que lhe esteja sendo imputado decorra do exercício regular da profissão de advogado.');
insert into questoes (num_exame, num_questao, enunciado, opcao_correta)
values(14, 4, 'Ao requerer sua inscrição nos quadros da OAB, Maria assinou e apresentou declaração em que afirmava não exercer cargo incompatível com a advocacia. No entanto, exercia ela ainda o cargo de Oficial de Justiça no Tribunal de Justiça do seu Estado. Pouco tempo depois, já bem sucedida como advogada, pediu exoneração do referido cargo. No entanto, um desafeto seu, tendo descoberto que Maria, ao ingressar nos quadros da OAB, ainda exercia o cargo de Oficial de Justiça, comunicou o fato à entidade, que abriu processo disciplinar para apuração da conduta de Maria, tendo ela sido punida por ter feito falsa prova de um dos requisitos para a inscrição na OAB. De acordo com o EAOAB, assinale a opção que indica a penalidade que deve ser aplicada a Maria.', 'A');
insert into opcoes (num_exame, num_questao, letra_opcao, texto)
values(14, 4, 'A', 'Maria não deve ser punida porque, ao tempo em que os fatos foram levados ao conhecimento da OAB, ela já não mais exercia cargo incompatível com a advocacia.');
insert into opcoes (num_exame, num_questao, letra_opcao, texto)
values(14, 4, 'B', 'Maria não deve ser punida porque o cargo de Oficial de Justiça não é incompatível com o exercício da advocacia, não tendo Maria, portanto, feito prova falsa de requisito para inscrição na OAB.');
insert into opcoes (num_exame, num_questao, letra_opcao, texto)
values(14, 4, 'C', 'Maria deve ser punida com a pena de suspensão, pelo prazo de trinta dias.');
insert into opcoes (num_exame, num_questao, letra_opcao, texto)
values(14, 4, 'D', 'Maria deve ser punida com a pena de exclusão dos quadros da OAB.');
insert into questoes (num_exame, num_questao, enunciado, opcao_correta)
values(14, 5, 'Cláudia, advogada, inicialmente transitou pelo direito privado, com assunção de causas individuais e coletivas. Ao ser contratada por uma associação civil, deparou com questões mais pertinentes ao direito público e, por força disso, realizou novos estudos e contatou colegas mais experientes na matéria. Ao aprofundar suas relações jurídicas, também iniciou participação política na defesa de temas essenciais à cidadania. Por força disso, Cláudia foi eleita prefeita do município X em eleição bastante disputada, tendo vencido seu oponente, o também advogado Pradel, por apenas cem votos. Eleita e empossada, motivada pelo sentido conciliatório, convidou seu antigo oponente para ocupar cargo em comissão na Secretaria Municipal de Fazenda. A partir da hipótese apresentada, observadas as regras do Estatuto da OAB, assinale a opção correta.', 'A');
insert into opcoes (num_exame, num_questao, letra_opcao, texto)
values(14, 5, 'A', 'A prefeita exerce função incompatível com a advocacia.');
insert into opcoes (num_exame, num_questao, letra_opcao, texto)
values(14, 5, 'B', 'O secretário municipal pode atuar em ações contra o município.');
insert into opcoes (num_exame, num_questao, letra_opcao, texto)
values(14, 5, 'C', 'A prefeita deve pedir autorização para exercer a advocacia.');
insert into opcoes (num_exame, num_questao, letra_opcao, texto)
values(14, 5, 'D', 'O secretário municipal pode atuar em pleitos contra o Estado federado.');
insert into questoes (num_exame, num_questao, enunciado, opcao_correta)
values(14, 6, 'Às 15h15, o advogado Armando aguardava, no corredor do fórum, o início de uma audiência criminal designada para as 14h30. A primeira audiência do dia havia sido iniciada no horário correto, às 13h30, e a audiência da qual Armando participaria era a segunda da pauta daquela data. Armando é avisado por um serventuário de que a primeira audiência havia sido interrompida por uma hora para que o acusado, que não se sentira bem, recebesse atendimento médico, e que, por tal motivo, todas as demais audiências do dia seriam iniciadas com atraso. Mesmo assim, Armando informa ao serventuário que não iria aguardar mais, afirmando que, de acordo com o EAOAB, tem direito, após trinta minutos do horário designado, a se retirar do recinto onde se encontre aguardando pregão para ato judicial. A partir do caso apresentado, assinale a opção correta.', 'A');
insert into opcoes (num_exame, num_questao, letra_opcao, texto)
values(14, 6, 'A', 'Armando poderia se retirar do recinto, pois o advogado tem o direito de não aguardar por mais de trinta minutos para a realização de ato judicial.');
insert into opcoes (num_exame, num_questao, letra_opcao, texto)
values(14, 6, 'B', 'Armando não poderia se retirar do recinto, pois a autoridade que presidiria o ato judicial do qual Armando participaria estava presente.');
insert into opcoes (num_exame, num_questao, letra_opcao, texto)
values(14, 6, 'C', 'Armando não poderia se retirar do recinto, pois a prerrogativa por ele invocada não é válida para audiências criminais.');
insert into opcoes (num_exame, num_questao, letra_opcao, texto)
values(14, 6, 'D', 'Armando poderia se retirar do recinto, pois não deu causa ao atraso da audiência.');
insert into questoes (num_exame, num_questao, enunciado, opcao_correta)
values(14, 7, 'O estagiário Marcos trabalha em determinado escritório de advocacia e participou ativamente da elaboração de determinada peça processual que estava para ser analisada pelo magistrado da Vara em que o processo tramitava, assinando, ao final, a petição, em conjunto com alguns advogados do escritório. Como conhecia muito bem a causa, resolveu falar com o magistrado com o objetivo de ressaltar, de viva voz, alguns detalhes relevantes. Quando o magistrado percebeu que estava recebendo o estagiário do escritório, e não um dos advogados que atuava na causa, informou ao estagiário que não poderia tratar com ele sobre o processo, solicitando que os advogados viessem em seu lugar, se entendessem necessário. Marcos, muito aborrecido, afirmou que faria uma representação contra o magistrado, por entender que suas prerrogativas profissionais foram violadas. A respeito da conduta de Marcos, assinale a opção correta.', 'A');
insert into opcoes (num_exame, num_questao, letra_opcao, texto)
values(14, 7, 'A', 'Marcos teve sua prerrogativa profissional violada, pois é direito do advogado e do estagiário inscrito na OAB dirigir- se diretamente ao magistrado nas salas e gabinetes de trabalho, independentemente de horário previamente marcado, observando-se a ordem de chegada.');
insert into opcoes (num_exame, num_questao, letra_opcao, texto)
values(14, 7, 'B', 'Marcos não teve sua prerrogativa profissional violada, pois apenas deve dirigir-se diretamente ao magistrado quando os advogados que atuam na causa estiverem impossibilitados de fazê-lo, sendo a atuação do estagiário subsidiária em relação à atuação do advogado.');
insert into opcoes (num_exame, num_questao, letra_opcao, texto)
values(14, 7, 'C', 'Marcos não teve sua prerrogativa profissional violada, pois apenas o advogado tem direito de dirigir-se diretamente ao magistrado nas salas e gabinetes de trabalho, independentemente de horário previamente marcado, observando-se a ordem de chegada. Ao contrário, Marcos praticou ato excedente à sua habilitação e, em razão disso, ficará impedido, posteriormente, de obter sua inscrição definitiva como advogado.');
insert into opcoes (num_exame, num_questao, letra_opcao, texto)
values(14, 7, 'D', 'Marcos não teve sua prerrogativa profissional violada, pois apenas o advogado tem direito de dirigir-se diretamente ao magistrado nas salas e gabinetes de trabalho, independentemente de horário previamente marcado, observando-se a ordem de chegada. Ao contrário, Marcos praticou ato excedente à sua habilitação e deve ser punido com pena de censura.');
insert into questoes (num_exame, num_questao, enunciado, opcao_correta)
values(14, 8, 'Mara é advogada atuante, tendo especialização na área cível. Procurada por um cliente da área empresarial, ela aceita o mandato. Ocorre que seu cliente possui, em sua empresa, um departamento jurídico com numerosos advogados e um gerente. Por indicação deles, o cliente determina que Mara inclua, no mandato que lhe foi conferido, os advogados da empresa, para atuação conjunta. Com base no caso apresentado, observadas as regras do Estatuto da OAB e do Código de Ética e Disciplina da OAB, assinale a opção correta.', 'A');
insert into opcoes (num_exame, num_questao, letra_opcao, texto)
values(14, 8, 'A', 'A advogada deve aceitar a imposição do cliente por ser inerente ao mandato.');
insert into opcoes (num_exame, num_questao, letra_opcao, texto)
values(14, 8, 'B', 'A advogada deve aceitar a indicação de um advogado para atuar conjuntamente no processo.');
insert into opcoes (num_exame, num_questao, letra_opcao, texto)
values(14, 8, 'C', 'A advogada deve acolher o comando, por ser natural na vida forense a colaboração.');
insert into opcoes (num_exame, num_questao, letra_opcao, texto)
values(14, 8, 'D', 'A advogada não é obrigada a aceitar a imposição de seu cliente no caso.');
insert into questoes (num_exame, num_questao, enunciado, opcao_correta)
values(14, 9, 'A advogada Ana integrou o departamento jurídico da empresa XYZ Ltda. e, portanto, participava de reuniões internas, com sócios e diretores, e externas, com clientes e fornecedores, tendo acesso a todos os documentos da sociedade, inclusive aos de natureza contábil, conhecendo assim, diversos fatos e informações relevantes sobre a empresa. Alguns anos após ter deixado os quadros da XYZ Ltda., Ana recebeu intimação para comparecer a determinada audiência e a prestar depoimento, como testemunha arrolada pela defesa, no âmbito de ação penal em que um dos sócios da empresa figurava como acusado do crime de sonegação fiscal. Ao comparecer à audiência, Ana afirmou que não prestaria depoimento sobre os fatos dos quais tomou conhecimento enquanto integrava o jurídico da XYZ Ltda. O magistrado que presidia o ato ressaltou que seu depoimento havia sido solicitado pelo próprio sócio da empresa, que a estaria, portanto, desobrigando do dever de guardar sigilo. Sobre a questão apresentada, observadas as regras do Estatuto da OAB e do Código de Ética e Disciplina da OAB, assinale a opção correta.', 'A');
insert into opcoes (num_exame, num_questao, letra_opcao, texto)
values(14, 9, 'A', 'Ana terá o dever de depor, pois o bem jurídico administração da justiça é mais relevante do que o bem jurídico inviolabilidade dos segredos.');
insert into opcoes (num_exame, num_questao, letra_opcao, texto)
values(14, 9, 'B', 'Ana terá o dever de depor, pois foi desobrigada por seu ex- cliente do dever de guardar sigilo sobre os fatos de que tomou conhecimento quando atuou como advogada da XYZ Ltda.');
insert into opcoes (num_exame, num_questao, letra_opcao, texto)
values(14, 9, 'C', 'Ana terá o dever de depor, pois não integra mais o departamento jurídico da empresa XYZ Ltda., tendo cessado, portanto, seu dever de guardar sigilo.');
insert into opcoes (num_exame, num_questao, letra_opcao, texto)
values(14, 9, 'D', 'Ana não terá o dever de depor, pois o advogado tem o direito de se recusar a depor, como testemunha, sobre fato relacionado à pessoa de quem foi ou seja advogado, mesmo quando solicitado pelo cliente.');
insert into questoes (num_exame, num_questao, enunciado, opcao_correta)
values(14, 10, 'O advogado Armando alterou o endereço de seu escritório e, para comunicar tal alteração, enviou correspondência a grande número de pessoas, notadamente, seus clientes e outros advogados. Observadas as regras do Estatuto da OAB e do Código de Ética e Disciplina da OAB, Armando realizou publicidade irregular?', 'A');
insert into opcoes (num_exame, num_questao, letra_opcao, texto)
values(14, 10, 'A', 'Sim. Considera-se imoderado qualquer anúncio profissional mediante remessa de correspondência a uma coletividade.');
insert into opcoes (num_exame, num_questao, letra_opcao, texto)
values(14, 10, 'B', 'Sim. Ao advogado é vedado o envio de correspondência a clientes, salvo para tratar de temas que sejam de interesse desses últimos.');
insert into opcoes (num_exame, num_questao, letra_opcao, texto)
values(14, 10, 'C', 'Não. Armando poderia ter enviado a correspondência em questão, pois estava apenas comunicando a alteração de seu endereço.');
insert into opcoes (num_exame, num_questao, letra_opcao, texto)
values(14, 10, 'D', 'Não. A publicidade por meio de correspondência é permitida em qualquer caso e para comunicar qualquer tipo de informação.');
insert into questoes (num_exame, num_questao, enunciado, opcao_correta)
values(14, 11, 'O filósofo inglês Jeremy Bentham, em seu livro Uma introdução aos princípios da moral e da legislação, defendeu o princípio da utilidade como fundamento para a Moral e para o Direito. Para esse autor, o princípio da utilidade é aquele que', 'A');
insert into opcoes (num_exame, num_questao, letra_opcao, texto)
values(14, 11, 'A', 'estabelece que a moral e a lei devem ser obedecidas porque são úteis à coexistência humana na vida em sociedade.');
insert into opcoes (num_exame, num_questao, letra_opcao, texto)
values(14, 11, 'B', 'aprova ou desaprova qualquer ação, segundo a tendência que tem a aumentar ou diminuir a felicidade das pessoas cujos interesses estão em jogo.');
insert into opcoes (num_exame, num_questao, letra_opcao, texto)
values(14, 11, 'C', 'demonstra que o direito natural é superior ao direito positivo, pois, ao longo do tempo, revelou-se mais útil à tarefa de regular a convivência humana.');
insert into opcoes (num_exame, num_questao, letra_opcao, texto)
values(14, 11, 'D', 'afirma que a liberdade humana é o bem maior a ser protegido tanto pela moral quanto pelo direito, pois são a liberdade de pensamento e a ação que permitem às pessoas tornarem algo útil.');
insert into questoes (num_exame, num_questao, enunciado, opcao_correta)
values(14, 12, 'O jusfilósofo alemão Gustav Radbruch, após a II Guerra Mundial, escreve, como circular dirigida aos seus alunos de Heidelberg, seu texto “Cinco Minutos de Filosofia do Direito”, na qual afirma: “Esta concepção da lei e sua validade, a que chamamos Positivismo, foi a que deixou sem defesa o povo e os juristas contra as leis mais arbitrárias, mais cruéis e mais criminosas.” De acordo com a fórmula de Radbruch,', 'A');
insert into opcoes (num_exame, num_questao, letra_opcao, texto)
values(14, 12, 'A', 'embora as leis injustas sejam válidas e devam ser obedecidas, as leis extremamente injustas perderão a validade e o próprio caráter de jurídicas, sendo, portanto, dispensada sua obediência.');
insert into opcoes (num_exame, num_questao, letra_opcao, texto)
values(14, 12, 'B', 'apenas a lei justa pode ser considerada jurídica, pois a lei injusta não será direito.');
insert into opcoes (num_exame, num_questao, letra_opcao, texto)
values(14, 12, 'C', 'o direito é o mínimo ético de uma sociedade, de forma que qualquer lei injusta não será direito.');
insert into opcoes (num_exame, num_questao, letra_opcao, texto)
values(14, 12, 'D', 'o direito natural é uma concepção superior ao positivismo jurídico; por isso, a justiça deve sempre prevalecer sobre a segurança.');
insert into questoes (num_exame, num_questao, enunciado, opcao_correta)
values(14, 13, 'A Sra. Maria da Silva é participante ativa da AMA-X (Associação de Moradores e Amigos do bairro X). Todos os dias, no fim da tarde, a Sra. Maria da Silva e um grupo de associados reuniam-se na praça da cidade, distribuindo material sobre os problemas do bairro. A associação convocava os moradores para esses encontros por meio da rádio da cidade e comunicava, previamente, o local e a hora das reuniões às autoridades competentes. Certa tarde, um grupo da Associação de Moradores do bairro Y ocupou o local que os participantes da AMA-X habitualmente utilizavam. O grupo do bairro Y não havia avisado, previamente, a autoridade competente sobre o evento, organizado em espaço público. A Sra. Maria da Silva, indignada com a utilização do mesmo espaço, e tendo sido frustrada a reunião de seu grupo, solicitou aos policiais militares, presentes no local, que tomassem as medidas necessárias para permitir a realização do encontro da AMA-X. Em relação à liberdade de associação e manifestação, assinale a afirmativa correta.', 'A');
insert into opcoes (num_exame, num_questao, letra_opcao, texto)
values(14, 13, 'A', 'A AMA-X deve buscar novo local de manifestação, tendo em vista que o local de reunião é público e que a associação do bairro Y possui os mesmos direitos de reunião e manifestação.');
insert into opcoes (num_exame, num_questao, letra_opcao, texto)
values(14, 13, 'B', 'A associação do bairro Y deve buscar novo local de manifestação, pois não tem o direito de frustrar reunião anteriormente convocada para o mesmo local, já que houve prévio aviso à autoridade competente sobre o uso do espaço público pela AMA-X.');
insert into opcoes (num_exame, num_questao, letra_opcao, texto)
values(14, 13, 'C', 'A AMA-X deve dividir o espaço com a associação do bairro Y, tendo em vista que o local de reunião é público e que o direito à livre manifestação de ideias é garantido.');
insert into opcoes (num_exame, num_questao, letra_opcao, texto)
values(14, 13, 'D', 'A associação do bairro Y poderá ser dissolvida por ato da autoridade pública municipal em razão de não ter comunicado previamente à Prefeitura a realização de suas reuniões em espaço público.');
insert into questoes (num_exame, num_questao, enunciado, opcao_correta)
values(14, 14, 'O instituto da intervenção é de extrema excepcionalidade, razão pela qual restam minuciosamente delineadas as hipóteses na CRFB/88. Assinale a opção que contempla, à luz da CRFB/88, hipótese correta de intervenção.', 'A');
insert into opcoes (num_exame, num_questao, letra_opcao, texto)
values(14, 14, 'A', 'O Estado X, sob o pretexto de celeridade e efetividade, vem realizando somente contratações diretas, sem a aplicação da Lei Federal de Licitações e Contratos Administrativos – Lei n. 8.666/93. Nessa situação, poderá a União intervir no Estado X para prover a execução de lei federal.');
insert into opcoes (num_exame, num_questao, letra_opcao, texto)
values(14, 14, 'B', 'O Município Y, localizado no Estado Z, não vem destinando nos últimos seis meses o mínimo exigido da receita municipal na manutenção das escolas públicas municipais, sob o fundamento de que a iniciativa privada realiza melhor ensino. Nesta hipótese, tanto a União quanto o Estado Z, à luz da CRFB/88, poderão intervir no Município Y para garantir a aplicação do mínimo exigido da receita municipal na aludida manutenção.');
insert into opcoes (num_exame, num_questao, letra_opcao, texto)
values(14, 14, 'C', 'Nos casos de desobediência à ordem ou decisão judiciária, a decretação de intervenção independe de requisição judicial.');
insert into opcoes (num_exame, num_questao, letra_opcao, texto)
values(14, 14, 'D', 'O Município Z, em razão de problemas orçamentários, em 2013, decidiu, excepcionalmente, pela primeira vez na sua história, não realizar o pagamento da sua dívida fundada. À luz da CRFB/88, poderá o Estado W, onde está localizado o referido Município, intervir no ente menor para garantir o pagamento da dívida fundada.');
insert into questoes (num_exame, num_questao, enunciado, opcao_correta)
values(14, 15, 'O estado de defesa e o estado de sítio são tidos como legalidades extraordinárias, verdadeiras excepcionalidades que possibilitam inclusive a suspensão de determinas garantias constitucionais. As hipóteses de incidência e o procedimento são exaustivamente tratados pela CRFB/88. Com base na previsão constitucional dos referidos institutos, assinale a opção correta.', 'A');
insert into opcoes (num_exame, num_questao, letra_opcao, texto)
values(14, 15, 'A', 'O estado de defesa e o estado de sítio podem ser decretados pelo Presidente da República, bastando a oitiva prévia do Conselho da República, do Conselho de Defesa Nacional e do Procurador-Geral da República.');
insert into opcoes (num_exame, num_questao, letra_opcao, texto)
values(14, 15, 'B', 'No estado de defesa, a oitiva do Congresso Nacional é posterior à sua decretação. Por sua vez, no estado de sítio, o Congresso Nacional deve ser ouvido previamente à decretação.');
insert into opcoes (num_exame, num_questao, letra_opcao, texto)
values(14, 15, 'C', 'Poderá o Presidente da República, à luz da CRFB/88, decretar estado de defesa em resposta a agressão armada de país vizinho.');
insert into opcoes (num_exame, num_questao, letra_opcao, texto)
values(14, 15, 'D', 'Em sendo hipótese de estado de sítio, o Congresso Nacional deverá ser fechado até o término das medidas coercitivas, para sua salvaguarda.');
insert into questoes (num_exame, num_questao, enunciado, opcao_correta)
values(14, 16, 'Deise pretende ter acesso a informações pertinentes à atividade estatal que estão em poder de específico órgão público, aduzindo que todos os dados de interesse coletivo ou geral devem ser públicos. Nos termos da Constituição Federal, o direito de acesso às informações estatais', 'A');
insert into opcoes (num_exame, num_questao, letra_opcao, texto)
values(14, 16, 'A', 'é absoluto, em decorrência da publicidade dos atos.');
insert into opcoes (num_exame, num_questao, letra_opcao, texto)
values(14, 16, 'B', 'tem, como limite, o sigilo imprescindível à segurança do Estado.');
insert into opcoes (num_exame, num_questao, letra_opcao, texto)
values(14, 16, 'C', 'depende de autorização excepcional do Executivo.');
insert into opcoes (num_exame, num_questao, letra_opcao, texto)
values(14, 16, 'D', 'está limitado aos dados constantes nos sítios de informações estatais.');
insert into questoes (num_exame, num_questao, enunciado, opcao_correta)
values(14, 17, 'Isabella promove ação popular em face do Município X, por entender que determinados gastos realizados estariam causando graves prejuízos ao patrimônio público. O pedido veio a ser julgado improcedente, por total carência de provas. Inconformada, Isabella apresenta a mesma ação com fundamento em novos elementos, e, mais uma vez, o pedido vem a ser julgado improcedente por carência de provas. Nos termos da Constituição Federal e da legislação de regência, assinale a opção correta.', 'A');
insert into opcoes (num_exame, num_questao, letra_opcao, texto)
values(14, 17, 'A', 'Sendo o pedido julgado improcedente, haverá condenação em honorários advocatícios.');
insert into opcoes (num_exame, num_questao, letra_opcao, texto)
values(14, 17, 'B', 'A improcedência por ausência de provas caracteriza a má- fé do autor popular.');
insert into opcoes (num_exame, num_questao, letra_opcao, texto)
values(14, 17, 'C', 'A reiteração na propositura da mesma ação acarreta o pagamento de custas pelo autor popular.');
insert into opcoes (num_exame, num_questao, letra_opcao, texto)
values(14, 17, 'D', 'As custas serão devidas se declarada, expressamente, a má-fé do autor popular.');
insert into questoes (num_exame, num_questao, enunciado, opcao_correta)
values(14, 18, 'Maria da Silva, deputada federal integrante do partido Alfa, vem a ter projeto de sua iniciativa aprovado, com apoio de outros partidos políticos. Para sua surpresa, o texto do seu projeto veio a ser vetado na integralidade por decisão do Presidente da República. Após tomar ciência do veto presidencial, a deputada, com o intuito de derrubá-lo, procura as lideranças dos partidos que apoiaram seu projeto. Nos termos da Constituição Federal, assinale a opção que apresenta o procedimento correto.', 'A');
insert into opcoes (num_exame, num_questao, letra_opcao, texto)
values(14, 18, 'A', 'Vetado o projeto de lei, ocorrerá o seu arquivamento.');
insert into opcoes (num_exame, num_questao, letra_opcao, texto)
values(14, 18, 'B', 'Após o veto, a matéria somente poderá ser reapreciada no ano subsequente.');
insert into opcoes (num_exame, num_questao, letra_opcao, texto)
values(14, 18, 'C', 'O veto poderá ser rejeitado, o que acarretará o envio do projeto para promulgação pelo Presidente da República.');
insert into opcoes (num_exame, num_questao, letra_opcao, texto)
values(14, 18, 'D', 'A apreciação do veto deverá ocorrer, em separado, por cada Casa Legislativa, podendo ser rejeitado pela maioria absoluta de cada uma delas.');
insert into questoes (num_exame, num_questao, enunciado, opcao_correta)
values(14, 19, 'No que tange às disposições legais regulamentadoras da ação direta de inconstitucionalidade, da ação direta de inconstitucionalidade por omissão e da ação declaratória de constitucionalidade, assinale a opção correta.', 'A');
insert into opcoes (num_exame, num_questao, letra_opcao, texto)
values(14, 19, 'A', 'A medida cautelar em ação direta de inconstitucionalidade por omissão poderá consistir na suspensão de procedimentos administrativos.');
insert into opcoes (num_exame, num_questao, letra_opcao, texto)
values(14, 19, 'B', 'O ajuizamento de ação direta de inconstitucionalidade e de ação direta de inconstitucionalidade por omissão não admite desistência. Em razão da presunção de constitucionalidade do ordenamento jurídico, a legislação específica da ação declaratória de constitucionalidade admite desistência.');
insert into opcoes (num_exame, num_questao, letra_opcao, texto)
values(14, 19, 'C', 'Existindo norma federal objeto, ao mesmo tempo, de ação declaratória de constitucionalidade e de ação direta de inconstitucionalidade, em homenagem ao caráter ambivalente destas ações, será uma delas extinta sem resolução do mérito por litispendência e a outra terá julgamento de mérito.');
insert into opcoes (num_exame, num_questao, letra_opcao, texto)
values(14, 19, 'D', 'Da decisão proferida na ação declaratória de constitucionalidade caberá, tão somente, a oposição de embargos de declaração e o ajuizamento posterior de ação rescisória.');
insert into questoes (num_exame, num_questao, enunciado, opcao_correta)
values(14, 20, 'Em maio de 1996, o Brasil instituiu seu primeiro Programa Nacional de Direitos Humanos (PNDH 1). Na Introdução do PNDH 2, adotado em maio de 2002, vem escrito o seguinte: “Entre as principais medidas legislativas que resultaram de proposições do PNDH figuram... a transferência da justiça militar para a justiça comum dos crimes dolosos contra a vida praticados por policiais militares (Lei 9.299/96), que permitiu o indiciamento e o julgamento de policiais militares em casos de múltiplas e graves violações como os do Carandiru, Corumbiara e Eldorado dos Carajás; a tipificação do crime de tortura (Lei 9.455/97), que constituiu marco referencial para o combate a essa prática criminosa no Brasil; e a construção da proposta de reforma do Poder Judiciário, na qual se inclui, entre outras medidas destinadas a agilizar o processamento dos responsáveis por violações, a chamada ‘federalização’ dos crimes de direitos humanos.” Em relação ao último ponto descrito, é correto dizer que a federalização contra os crimes de direitos humanos pode ocorrer apenas no seguinte caso:', 'A');
insert into opcoes (num_exame, num_questao, letra_opcao, texto)
values(14, 20, 'A', 'havendo indício de violação de direitos humanos previstos na legislação nacional ou nos tratados internacionais.');
insert into opcoes (num_exame, num_questao, letra_opcao, texto)
values(14, 20, 'B', 'havendo grave violação de direitos humanos previstos nos tratados internacionais de direitos humanos dos quais o Brasil seja parte.');
insert into opcoes (num_exame, num_questao, letra_opcao, texto)
values(14, 20, 'C', 'havendo violação das leis protetivas dos direitos humanos, tais quais as leis citadas na Introdução do PNDH 2.');
insert into opcoes (num_exame, num_questao, letra_opcao, texto)
values(14, 20, 'D', 'havendo grave violação dos direitos humanos previstos na Constituição Federal.');
insert into questoes (num_exame, num_questao, enunciado, opcao_correta)
values(14, 21, 'Em 2014, em pelo menos 24 Estados do Brasil, estavam cadastradas mais de 3.500 comunidades quilombolas. As comunidades quilombolas são grupos étnico-raciais, segundo critérios de autoatribuição, com trajetória histórica própria, dotados de relações territoriais específicas e com ancestralidade negra relacionada com a resistência à opressão histórica sofrida. O constituinte brasileiro reconheceu a identidade dos quilombolas e, especificamente, seu direito fundamental à', 'A');
insert into opcoes (num_exame, num_questao, letra_opcao, texto)
values(14, 21, 'A', 'expressão cultural e artística.');
insert into opcoes (num_exame, num_questao, letra_opcao, texto)
values(14, 21, 'B', 'educação em escolas próprias.');
insert into opcoes (num_exame, num_questao, letra_opcao, texto)
values(14, 21, 'C', 'prática religiosa e litúrgica conforme suas tradições.');
insert into opcoes (num_exame, num_questao, letra_opcao, texto)
values(14, 21, 'D', 'propriedade definitiva das terras que estejam ocupando.');
insert into questoes (num_exame, num_questao, enunciado, opcao_correta)
values(14, 22, 'A história recente da república brasileira conta com capítulos autoritários e violentos. Para restituir o direito à memória e cessar a violência do silêncio e da desinformação, o Estado brasileiro aprovou a Lei n. 12.528/11 que instituiu, no âmbito da Casa Civil da Presidência da República, a Comissão Nacional da Verdade, como forma de realizar, no Brasil, a Justiça de Transição. Assinale a opção que apresenta o objetivo dessa Comissão.', 'A');
insert into opcoes (num_exame, num_questao, letra_opcao, texto)
values(14, 22, 'A', 'Investigar as atividades praticadas por grupos de oposição ao governo, no período de 1946 até 1988, para apurar as responsabilidades civis e criminais de seus militantes em eventuais atos ilegais.');
insert into opcoes (num_exame, num_questao, letra_opcao, texto)
values(14, 22, 'B', 'Promover uma avaliação e revisão da anistia no Brasil para, ao final, propor uma PEC que modifique e adeque o Art. 8º, dos Atos das Disposições Constitucionais Transitórias, que trata, justamente, da anistia.');
insert into opcoes (num_exame, num_questao, letra_opcao, texto)
values(14, 22, 'C', 'Examinar e esclarecer as graves violações de direitos humanos praticadas entre 1946 e 1988, a fim de efetivar o direito à memória e à verdade histórica, bem como promover a reconciliação nacional.');
insert into opcoes (num_exame, num_questao, letra_opcao, texto)
values(14, 22, 'D', 'Examinar e esclarecer ocorrência de crimes praticados entre 1946 e 1988 que não tenham sido resolvidos à época, a fim de efetivar o direito à memória e à verdade histórica, bem como promover a reconciliação nacional.');
insert into questoes (num_exame, num_questao, enunciado, opcao_correta)
values(14, 23, 'Na hipótese de inadimplência do Estado brasileiro, condenado ao pagamento de quantia certa pela Corte Interamericana de Direitos Humanos, deverá o interessado', 'A');
insert into opcoes (num_exame, num_questao, letra_opcao, texto)
values(14, 23, 'A', 'executá-la perante a Justiça Federal pelo processo interno vigente para a execução de sentenças contra o Estado.');
insert into opcoes (num_exame, num_questao, letra_opcao, texto)
values(14, 23, 'B', 'pedir que os autos do processo sejam encaminhados ao Conselho de Segurança da ONU para a imposição de sanções internacionais.');
insert into opcoes (num_exame, num_questao, letra_opcao, texto)
values(14, 23, 'C', 'reinvindicar pelo processo vigente no país, porque as sentenças proferidas pela Corte Interamericana de Direitos Humanos são desprovidas de executoriedade.');
insert into opcoes (num_exame, num_questao, letra_opcao, texto)
values(14, 23, 'D', 'postular perante a Corte a intimação do Estado brasileiro para efetuar o pagamento em vinte e quatro horas ou nomear bens à penhora.');
insert into questoes (num_exame, num_questao, enunciado, opcao_correta)
values(14, 24, 'A respeito da condição jurídica do estrangeiro, disciplinada pela Lei n. 6.815/80, assinale a afirmativa correta.', 'A');
insert into opcoes (num_exame, num_questao, letra_opcao, texto)
values(14, 24, 'A', 'Nos casos de entrada ou estada irregular de estrangeiro, se este não se retirar voluntariamente do território nacional no prazo fixado em Regulamento, será promovida a sua expulsão.');
insert into opcoes (num_exame, num_questao, letra_opcao, texto)
values(14, 24, 'B', 'Quando mais de um Estado requerer a extradição da mesma pessoa pelo mesmo fato, terá preferência o pedido daquele em cujo território a infração foi cometida.');
insert into opcoes (num_exame, num_questao, letra_opcao, texto)
values(14, 24, 'C', 'A República Federativa do Brasil não extradita os seus nacionais, salvo em caso de reciprocidade.');
insert into opcoes (num_exame, num_questao, letra_opcao, texto)
values(14, 24, 'D', 'Conceder-se-á extradição mesmo quando o fato constituir crime político e o extraditando houver de responder, no Estado requerente, perante tribunal ou juízo de exceção.');
insert into questoes (num_exame, num_questao, enunciado, opcao_correta)
values(14, 25, 'Visando a proteger a indústria de tecnologia da informação, o governo federal baixou medida, mediante decreto, em que majora de 15% para 20% a alíquota do Imposto sobre a Importação de Produtos Estrangeiros para monitores de vídeo procedentes do exterior, limites esses que foram previstos em lei. A respeito da modificação de alíquota do Imposto de Importação, assinale a afirmativa correta.', 'A');
insert into opcoes (num_exame, num_questao, letra_opcao, texto)
values(14, 25, 'A', 'Deve observar a reserva de lei complementar.');
insert into opcoes (num_exame, num_questao, letra_opcao, texto)
values(14, 25, 'B', 'Deve ser promovida por lei ordinária.');
insert into opcoes (num_exame, num_questao, letra_opcao, texto)
values(14, 25, 'C', 'Deve observar o princípio da irretroatividade.');
insert into opcoes (num_exame, num_questao, letra_opcao, texto)
values(14, 25, 'D', 'Deve observar o princípio da anterioridade.');
insert into questoes (num_exame, num_questao, enunciado, opcao_correta)
values(14, 26, 'Empresa X, constituída em 1980, entrou com ação na Justiça Federal impugnando a cobrança da Contribuição Sobre o Lucro – CSLL, alegando que, apesar de prevista no Art. 195, I, c, da Constituição Federal, trata-se de um tributo que tem o lucro como fato gerador. Dessa forma, haveria um bis in idem em relação ao Imposto Sobre a Renda das Pessoas Jurídicas (Art. 153, III da CRFB), o que é vedado pelo próprio texto constitucional. A partir do caso narrado e considerando a jurisprudência dominante do Supremo Tribunal Federal, assinale a afirmativa correta.', 'A');
insert into opcoes (num_exame, num_questao, letra_opcao, texto)
values(14, 26, 'A', 'A empresa tem razão porque os dois tributos têm o lucro como fato gerador, o que é vedado pela Constituição Federal.');
insert into opcoes (num_exame, num_questao, letra_opcao, texto)
values(14, 26, 'B', 'A empresa, por ter sido constituída anteriormente à Constituição Federal de 1988, tem direito adquirido a não pagar a CSLL.');
insert into opcoes (num_exame, num_questao, letra_opcao, texto)
values(14, 26, 'C', 'A empresa não tem razão, porque ambos os tributos estão previstos na CRFB.');
insert into opcoes (num_exame, num_questao, letra_opcao, texto)
values(14, 26, 'D', 'A empresa tem razão, pela clara violação à vedação ao confisco prevista no Art. 150, IV, da CRFB.');
insert into questoes (num_exame, num_questao, enunciado, opcao_correta)
values(14, 27, 'Lei municipal que dispõe sobre o Imposto sobre a Propriedade Predial e Territorial Urbana – IPTU − estabelece a solidariedade entre os proprietários de um mesmo imóvel. Os efeitos da solidariedade estão listados nas opções a seguir, à exceção de uma. Assinale-a.', 'A');
insert into opcoes (num_exame, num_questao, letra_opcao, texto)
values(14, 27, 'A', 'A interrupção da decadência, em favor ou contra um dos obrigados, favorece ou prejudica os demais.');
insert into opcoes (num_exame, num_questao, letra_opcao, texto)
values(14, 27, 'B', 'A interrupção da prescrição, em favor ou contra um dos obrigados, favorece ou prejudica aos demais.');
insert into opcoes (num_exame, num_questao, letra_opcao, texto)
values(14, 27, 'C', 'O pagamento efetuado por um dos obrigados aproveita os demais.');
insert into opcoes (num_exame, num_questao, letra_opcao, texto)
values(14, 27, 'D', 'A isenção ou remissão de crédito exonera todos os obrigados, salvo se outorgada pessoalmente a um deles, subsistindo, nesse caso, a solidariedade quanto aos demais pelo saldo.');
insert into questoes (num_exame, num_questao, enunciado, opcao_correta)
values(14, 28, 'Presume-se fraudulenta a alienação ou oneração de bens ou rendas por sujeito passivo em débito para com a Fazenda Pública', 'A');
insert into opcoes (num_exame, num_questao, letra_opcao, texto)
values(14, 28, 'A', 'por crédito tributário ainda não inscrito em dívida ativa, desde que não tenham sido reservados pelo devedor bens ou rendas suficientes ao total pagamento da dívida.');
insert into opcoes (num_exame, num_questao, letra_opcao, texto)
values(14, 28, 'B', 'por crédito tributário regularmente inscrito em dívida ativa, desde que não tenham sido reservados pelo devedor bens ou rendas suficientes ao total pagamento da dívida inscrita.');
insert into opcoes (num_exame, num_questao, letra_opcao, texto)
values(14, 28, 'C', 'por crédito tributário regularmente inscrito em dívida ativa, mesmo que tenham sido reservados pelo devedor bens ou rendas suficientes ao total pagamento da dívida inscrita.');
insert into opcoes (num_exame, num_questao, letra_opcao, texto)
values(14, 28, 'D', 'por crédito tributário ainda não inscrito em dívida ativa, objeto de impugnação administrativa oferecida pelo contribuinte.');
insert into questoes (num_exame, num_questao, enunciado, opcao_correta)
values(14, 29, 'Caso o Estado delegue a reforma, manutenção e operação de uma rodovia estadual à iniciativa privada, com a previsão de que a amortização dos investimentos e a remuneração do particular decorram apenas da tarifa cobrada dos usuários do serviço, estaremos diante de uma', 'A');
insert into opcoes (num_exame, num_questao, letra_opcao, texto)
values(14, 29, 'A', 'concessão de obra pública.');
insert into opcoes (num_exame, num_questao, letra_opcao, texto)
values(14, 29, 'B', 'concessão administrativa.');
insert into opcoes (num_exame, num_questao, letra_opcao, texto)
values(14, 29, 'C', 'concessão patrocinada.');
insert into opcoes (num_exame, num_questao, letra_opcao, texto)
values(14, 29, 'D', 'concessão de serviço público precedida da execução de obra pública.');
insert into questoes (num_exame, num_questao, enunciado, opcao_correta)
values(14, 30, 'Numerosos professores, em recente reunião da categoria, queixaram-se da falta de interesse dos alunos pela cultura nacional. O Sindicato dos Professores de Colégios Particulares do Município X apresentou, então, um plano para ampliar o acesso à cultura dos alunos com idade entre 10 e 18 anos, obter a qualificação de “Organização da Sociedade Civil de Interesse Público” (OSCIP) e celebrar um termo de parceria com a União, a fim de unir esforços no sentido de promover a cultura nacional. Considerando a proposta apresentada e a disciplina existente sobre o tema, assinale a afirmativa correta.', 'A');
insert into opcoes (num_exame, num_questao, letra_opcao, texto)
values(14, 30, 'A', 'O sindicato não pode se qualificar como Organização da Sociedade Civil de Interesse Público, uma vez que tal qualificação, de origem doutrinária, não tem amparo legal.');
insert into opcoes (num_exame, num_questao, letra_opcao, texto)
values(14, 30, 'B', 'O sindicato não pode se qualificar como OSCIP, em virtude de vedação expressa da lei federal sobre o tema.');
insert into opcoes (num_exame, num_questao, letra_opcao, texto)
values(14, 30, 'C', 'O sindicato pode se qualificar como OSCIP, uma vez que é uma entidade sem fins lucrativos e o objetivo pretendido é a promoção da cultura nacional.');
insert into opcoes (num_exame, num_questao, letra_opcao, texto)
values(14, 30, 'D', 'O sindicato pode se qualificar como OSCIP, mas deve celebrar um contrato de gestão e não um termo de parceria com o poder público.');
insert into questoes (num_exame, num_questao, enunciado, opcao_correta)
values(14, 31, 'Manolo, servidor público federal, obteve a concessão de aposentadoria por invalidez após ter sido atestado, por junta médica oficial, o surgimento de doença que o impossibilitava de desenvolver atividades laborativas. Passados dois anos, entretanto, Manolo voltou a ter boas condições de saúde, podendo voltar a trabalhar, o que foi comprovado por junta médica oficial. Nesse caso, o retorno do servidor às atividades laborativas na Administração, no mesmo cargo anteriormente ocupado, configura exemplo de', 'A');
insert into opcoes (num_exame, num_questao, letra_opcao, texto)
values(14, 31, 'A', 'reintegração.');
insert into opcoes (num_exame, num_questao, letra_opcao, texto)
values(14, 31, 'B', 'reversão.');
insert into opcoes (num_exame, num_questao, letra_opcao, texto)
values(14, 31, 'C', 'aproveitamento.');
insert into opcoes (num_exame, num_questao, letra_opcao, texto)
values(14, 31, 'D', 'readaptação.');
insert into questoes (num_exame, num_questao, enunciado, opcao_correta)
values(14, 32, 'Cinco empresas que, somadas, dominam 90% (noventa por cento) da produção metalúrgica nacional acordam, secretamente, a redução da oferta de bens por elas produzidos, a fim de elevar o preço dos seus produtos. A partir da hipótese apresentada, assinale a opção correta.', 'A');
insert into opcoes (num_exame, num_questao, letra_opcao, texto)
values(14, 32, 'A', 'A garantia da livre concorrência no texto constitucional impede a intervenção do Estado nessa hipótese.');
insert into opcoes (num_exame, num_questao, letra_opcao, texto)
values(14, 32, 'B', 'A atuação das empresas configura infração da ordem econômica, sujeitando-as à intervenção do Estado.');
insert into opcoes (num_exame, num_questao, letra_opcao, texto)
values(14, 32, 'C', 'A situação de domínio do mercado resulta de processo natural fundado na maior eficiência em relação aos demais competidores, não caracterizando, portanto, qualquer infração.');
insert into opcoes (num_exame, num_questao, letra_opcao, texto)
values(14, 32, 'D', 'A intervenção do Estado na ordem econômica somente será permitida quando necessária aos imperativos da segurança nacional ou a relevante interesse coletivo.');
insert into questoes (num_exame, num_questao, enunciado, opcao_correta)
values(14, 33, 'A Secretaria de Defesa do Meio Ambiente do Estado X lavrou auto de infração, cominando multa no valor de R$ 15.000,00 (quinze mil reais) à empresa Explora, em razão da instalação de uma saída de esgoto clandestina em uma lagoa naquele Estado. A empresa não impugnou o auto de infração lavrado e não pagou a multa aplicada. Considerando o exposto, assinale a afirmativa correta.', 'A');
insert into opcoes (num_exame, num_questao, letra_opcao, texto)
values(14, 33, 'A', 'A aplicação de penalidade representa exercício do poder disciplinar e autoriza a apreensão de bens para a quitação da dívida, em razão da executoriedade do ato.');
insert into opcoes (num_exame, num_questao, letra_opcao, texto)
values(14, 33, 'B', 'A aplicação de penalidade representa exercício do poder de polícia e autoriza a apreensão de bens para a quitação da dívida, em razão da executoriedade do ato.');
insert into opcoes (num_exame, num_questao, letra_opcao, texto)
values(14, 33, 'C', 'A aplicação de penalidade representa exercício do poder disciplinar, mas não autoriza a apreensão de bens para a quitação da dívida.');
insert into opcoes (num_exame, num_questao, letra_opcao, texto)
values(14, 33, 'D', 'A aplicação de penalidade representa exercício do poder de polícia, mas não autoriza a apreensão de bens para a quitação da dívida.');
insert into questoes (num_exame, num_questao, enunciado, opcao_correta)
values(14, 34, 'Caio, chefe de gabinete do prefeito do município X, ocupante exclusivamente de cargo em comissão, conhecendo os planos concretos da prefeitura para levar asfaltamento, saneamento e outras intervenções urbanísticas a um bairro mais distante, revela a alguns construtores tal fato, levando-os a adquirir numerosos terrenos naquela localidade antes que ocorresse sua valorização imobiliária. Caio recusa, expressamente, todos os presentes enviados pelos construtores. Sobre a situação hipotética descrita acima, assinale a opção correta.', 'A');
insert into opcoes (num_exame, num_questao, letra_opcao, texto)
values(14, 34, 'A', 'O ato de improbidade pode estar configurado com a mera comunicação, antes da divulgação oficial, da medida a ser adotada pela prefeitura, que valorizará determinados imóveis, ainda que não tenha havido qualquer vantagem para Caio.');
insert into opcoes (num_exame, num_questao, letra_opcao, texto)
values(14, 34, 'B', 'A configuração da improbidade administrativa depende, sempre, da existência de enriquecimento ilícito por parte de Caio ou de lesão ao erário, requisitos ausentes no caso concreto.');
insert into opcoes (num_exame, num_questao, letra_opcao, texto)
values(14, 34, 'C', 'Caio, caso venha a ser condenado criminalmente pela prática das condutas acima descritas, não poderá responder por improbidade administrativa, sob pena de haver bis in idem.');
insert into opcoes (num_exame, num_questao, letra_opcao, texto)
values(14, 34, 'D', 'Caio não responde por ato de improbidade, por não ser servidor de carreira; responde, todavia, por crime de responsabilidade, na qualidade de agente político, ocupante de cargo em comissão.');
insert into questoes (num_exame, num_questao, enunciado, opcao_correta)
values(14, 35, 'Kellen, empreendedora individual, obtém, junto ao órgão municipal, licença de instalação de uma fábrica de calçados. A respeito da hipótese formulada, assinale a afirmativa correta.', 'A');
insert into opcoes (num_exame, num_questao, letra_opcao, texto)
values(14, 35, 'A', 'A licença não é válida, uma vez que os municípios têm competência para a análise de estudos de impacto ambiental, mas não para a concessão de licença ambiental.');
insert into opcoes (num_exame, num_questao, letra_opcao, texto)
values(14, 35, 'B', 'Com a licença de instalação obtida, a fábrica de calçados poderá iniciar suas atividades de produção, gerando direito adquirido pelo prazo mencionado na licença expedida pelo município.');
insert into opcoes (num_exame, num_questao, letra_opcao, texto)
values(14, 35, 'C', 'A licença é válida, porém não há impedimento que um Estado e a União expeçam licenças relativas ao mesmo empreendimento, caso entendam que haja impacto de âmbito regional e nacional, respectivamente.');
insert into opcoes (num_exame, num_questao, letra_opcao, texto)
values(14, 35, 'D', 'Para o início da produção de calçados, é imprescindível a obtenção de licença de operação, sendo concedida após a verificação do cumprimento dos requisitos previstos nas licenças anteriores.');
insert into questoes (num_exame, num_questao, enunciado, opcao_correta)
values(14, 36, 'A definição dos espaços territoriais especialmente protegidos é fundamental para a manutenção dos processos ecológicos. Sobre o instituto da Reserva Legal, de acordo com o Novo Código Florestal (Lei n. 12.651/2012), assinale a afirmativa correta.', 'A');
insert into opcoes (num_exame, num_questao, letra_opcao, texto)
values(14, 36, 'A', 'Pode ser instituído em área rural ou urbana, desde que necessário à reabilitação dos processos ecológicos.');
insert into opcoes (num_exame, num_questao, letra_opcao, texto)
values(14, 36, 'B', 'Incide apenas sobre imóveis rurais, e sua área deve ser mantida sem prejuízo da aplicação das normas sobre as Áreas de Preservação Permanente.');
insert into opcoes (num_exame, num_questao, letra_opcao, texto)
values(14, 36, 'C', 'Foi restringida, de acordo com a Lei n. 12.651/2012, às propriedades abrangidas por Unidades de Conservação.');
insert into opcoes (num_exame, num_questao, letra_opcao, texto)
values(14, 36, 'D', 'Incide apenas sobre imóveis públicos, consistindo em área protegida para a preservação da estabilidade geológica e da biodiversidade.');
insert into questoes (num_exame, num_questao, enunciado, opcao_correta)
values(14, 37, 'Sara e Bernardo doaram o imóvel que lhes pertencia a Miguel, ficando o imóvel gravado com usufruto em favor dos doadores. Dessa forma, quanto aos deveres dos usufrutuários, assinale a afirmativa INCORRETA:', 'A');
insert into opcoes (num_exame, num_questao, letra_opcao, texto)
values(14, 37, 'A', 'Não devem pagar as deteriorações resultantes do exercício regular do usufruto.');
insert into opcoes (num_exame, num_questao, letra_opcao, texto)
values(14, 37, 'B', 'Devem arcar com as despesas ordinárias de conservação do bem no estado em que o receberam.');
insert into opcoes (num_exame, num_questao, letra_opcao, texto)
values(14, 37, 'C', 'Devem arcar com os tributos inerentes à posse da coisa usufruída.');
insert into opcoes (num_exame, num_questao, letra_opcao, texto)
values(14, 37, 'D', 'Não devem comunicar ao dono a ocorrência de lesão produzida contra a posse da coisa.');
insert into questoes (num_exame, num_questao, enunciado, opcao_correta)
values(14, 38, 'João é locatário de um imóvel residencial de propriedade de Marcela, pagando mensalmente o aluguel por meio da entrega pessoal da quantia ajustada. O locatário tomou ciência do recente falecimento de Marcela ao ler “comunicação de falecimento” publicada pelos filhos maiores e capazes de Marcela, em jornal de grande circulação. Marcela, à época do falecimento, era viúva. Aproximando-se o dia de vencimento da obrigação contratual, João pretende quitar o valor ajustado. Todavia, não sabe a quem pagar e sequer tem conhecimento sobre a existência de inventário. De acordo com os dispositivos que regem as regras de pagamento, assinale a afirmativa correta.', 'A');
insert into opcoes (num_exame, num_questao, letra_opcao, texto)
values(14, 38, 'A', 'João estará desobrigado do pagamento do aluguel desde a data do falecimento de Marcela.');
insert into opcoes (num_exame, num_questao, letra_opcao, texto)
values(14, 38, 'B', 'João deverá proceder à imputação do pagamento, em sua integralidade, a qualquer dos filhos de Marcela, visto que são seus herdeiros.');
insert into opcoes (num_exame, num_questao, letra_opcao, texto)
values(14, 38, 'C', 'João estará autorizado a consignar em pagamento o valor do aluguel aos filhos de Marcela.');
insert into opcoes (num_exame, num_questao, letra_opcao, texto)
values(14, 38, 'D', 'João deverá utilizar-se da dação em pagamento para adimplir a obrigação junto aos filhos maiores de Marcela, estando estes obrigados a aceitar.');
insert into questoes (num_exame, num_questao, enunciado, opcao_correta)
values(14, 39, 'Marcos e Paula, casados, pais de Isabel e Marcelo, menores impúberes, faleceram em um grave acidente automobilístico. Em decorrência deste fato, Pedro, avô materno nomeado tutor dos menores, restou incumbido, nos termos do testamento, do dever de administrar o patrimônio dos netos, avaliado em dois milhões de reais. De acordo com o testamento, o tutor foi dispensado de prestar contas de sua administração. Diante dos fatos narrados e considerando as regras de Direito Civil sobre prestação de contas no exercício da tutela, assinale a opção correta.', 'A');
insert into opcoes (num_exame, num_questao, letra_opcao, texto)
values(14, 39, 'A', 'Pedro está dispensado de prestar contas do exercício da tutela, tendo em vista o disposto no testamento deixado pelos pais de Isabel e Marcelo, por ser um direito disponível.');
insert into opcoes (num_exame, num_questao, letra_opcao, texto)
values(14, 39, 'B', 'Caso Pedro falecesse no exercício da tutela, haveria dispensa de seus herdeiros prestarem contas da administração dos bens de Isabel e Marcelo.');
insert into opcoes (num_exame, num_questao, letra_opcao, texto)
values(14, 39, 'C', 'A responsabilidade de Pedro de prestar contas da administração da tutela cessará quando Isabel e Marcelo atingirem a maioridade e derem a devida quitação.');
insert into opcoes (num_exame, num_questao, letra_opcao, texto)
values(14, 39, 'D', 'Pedro tem a obrigação de prestar contas da administração da tutela de dois em dois anos e também quando deixar o exercício da tutela, ou sempre que for determinado judicialmente.');
insert into questoes (num_exame, num_questao, enunciado, opcao_correta)
values(14, 40, 'Raul, cidadão brasileiro, no meio de uma semana comum, desaparece sem deixar qualquer notícia para sua ex-esposa e filhos, sem deixar cartas ou qualquer indicação sobre seu paradeiro. Raul, que sempre fora um trabalhador exemplar, acumulara em seus anos de labor um patrimônio relevante. Como Raul morava sozinho, já que seus filhos tinham suas próprias famílias e ele havia se separado de sua esposa 4 (quatro) anos antes, somente após uma semana seus parentes e amigos deram por sua falta e passaram a se preocupar com o seu desaparecimento. Sobre a situação apresentada, assinale a opção correta.', 'A');
insert into opcoes (num_exame, num_questao, letra_opcao, texto)
values(14, 40, 'A', 'Para ser decretada a ausência, é necessário que a pessoa tenha desaparecido há mais de 10 (dez) dias. Como faz apenas uma semana que Raul desapareceu, não pode ser declarada sua ausência, com a consequente nomeação de curador.');
insert into opcoes (num_exame, num_questao, letra_opcao, texto)
values(14, 40, 'B', 'Em sendo declarada a ausência, o curador a ser nomeado será a ex-esposa de Raul.');
insert into opcoes (num_exame, num_questao, letra_opcao, texto)
values(14, 40, 'C', 'A abertura da sucessão provisória somente se dará ultrapassados três anos da arrecadação dos bens de Raul.');
insert into opcoes (num_exame, num_questao, letra_opcao, texto)
values(14, 40, 'D', 'Se Raul contasse com 85 (oitenta e cinco) anos e os parentes e amigos já não soubessem dele há 8 (oito) anos, poderia ser feita de forma direta a abertura da sucessão definitiva.');
insert into questoes (num_exame, num_questao, enunciado, opcao_correta)
values(14, 41, 'Marina comprometeu-se a obter para Mônica um negócio de compra e venda de um imóvel para que ela pudesse abrir seu curso de inglês. Marina encontrou uma grande sala em um prédio bem localizado e informou a Mônica que entraria em contato com o vendedor para saber detalhes do imóvel. A partir da hipótese apresentada, assinale a opção correta.', 'A');
insert into opcoes (num_exame, num_questao, letra_opcao, texto)
values(14, 41, 'A', 'Marina marca uma reunião entre o vendedor e Mônica, mas o negócio não se realiza por arrependimento das partes. Sem pagar a comissão, Mônica dispensa Marina, que reclama seu pagamento, explicando que conseguiu o negócio e que não importa se não ocorreu a compra da sala.');
insert into opcoes (num_exame, num_questao, letra_opcao, texto)
values(14, 41, 'B', 'Passado o prazo contratual para a obtenção do negócio, o próprio vendedor entra em contato com Mônica para celebrar o negócio, liberando-a, portanto, de pagar a comissão de Marina.');
insert into opcoes (num_exame, num_questao, letra_opcao, texto)
values(14, 41, 'C', 'Como a obrigação de Marina é apenas de obtenção do negócio, a responsabilidade pela segurança e pelo risco é apenas do vendedor, sendo desnecessário que Marina se procupe com esses detalhes.');
insert into opcoes (num_exame, num_questao, letra_opcao, texto)
values(14, 41, 'D', 'A remuneração de Marina deve ser previamente ajustada entre as partes; caso contrário, Mônica pagará o valor que achar suficiente.');
insert into questoes (num_exame, num_questao, enunciado, opcao_correta)
values(14, 42, 'Segundo o Código Civil de 2002, acerca do direito de representação, instituto do Direito das Sucessões, assinale a opção correta.', 'A');
insert into opcoes (num_exame, num_questao, letra_opcao, texto)
values(14, 42, 'A', 'É possível que o filho renuncie à herança do pai e, depois, represente-o na sucessão do avô.');
insert into opcoes (num_exame, num_questao, letra_opcao, texto)
values(14, 42, 'B', 'Na linha transversal, é permitido o direito de representação em favor dos sobrinhos, quando concorrerem com sobrinhos-netos.');
insert into opcoes (num_exame, num_questao, letra_opcao, texto)
values(14, 42, 'C', 'Em não havendo filhos para exercer o direito de representação, este será exercido pelos pais do representado.');
insert into opcoes (num_exame, num_questao, letra_opcao, texto)
values(14, 42, 'D', 'O direito de representação consiste no chamamento de determinados parentes do de cujus a suceder em todos os direitos a ele transmitidos, sendo permitido tanto na sucessão legítima quanto na testamentária.');
insert into questoes (num_exame, num_questao, enunciado, opcao_correta)
values(14, 43, 'Maria Clara, então com dezoito anos, animada com a conquista da carteira de habilitação, decide retirar suas economias da poupança para adquirir um automóvel. Por saber que estava no início da sua carreira de motorista, resolveu comprar um carro usado e pesquisou nos jornais até encontrar um modelo adequado. Durante a visita de Maria Clara para verificar o estado de conservação do carro, o proprietário, ao perceber que Maria Clara não era conhecedora de automóveis, informou que o preço que constava no jornal não era o que ele estava pedindo, pois o carro havia sofrido manutenção recentemente, além de melhorias que faziam com que o preço fosse aumentado em setenta por cento. Com esse aumento, o valor do carro passou a ser maior do que um modelo novo, zero quilômetro. Contudo, após as explicações do proprietário, Maria Clara fechou o negócio. Sobre a situação apresentada no enunciado, assinale a opção correta.', 'A');
insert into opcoes (num_exame, num_questao, letra_opcao, texto)
values(14, 43, 'A', 'Maria Clara sofreu coação para fechar o negócio, diante da insistência do antigo proprietário e, por isso, pode ser proposta a anulação do negócio jurídico no prazo máximo de três anos.');
insert into opcoes (num_exame, num_questao, letra_opcao, texto)
values(14, 43, 'B', 'O negócio efetuado por Maria Clara não poderá ser anulado porque decorreu de manifestação de vontade por parte da adquirente. Dessa forma, como não se trata de relação de consumo, Maria Clara não possui essa garantia.');
insert into opcoes (num_exame, num_questao, letra_opcao, texto)
values(14, 43, 'C', 'O pai de Maria Clara, inconformado com a situação, pretende anular o negócio efetuado pela filha, porém, como já se passaram três anos, isso não será mais possível, pois já decaiu seu direito.');
insert into opcoes (num_exame, num_questao, letra_opcao, texto)
values(14, 43, 'D', 'O negócio jurídico efetuado por Maria Clara pode ser anulado; porém, se o antigo proprietário concordar com a diminuição no preço, o vício no contrato estará sanado.');
insert into questoes (num_exame, num_questao, enunciado, opcao_correta)
values(14, 44, 'A Declaração Universal dos Direitos da Criança reconhece como necessária ao desenvolvimento completo e harmonioso das crianças e dos adolescentes a necessidade de cuidados e um ambiente de afeto e de segurança moral e material, o que prioritariamente deve ocorrer na companhia e sob a responsabilidade dos pais. Mas, em circunstâncias excepcionais, a criança ou o adolescente podem ser confiados às chamadas famílias substitutas. A respeito da colocação de criança ou adolescente em família substituta, segundo os termos do Estatuto da Criança e do Adolescente, assinale a afirmativa correta.', 'A');
insert into opcoes (num_exame, num_questao, letra_opcao, texto)
values(14, 44, 'A', 'O ECA disciplina procedimento específico para a colocação em família substituta de criança ou adolescente indígena, que requer, obrigatoriamente, a intervenção e oitiva de representantes de órgão federal responsável pela política indígena e de antropólogos.');
insert into opcoes (num_exame, num_questao, letra_opcao, texto)
values(14, 44, 'B', 'A criança ou adolescente será prévia e necessariamente ouvida pela equipe interprofissional no curso do processo, dispensando-se o consentimento da criança ou adolescente, que será substituído pelo parecer da equipe.');
insert into opcoes (num_exame, num_questao, letra_opcao, texto)
values(14, 44, 'C', 'A colocação da criança ou adolescente em família substituta, por ser de caráter provisório e precário, exime o guardião ou o tutor dos deveres de companhia e guarda, que poderão ser transferidos a terceiros.');
insert into opcoes (num_exame, num_questao, letra_opcao, texto)
values(14, 44, 'D', 'A guarda e a tutela são as únicas modalidades de colocação da criança ou adolescente em família substituta, que pode ser nacional ou estrangeira, sendo a adoção medida de colocação em família definitiva, não em família substituta.');
insert into questoes (num_exame, num_questao, enunciado, opcao_correta)
values(14, 45, 'O Hotel Botanic recebeu o casal de namorados Júlia e Matheus como hóspedes durante um feriado prolongado. Júlia tem 15 anos de idade e Matheus 18 anos, motivo pelo qual a adolescente foi admitida no estabelecimento, por estar acompanhada de uma pessoa maior de idade. Com base no caso apresentado, a partir do que dispõe o Estatuto da Criança e do Adolescente, assinale a opção correta.', 'A');
insert into opcoes (num_exame, num_questao, letra_opcao, texto)
values(14, 45, 'A', 'Trata-se de infração penal, motivo pelo qual, sem prejuízo da pena de multa aplicada ao estabelecimento, o funcionário responsável pela admissão da adolescente está sujeito à responsabilidade criminal pessoal.');
insert into opcoes (num_exame, num_questao, letra_opcao, texto)
values(14, 45, 'B', 'Trata-se de prática cotidiana sem implicações administrativas ou criminais previstas na norma especial, uma vez que a adolescente estava acompanhada de pessoa maior de idade que se torna responsável por ela.');
insert into opcoes (num_exame, num_questao, letra_opcao, texto)
values(14, 45, 'C', 'Trata-se de infração administrativa, sujeitando-se à aplicação de pena de multa, a hospedagem de adolescente desacompanhado dos pais, responsáveis, ou sem autorização escrita desses ou da autoridade judiciária.');
insert into opcoes (num_exame, num_questao, letra_opcao, texto)
values(14, 45, 'D', 'Trata-se de infração administrativa e penal, sujeitando-se o estabelecimento, por determinação da autoridade judiciária, a imediato fechamento por até quinze dias.');
insert into questoes (num_exame, num_questao, enunciado, opcao_correta)
values(14, 46, 'Um homem foi submetido a cirurgia para remoção de cálculos renais em hospital privado. A intervenção foi realizada por equipe médica não integrante dos quadros de funcionários do referido hospital, apesar de ter sido indicada por esse mesmo hospital. Durante o procedimento, houve perfuração do fígado do paciente, verificada somente três dias após a cirurgia, motivo pelo qual o homem teve que se submeter a novo procedimento cirúrgico, que lhe deixou uma grande cicatriz na região abdominal. O paciente ingressou com ação judicial em face do hospital, visando a indenização por danos morais e estéticos. Partindo dessa narrativa, assinale a opção correta.', 'A');
insert into opcoes (num_exame, num_questao, letra_opcao, texto)
values(14, 46, 'A', 'O hospital responde objetivamente pelos danos morais e estéticos decorrentes do erro médico, tendo em vista que ele indicou a equipe médica.');
insert into opcoes (num_exame, num_questao, letra_opcao, texto)
values(14, 46, 'B', 'O hospital responderá pelos danos, mas de forma alternativa, não se acumulando os danos morais e estéticos, sob pena de enriquecimento ilícito do autor.');
insert into opcoes (num_exame, num_questao, letra_opcao, texto)
values(14, 46, 'C', 'O hospital não responderá pelos danos, uma vez que se trata de responsabilidade objetiva da equipe médica, sendo o hospital parte ilegítima na ação porque apenas prestou serviço de instalações e hospedagem do paciente.');
insert into opcoes (num_exame, num_questao, letra_opcao, texto)
values(14, 46, 'D', 'O hospital não responderá pelos danos, tendo em vista que não se aplica a norma consumerista à relação entre médico e paciente, mas, sim, o Código Civil, embora a responsabilidade civil dos profissionais liberais seja objetiva.');
insert into questoes (num_exame, num_questao, enunciado, opcao_correta)
values(14, 47, 'O fornecimento de serviços e de produtos é atividade desenvolvida nas mais diversas modalidades, como ocorre nos serviços de crédito e financiamento, regidos pela norma especial consumerista, que atribuiu disciplina específica para a temática. A respeito do crédito ao consumidor, nos estritos termos do Código de Defesa do Consumidor, assinale a opção correta.', 'A');
insert into opcoes (num_exame, num_questao, letra_opcao, texto)
values(14, 47, 'A', 'A informação prévia ao consumidor, a respeito de taxa efetiva de juros, é obrigatória, facultando-se a discriminação dos acréscimos legais, como os tributos e taxas de expediente.');
insert into opcoes (num_exame, num_questao, letra_opcao, texto)
values(14, 47, 'B', 'A liquidação antecipada do débito financiado comporta a devolução ou a redução proporcional de encargos, mas só terá cabimento se assim optar o consumidor no momento da contratação do serviço.');
insert into opcoes (num_exame, num_questao, letra_opcao, texto)
values(14, 47, 'C', 'As informações sobre o preço e a apresentação do serviço de crédito devem ser, obrigatoriamente, apresentadas em moeda corrente nacional.');
insert into opcoes (num_exame, num_questao, letra_opcao, texto)
values(14, 47, 'D', 'A pena moratória decorrente do inadimplemento da obrigação deve respeitar teto do valor da prestação inadimplida, não se podendo exigir do consumidor que suporte cumulativamente a incidência dos juros de mora.');
insert into questoes (num_exame, num_questao, enunciado, opcao_correta)
values(14, 48, 'A Comissão de Valores Mobiliários poderá impor aos infratores de suas Resoluções, das normas da Lei n. 6.404/76 (Lei das Sociedades por Ações) e da Lei n. 6.385/76 (Lei do Mercado de Valores Mobiliários), dentre outras, a penalidade de inabilitação temporária, até o máximo de 20 (vinte) anos, para o exercício do cargo de administrador nas entidades relacionadas a seguir, à exceção de uma. Assinale-a.', 'A');
insert into opcoes (num_exame, num_questao, letra_opcao, texto)
values(14, 48, 'A', 'Companhia Aberta.');
insert into opcoes (num_exame, num_questao, letra_opcao, texto)
values(14, 48, 'B', 'Distribuidora de Valores Mobiliários.');
insert into opcoes (num_exame, num_questao, letra_opcao, texto)
values(14, 48, 'C', 'Sociedade em Comum.');
insert into opcoes (num_exame, num_questao, letra_opcao, texto)
values(14, 48, 'D', 'Bolsa de Valores.');
insert into questoes (num_exame, num_questao, enunciado, opcao_correta)
values(14, 49, 'Na duplicata de compra e venda, entende-se por protesto por indicações do portador aquele que é lavrado pelo tabelião de protestos', 'A');
insert into opcoes (num_exame, num_questao, letra_opcao, texto)
values(14, 49, 'A', 'em caso de recusa ao aceite e devolução do título ao apresentante pelo sacado, dentro do prazo legal.');
insert into opcoes (num_exame, num_questao, letra_opcao, texto)
values(14, 49, 'B', 'quando o sacado retiver a duplicata enviada para aceite e não proceder à devolução dentro do prazo legal.');
insert into opcoes (num_exame, num_questao, letra_opcao, texto)
values(14, 49, 'C', 'na falta de pagamento do título pelo aceitante ou pelo endossante dentro do prazo legal.');
insert into opcoes (num_exame, num_questao, letra_opcao, texto)
values(14, 49, 'D', 'em caso de revogação da decisão judicial que determinou a sustação do protesto.');
insert into questoes (num_exame, num_questao, enunciado, opcao_correta)
values(14, 50, 'A alienação fiduciária, regulada pela Lei n. 9.514/1997, é o negócio jurídico pelo qual o devedor, ou fiduciante, com o escopo de garantia, contrata a transferência ao credor, ou fiduciário, da propriedade resolúvel de coisa imóvel. Sobre este tipo de contrato, assinale a afirmativa correta.', 'A');
insert into opcoes (num_exame, num_questao, letra_opcao, texto)
values(14, 50, 'A', 'Constitui-se a propriedade fiduciária de coisa imóvel mediante registro do contrato que lhe serve de título no Registro de Imóveis competente.');
insert into opcoes (num_exame, num_questao, letra_opcao, texto)
values(14, 50, 'B', 'Somente poderá ser contratada por pessoa jurídica que integre o Sistema de Financiamento Imobiliário – SFI.');
insert into opcoes (num_exame, num_questao, letra_opcao, texto)
values(14, 50, 'C', 'Não pode ter como objeto a propriedade superficiária do imóvel do fiduciante.');
insert into opcoes (num_exame, num_questao, letra_opcao, texto)
values(14, 50, 'D', 'O fiduciante poderá transmitir os direitos de que seja titular sobre o imóvel objeto da alienação fiduciária independentemente da anuência do fiduciário.');
insert into questoes (num_exame, num_questao, enunciado, opcao_correta)
values(14, 51, 'Mariana, Januária e Cristina decidiram constituir uma sociedade em conta de participação, sendo a primeira sócia ostensiva e as demais sócias participantes. Sobre o caso apresentado, de acordo com as disposições do Código Civil, assinale a opção correta.', 'A');
insert into opcoes (num_exame, num_questao, letra_opcao, texto)
values(14, 51, 'A', 'É vedada a participação de mais de um sócio ostensivo na sociedade em conta de participação; logo, as demais sócias não poderão ter a qualidade de sócio ostensivo.');
insert into opcoes (num_exame, num_questao, letra_opcao, texto)
values(14, 51, 'B', 'As sócias participantes Januária e Cristina poderão fiscalizar a gestão dos negócios sociais pela sócia ostensiva Mariana.');
insert into opcoes (num_exame, num_questao, letra_opcao, texto)
values(14, 51, 'C', 'A sociedade em conta de participação deverá adotar como nome empresarial firma social, da qual deverá fazer parte a sócia ostensiva.');
insert into opcoes (num_exame, num_questao, letra_opcao, texto)
values(14, 51, 'D', 'A sociedade somente poderá existir se o contrato não estiver inscrito em qualquer registro, pois é uma sociedade não personificada.');
insert into questoes (num_exame, num_questao, enunciado, opcao_correta)
values(14, 52, 'Passa Sete Serviços Médicos S/A apresentou a seus credores plano de recuperação extrajudicial, que obteve a aprovação de mais de quatro quintos dos créditos de todas as classes por ele abrangidas. O plano estabeleceu a produção de efeitos anteriores à homologação judicial, exclusivamente, em relação à forma de pagamento dos credores signatários que a ele aderiram, alterando o valor dos créditos com deságio de 30% (trinta por cento). A companhia consultou seu advogado, que se pronunciou corretamente sobre o caso, da seguinte forma:', 'A');
insert into opcoes (num_exame, num_questao, letra_opcao, texto)
values(14, 52, 'A', 'o plano não pode estabelecer a produção de efeitos anteriores à homologação, devendo o juiz indeferir sua homologação, permitindo, contudo, novo pedido, desde que sanada a irregularidade.');
insert into opcoes (num_exame, num_questao, letra_opcao, texto)
values(14, 52, 'B', 'o plano não pode estabelecer a produção de efeitos anteriores à homologação, devendo o juiz negar liminarmente sua homologação e decretar a falência.');
insert into opcoes (num_exame, num_questao, letra_opcao, texto)
values(14, 52, 'C', 'é lícito que o plano estabeleça a produção de efeitos anteriores à homologação, desde que exclusivamente em relação à modificação do valor ou da forma de pagamento dos credores signatários.');
insert into opcoes (num_exame, num_questao, letra_opcao, texto)
values(14, 52, 'D', 'é lícito que o plano estabeleça a produção de efeitos anteriores à homologação, desde que exclusivamente em relação à supressão da garantia ou sua substituição de bem objeto de garantia real.');
insert into questoes (num_exame, num_questao, enunciado, opcao_correta)
values(14, 53, 'A respeito da participação do Ministério Público no Processo Civil, assinale a opção correta.', 'A');
insert into opcoes (num_exame, num_questao, letra_opcao, texto)
values(14, 53, 'A', 'O Ministério Público tem a faculdade de intervir nas causas em que há interesses de incapazes.');
insert into opcoes (num_exame, num_questao, letra_opcao, texto)
values(14, 53, 'B', 'O Ministério Público, intervindo como fiscal da lei, terá vista dos autos depois das partes, sendo intimado de todos os atos do processo.');
insert into opcoes (num_exame, num_questao, letra_opcao, texto)
values(14, 53, 'C', 'O Ministério Público, quando for parte, não gozará de prazos diferenciados para interposição de recursos.');
insert into opcoes (num_exame, num_questao, letra_opcao, texto)
values(14, 53, 'D', 'O Ministério Público, intervindo como fiscal da lei, não pode requerer diligências com intuito de comprovar a verdade de fatos relevantes para a causa.');
insert into questoes (num_exame, num_questao, enunciado, opcao_correta)
values(14, 54, 'O Mandado de Segurança é a ferramenta jurídica hábil para proteger direito líquido e certo, não amparado por habeas corpus ou habeas data, quando, ilegalmente ou com abuso de poder, autoridade coatora praticar ato que viole ou cause justo receio de violação daquele direito. Com relação ao Mandado de Segurança, assinale a opção correta.', 'A');
insert into opcoes (num_exame, num_questao, letra_opcao, texto)
values(14, 54, 'A', 'Poderá ser impetrado somente por pessoa física, não sendo cabível para tutelar direito de pessoa jurídica de direito privado.');
insert into opcoes (num_exame, num_questao, letra_opcao, texto)
values(14, 54, 'B', 'Indeferida a petição inicial pelo juiz de primeiro grau, o impetrante poderá interpor recurso de apelação.');
insert into opcoes (num_exame, num_questao, letra_opcao, texto)
values(14, 54, 'C', 'Admite-se o ingresso de litisconsorte ativo até que se esgote o prazo para a autoridade coatora prestar informações.');
insert into opcoes (num_exame, num_questao, letra_opcao, texto)
values(14, 54, 'D', 'Não se admite, em qualquer hipótese, a impetração de Mandado de Segurança por telegrama, radiograma, fax ou qualquer outro meio eletrônico.');
insert into questoes (num_exame, num_questao, enunciado, opcao_correta)
values(14, 55, 'O direito processual brasileiro, em sua origem, possuía um caráter eminentemente individualista, estando filiado às tradições dos ordenamentos de linha romano-germânica. Posteriormente, fruto da evolução social e das transformações provocadas pelas descobertas científicas e tecnológicas, observou-se uma massificação das relações interpessoais, que contribuiu, de forma determinante, para o desenvolvimento da tutela dos direitos e interesses coletivos. Sobre o tema, assinale a opção correta.', 'A');
insert into opcoes (num_exame, num_questao, letra_opcao, texto)
values(14, 55, 'A', 'Nas ações coletivas intentadas para a defesa de interesses ou direitos individuais homogêneos, a sentença sempre produzirá efeitos inter partes, atingindo apenas os sujeitos que integram aquela determinada relação processual.');
insert into opcoes (num_exame, num_questao, letra_opcao, texto)
values(14, 55, 'B', 'A Defensoria Pública possui legitimidade ativa para a propositura de Ação Civil Pública.');
insert into opcoes (num_exame, num_questao, letra_opcao, texto)
values(14, 55, 'C', 'Apesar de a doutrina mencionar a existência do microssistema da tutela coletiva, a Lei n. 4.717/65, por trazer regras e procedimentos de natureza específica, prevê expressamente que jamais será aplicado subsidiariamente o Código de Processo Civil à Ação Popular.');
insert into opcoes (num_exame, num_questao, letra_opcao, texto)
values(14, 55, 'D', 'Os órgãos públicos legitimados, no âmbito das Ações Civis Públicas, poderão celebrar, com os interessados, Termo de Ajustamento de Conduta (TA');
insert into questoes (num_exame, num_questao, enunciado, opcao_correta)
values(14, 56, 'Juliana e Marcos são casados sob o regime da comunhão parcial de bens. Entretanto, tornada impossível a vida em comum e diante da existência de filhos menores do casal, ingressam com ação de divórcio perante a Vara de Família e Sucessões competente para a apreciação do litígio. No curso da demanda judicial, um dos cônjuges vem a falecer. Considerando a hipótese narrada, assinale a opção correta.', 'A');
insert into opcoes (num_exame, num_questao, letra_opcao, texto)
values(14, 56, 'A', 'O processo será extinto sem resolução do mérito, na forma do Art. 267, inciso IX, do Código de Processo Civil, pois, tratando-se de direito personalíssimo, a ação é intransmissível.');
insert into opcoes (num_exame, num_questao, letra_opcao, texto)
values(14, 56, 'B', 'O processo deverá ser suspenso pelo prazo de 30 (trinta) dias, de modo a criar oportunidade à sucessão processual do cônjuge falecido por seus herdeiros legítimos.');
insert into opcoes (num_exame, num_questao, letra_opcao, texto)
values(14, 56, 'C', 'Diante do falecimento de um dos cônjuges no curso da ação de divórcio, deverá o juiz efetuar o julgamento da lide no estado em que se encontra, acolhendo a pretensão autoral.');
insert into opcoes (num_exame, num_questao, letra_opcao, texto)
values(14, 56, 'D', 'Com o falecimento de uma das partes na ação de divórcio, resolve-se o processo sem resolução do mérito, operando- se o fenômeno processual da confusão entre o autor e réu, conforme Art. 267, X, do CPC.');
insert into questoes (num_exame, num_questao, enunciado, opcao_correta)
values(14, 57, 'Lino ajuizou ação de cobrança pelo rito ordinário em face de Paulo, pleiteando o pagamento de R$ 100.000,00 (cem mil reais). Em contestação, Paulo alegou pagamento integral da dívida, juntando aos autos diversos recibos. Em resposta à peça de defesa, Lino arguiu a falsidade dos recibos apresentados por Paulo. Considerando as regras sobre a arguição de falsidade previstas no Código de Processo Civil, assinale a opção correta.', 'A');
insert into opcoes (num_exame, num_questao, letra_opcao, texto)
values(14, 57, 'A', 'Lino poderia arguir o incidente de falsidade em qualquer tempo, bem como o grau de jurisdição, por não haver preclusão.');
insert into opcoes (num_exame, num_questao, letra_opcao, texto)
values(14, 57, 'B', 'No incidente de falsidade instaurado, Paulo será dispensado de intimação para se manifestar, uma vez que o procedimento não está submetido ao contraditório.');
insert into opcoes (num_exame, num_questao, letra_opcao, texto)
values(14, 57, 'C', 'Será dispensado o exame pericial dos recibos juntados aos autos se Paulo concordar em retirá-los e Lino não se opuser ao desentranhamento.');
insert into opcoes (num_exame, num_questao, letra_opcao, texto)
values(14, 57, 'D', 'O incidente de falsidade suscitado por Lino será processado em apenso aos autos principais, uma vez que o Código de Processo Civil expressamente determina aplicação subsidiária do procedimento estabelecido às exceções de impedimento e suspeição.');
insert into questoes (num_exame, num_questao, enunciado, opcao_correta)
values(14, 58, 'Os irmãos Rafael e Daniela são proprietários de um imóvel na Av. São Sebastião, n. 20. Eles realizaram um contrato de locação com Joana, estudante, por prazo indeterminado. Após três anos de vigência de contrato, devido aos grandes eventos internacionais na cidade, os irmãos propuseram uma ação revisional de aluguel, tendo em vista a valorização constatada na área em que fica o imóvel. A partir da hipótese sugerida, assinale a opção correta.', 'A');
insert into opcoes (num_exame, num_questao, letra_opcao, texto)
values(14, 58, 'A', 'Trata-se de litisconsórcio ativo facultativo unitário, uma vez que há solidariedade entre os irmãos, o que faz com que um deles, sozinho, possa ajuizar a ação, tendo a decisão efeito para ambos.');
insert into opcoes (num_exame, num_questao, letra_opcao, texto)
values(14, 58, 'B', 'Trata-se de litisconsórcio passivo multitudinário, pois a ação revisional, se procedente, alterará o valor da locação para todo e qualquer candidato à locação.');
insert into opcoes (num_exame, num_questao, letra_opcao, texto)
values(14, 58, 'C', 'Trata-se de litisconsórcio ativo facultativo simples, pois no lugar de uma única ação, cada irmão pode entrar com uma ação revisional diferente para atualizar o valor do imóvel, e as duas correrão normalmente, em separado.');
insert into opcoes (num_exame, num_questao, letra_opcao, texto)
values(14, 58, 'D', 'Trata-se de litisconsórcio ativo necessário unitário, uma vez que a lei assim o exige e a decisão do juiz será a mesma para os dois irmãos.');
insert into questoes (num_exame, num_questao, enunciado, opcao_correta)
values(14, 59, 'Jaime, candidato à prefeitura da cidade X, durante o horário de propaganda eleitoral em rede televisiva, proferiu as seguintes palavras: “O atual prefeito e candidato à reeleição, que se mostra defensor da família, posando com esposa e filhos para fotos, foi flagrado na semana passada entrando em um motel com uma prostituta! É esse tipo de governante que você quer?”. A partir do caso exposto, assinale a opção que indica o delito praticado por Jaime.', 'A');
insert into opcoes (num_exame, num_questao, letra_opcao, texto)
values(14, 59, 'A', 'Difamação, previsto no Código Eleitoral.');
insert into opcoes (num_exame, num_questao, letra_opcao, texto)
values(14, 59, 'B', 'Difamação, previsto no Código Penal.');
insert into opcoes (num_exame, num_questao, letra_opcao, texto)
values(14, 59, 'C', 'Injúria, previsto no Código Eleitoral.');
insert into opcoes (num_exame, num_questao, letra_opcao, texto)
values(14, 59, 'D', 'Injúria, previsto no Código Penal.');
insert into questoes (num_exame, num_questao, enunciado, opcao_correta)
values(14, 60, 'José, mestre de obras, foi contratado para realizar a reforma de um escritório no centro da cidade de Niterói. Durante a reforma, José, sem analisar a planta do edifício, derruba uma parede do escritório, com o intuito de unir duas salas contíguas. Dois dias após a derrubada da parede, o prédio desaba, e, no desabamento, morre uma pessoa que estava no local na hora da queda. A perícia consegue apurar que a queda foi provocada pela obra realizada por José, que não poderia derrubar a parede, pois esta seria estrutural no edifício. Diante dos fatos narrados, assinale a opção que indica a responsabilidade penal de José.', 'A');
insert into opcoes (num_exame, num_questao, letra_opcao, texto)
values(14, 60, 'A', 'Desabamento doloso em concurso formal com o crime de homicídio doloso.');
insert into opcoes (num_exame, num_questao, letra_opcao, texto)
values(14, 60, 'B', 'Desabamento doloso em concurso material com o crime de homicídio culposo.');
insert into opcoes (num_exame, num_questao, letra_opcao, texto)
values(14, 60, 'C', 'Desabamento culposo, circunstanciado pela causa de aumento de pena em razão da morte culposa da vítima.');
insert into opcoes (num_exame, num_questao, letra_opcao, texto)
values(14, 60, 'D', 'Desabamento culposo, circunstanciado pela causa de aumento de pena em razão da morte dolosa da vítima.');
insert into questoes (num_exame, num_questao, enunciado, opcao_correta)
values(14, 61, 'Isadora, mãe da adolescente Larissa, de 12 anos de idade, saiu um pouco mais cedo do trabalho e, ao chegar à sua casa, da janela da sala, vê seu companheiro, Frederico, mantendo relações sexuais com sua filha no sofá. Chocada com a cena, não teve qualquer reação. Não tendo sido vista por ambos, Isadora decidiu, a partir de então, chegar à sua residência naquele mesmo horário e verificou que o fato se repetia por semanas. Isadora tinha efetiva ciência dos abusos perpetrados por Frederico, porém, muito apaixonada por ele, nada fez. Assim, Isadora, sabendo dos abusos cometidos por seu companheiro contra sua filha, deixa de agir para impedi-los. Nesse caso, é correto afirmar que o crime cometido por Isadora é', 'A');
insert into opcoes (num_exame, num_questao, letra_opcao, texto)
values(14, 61, 'A', 'omissivo impróprio.');
insert into opcoes (num_exame, num_questao, letra_opcao, texto)
values(14, 61, 'B', 'omissivo próprio.');
insert into opcoes (num_exame, num_questao, letra_opcao, texto)
values(14, 61, 'C', 'comissivo.');
insert into opcoes (num_exame, num_questao, letra_opcao, texto)
values(14, 61, 'D', 'omissivo por comissão.');
insert into questoes (num_exame, num_questao, enunciado, opcao_correta)
values(14, 62, 'Wallace, hemofílico, foi atingido por um golpe de faca em uma região não letal do corpo. Júlio, autor da facada, que não tinha dolo de matar, mas sabia da condição de saúde específica de Wallace, sai da cena do crime sem desferir outros golpes, estando Wallace ainda vivo. No entanto, algumas horas depois, Wallace morre, pois, apesar de a lesão ser em local não letal, sua condição fisiológica agravou o seu estado de saúde. Acerca do estudo da relação de causalidade, assinale a opção correta.', 'A');
insert into opcoes (num_exame, num_questao, letra_opcao, texto)
values(14, 62, 'A', 'O fato de Wallace ser hemofílico é uma causa relativamente independente preexistente, e Júlio não deve responder por homicídio culposo, mas, sim, por lesão corporal seguida de morte.');
insert into opcoes (num_exame, num_questao, letra_opcao, texto)
values(14, 62, 'B', 'O fato de Wallace ser hemofílico é uma causa absolutamente independente preexistente, e Júlio não deve responder por homicídio culposo, mas, sim, por lesão corporal seguida de morte.');
insert into opcoes (num_exame, num_questao, letra_opcao, texto)
values(14, 62, 'C', 'O fato de Wallace ser hemofílico é uma causa absolutamente independente concomitante, e Júlio deve responder por homicídio culposo.');
insert into opcoes (num_exame, num_questao, letra_opcao, texto)
values(14, 62, 'D', 'O fato de Wallace ser hemofílico é uma causa relativamente independente concomitante, e Júlio não deve responder pela lesão corporal seguida de morte, mas, sim, por homicídio culposo.');
insert into questoes (num_exame, num_questao, enunciado, opcao_correta)
values(14, 63, 'O Presidente da República, diante da nova onda de protestos, decide, por meio de medida provisória, criar um novo tipo penal para coibir os atos de vandalismo. A medida provisória foi convertida em lei, sem impugnações. Com base nos dados fornecidos, assinale a opção correta.', 'A');
insert into opcoes (num_exame, num_questao, letra_opcao, texto)
values(14, 63, 'A', 'Não há ofensa ao princípio da reserva legal na criação de tipos penais por meio de medida provisória, quando convertida em lei.');
insert into opcoes (num_exame, num_questao, letra_opcao, texto)
values(14, 63, 'B', 'Não há ofensa ao princípio da reserva legal na criação de tipos penais por meio de medida provisória, pois houve avaliação prévia do Congresso Nacional.');
insert into opcoes (num_exame, num_questao, letra_opcao, texto)
values(14, 63, 'C', 'Há ofensa ao princípio da reserva legal, pois não é possível a criação de tipos penais por meio de medida provisória.');
insert into opcoes (num_exame, num_questao, letra_opcao, texto)
values(14, 63, 'D', 'Há ofensa ao princípio da reserva legal, pois não cabe ao Presidente da República a iniciativa de lei em matéria penal.');
insert into questoes (num_exame, num_questao, enunciado, opcao_correta)
values(14, 64, 'Eslow, holandês e usuário de maconha, que nunca antes havia feito uma viagem internacional, veio ao Brasil para a Copa do Mundo. Assistindo ao jogo Holanda x Brasil decidiu, diante da tensão, fumar um cigarro de maconha nas arquibancadas do estádio. Imediatamente, os policiais militares de plantão o prenderam e o conduziram à Delegacia de Polícia. Diante do Delegado de Polícia, Eslow, completamente assustado, afirma que não sabia que no Brasil a utilização de pequena quantidade de maconha era proibida, pois, no seu país, é um habito assistir a jogos de futebol fumando maconha. Sobre a hipótese apresentada, assinale a opção que apresenta a principal tese defensiva.', 'A');
insert into opcoes (num_exame, num_questao, letra_opcao, texto)
values(14, 64, 'A', 'Eslow está em erro de tipo essencial escusável, razão pela qual deve ser absolvido.');
insert into opcoes (num_exame, num_questao, letra_opcao, texto)
values(14, 64, 'B', 'Eslow está em erro de proibição direto inevitável, razão pela qual deve ser isento de pena.');
insert into opcoes (num_exame, num_questao, letra_opcao, texto)
values(14, 64, 'C', 'Eslow está em erro de tipo permissivo escusável, razão pela qual deve ser punido pelo crime culposo.');
insert into opcoes (num_exame, num_questao, letra_opcao, texto)
values(14, 64, 'D', 'Eslow está em erro de proibição, que importa em crime impossível, razão pela qual deve ser absolvido.');
insert into questoes (num_exame, num_questao, enunciado, opcao_correta)
values(14, 65, 'O Delegado de Polícia, desconfiado de que Fabiano é o líder de uma quadrilha que realiza assaltos à mão armada na região, decide, com a sua equipe, realizar uma interceptação telefônica sem autorização judicial. Durante algumas semanas, escutaram diversas conversas, por meio das quais descobriram o local onde a res furtiva era armazenada para posterior revenda. Com essa informação, o Delegado de Polícia representou pela busca e apreensão a ser realizada na residência suspeita, sendo tal diligência autorizada pelo Juízo competente. Munidos do mandado de busca e apreensão, ingressam na residência encontrando diversos objetos fruto de roubo, como joias, celulares, documentos de identidade etc., tudo conforme indicou a interceptação telefônica. Assim, Fabiano foi conduzido à Delegacia, onde se registrou a ocorrência. Acerca do caso narrado, assinale a opção correta.', 'A');
insert into opcoes (num_exame, num_questao, letra_opcao, texto)
values(14, 65, 'A', 'A realização da busca e apreensão é admissível, tendo em vista que houve autorização prévia do juízo competente, existindo justa causa para ajuizamento da ação penal.');
insert into opcoes (num_exame, num_questao, letra_opcao, texto)
values(14, 65, 'B', 'A realização da busca e apreensão é admissível, apesar da interceptação telefônica ter sido realizada sem autorização judicial, existindo justa causa para ajuizamento da ação penal.');
insert into opcoes (num_exame, num_questao, letra_opcao, texto)
values(14, 65, 'C', 'A realização da busca e apreensão não é admissível porque houve representação do Delegado de Polícia, não existindo justa causa para o ajuizamento da ação penal.');
insert into opcoes (num_exame, num_questao, letra_opcao, texto)
values(14, 65, 'D', 'A realização da busca e apreensão não é admissível, pois derivou de uma interceptação telefônica ilícita, aplicando- se a teoria dos frutos da árvore envenenada, não existindo justa causa para o ajuizamento da ação penal.');
insert into questoes (num_exame, num_questao, enunciado, opcao_correta)
values(14, 66, 'Eduardo foi denunciado pelo crime de estupro de vulnerável. Durante a instrução, negou a autoria do crime, afirmando estar, na época dos fatos, no município “C”, distante dois quilômetros do local dos fatos. Como a afirmativa não foi corroborada por outros elementos de convicção, o Juiz entendeu que a palavra da vítima deveria ser considerada, condenando Eduardo. A defesa recorreu, mas após longo debate nos Tribunais Superiores, a decisão transitou em julgado desfavoravelmente ao réu. Eduardo dirigiu-se, então, ao município “C”, em busca de provas que pudessem apontar a sua inocência, e, depois de muito procurar, conseguiu as filmagens de um estabelecimento comercial, que estavam esquecidas em um galpão velho. Nas filmagens, Eduardo aparece comprando lanche em uma padaria. Com a prova em mãos, procura seu advogado. Assinale a opção que apresenta a providência a ser adotada pelo advogado de Eduardo.', 'A');
insert into opcoes (num_exame, num_questao, letra_opcao, texto)
values(14, 66, 'A', 'O advogado deve ingressar com agravo em execução, pois Eduardo descobriu uma prova que atesta a sua inocência de forma inconteste.');
insert into opcoes (num_exame, num_questao, letra_opcao, texto)
values(14, 66, 'B', 'O advogado deve ingressar com revisão criminal, pois Eduardo descobriu uma prova que atesta a sua inocência de forma inconteste.');
insert into opcoes (num_exame, num_questao, letra_opcao, texto)
values(14, 66, 'C', 'O advogado deve ingressar com reclamação constitucional, pois Eduardo descobriu uma prova que atesta a sua inocência de forma inconteste.');
insert into opcoes (num_exame, num_questao, letra_opcao, texto)
values(14, 66, 'D', 'O advogado deve ingressar com ação de habeas corpus, pois Eduardo descobriu uma prova que atesta a sua inocência de forma inconteste.');
insert into questoes (num_exame, num_questao, enunciado, opcao_correta)
values(14, 67, 'Wilson está sendo regularmente processado pela prática do crime de furto. Durante a instrução criminal, entretanto, as testemunhas foram uníssonas ao afirmar que, para a subtração, Wilson utilizou-se de grave ameaça, exercida por meio de uma faca. A partir do caso narrado, assinale a opção correta.', 'A');
insert into opcoes (num_exame, num_questao, letra_opcao, texto)
values(14, 67, 'A', 'A hipótese é de emendatio libelli e o juiz deve absolver o réu relativamente ao crime que lhe foi imputado.');
insert into opcoes (num_exame, num_questao, letra_opcao, texto)
values(14, 67, 'B', 'Não haverá necessidade de aditamento da inicial acusatória, haja vista o fato de que as alegações finais orais acontecem após a oitiva das testemunhas e, com isso, respeitam-se os princípios do contraditório e da ampla defesa.');
insert into opcoes (num_exame, num_questao, letra_opcao, texto)
values(14, 67, 'C', 'A hipótese é de mutatio libelli e, nos termos da lei, o Ministério Público deverá fazer o respectivo aditamento.');
insert into opcoes (num_exame, num_questao, letra_opcao, texto)
values(14, 67, 'D', 'Caso o magistrado entenda que deve ocorrer o aditamento da inicial acusatória, se o promotor de justiça e, recusar-se a fazê-lo, o juiz estará obrigado a absolver o réu da imputação que lhe foi originalmente atribuída.');
insert into questoes (num_exame, num_questao, enunciado, opcao_correta)
values(14, 68, 'Washington foi condenado à pena de 5 anos e 4 meses de reclusão e ao pagamento de 10 dias-multa pela prática do delito de roubo (Art. 157, do CP), em regime semiaberto, tendo iniciado o cumprimento da pena logo após a publicação da sentença condenatória. Decorrido certo lapso temporal, a defesa de Washington pleiteia a progressão de regime prisional ao argumento de que, com a remição de pena a que faz jus, já cumpriu a fração necessária para ser agraciado com o avanço prisional, estando, assim, presente o requisito objetivo. Washington ostentaria, ainda, bom comportamento carcerário, atestado pelo diretor do estabelecimento prisional. Na decisão, o juiz a quo concedeu a progressão para o regime aberto, mediante a condição especial de prestação de serviços à comunidade (Art. 43, IV, do CP). De acordo com entendimento sumulado pelo Superior Tribunal de Justiça, assinale a opção correta.', 'A');
insert into opcoes (num_exame, num_questao, letra_opcao, texto)
values(14, 68, 'A', 'O magistrado não agiu corretamente, eis que é inadmissível a fixação de prestação de serviços à comunidade (Art. 43, IV, do CP) como condição especial para o regime aberto.');
insert into opcoes (num_exame, num_questao, letra_opcao, texto)
values(14, 68, 'B', 'O magistrado agiu corretamente, uma vez que é admissível a fixação de prestação de serviços à comunidade (Art. 43, IV, do CP) como condição especial para o regime aberto.');
insert into opcoes (num_exame, num_questao, letra_opcao, texto)
values(14, 68, 'C', 'O magistrado não agiu corretamente, tendo em vista que deveria ter fixado mais de uma pena substitutiva prevista no Art. 44, do CP, como condição especial para a concessão do regime aberto.');
insert into opcoes (num_exame, num_questao, letra_opcao, texto)
values(14, 68, 'D', 'O magistrado agiu corretamente, pois poderia estabelecer qualquer condição como requisito para a concessão do regime aberto.');
insert into questoes (num_exame, num_questao, enunciado, opcao_correta)
values(14, 69, 'Fábio, vítima de calúnia realizada por Renato e Abel, decide mover ação penal privada em face de ambos. Após o ajuizamento da ação, os autos são encaminhados ao Ministério Público, pois Fábio pretende desistir da ação penal privada movida apenas em face de Renato para prosseguir em face de Abel. Diante dos fatos narrados, assinale a opção correta.', 'A');
insert into opcoes (num_exame, num_questao, letra_opcao, texto)
values(14, 69, 'A', 'A ação penal privada é divisível; logo, Fábio poderá desistir da ação penal apenas em face de Renato.');
insert into opcoes (num_exame, num_questao, letra_opcao, texto)
values(14, 69, 'B', 'A ação penal privada é indivisível; logo, Fábio não poderá desistir da ação penal apenas em face de Renato.');
insert into opcoes (num_exame, num_questao, letra_opcao, texto)
values(14, 69, 'C', 'A ação penal privada é obrigatória, por conta do princípio da obrigatoriedade da ação penal.');
insert into opcoes (num_exame, num_questao, letra_opcao, texto)
values(14, 69, 'D', 'A ação penal privada é indisponível; logo, Fábio não poderá desistir da ação penal apenas em face de Renato.');
insert into questoes (num_exame, num_questao, enunciado, opcao_correta)
values(14, 70, 'Jefferson é balconista numa loja e, por determinação do empregador e necessidade do serviço, precisou trabalhar 8 horas em um domingo. Agora Jefferson fará, na mesma semana, a compensação dessas horas. Sobre essa situação, assinale a opção correta.', 'A');
insert into opcoes (num_exame, num_questao, letra_opcao, texto)
values(14, 70, 'A', 'Uma vez que as horas foram prestadas no dia de domingo, a compensação deverá ser feita em dobro, ou seja, em 16 horas.');
insert into opcoes (num_exame, num_questao, letra_opcao, texto)
values(14, 70, 'B', 'Por imposição legal, as horas devidas devem ser compensadas e pagas ao trabalhador, com acréscimo de 100%, em função do seu sacrifício.');
insert into opcoes (num_exame, num_questao, letra_opcao, texto)
values(14, 70, 'C', 'A compensação deve ser feita pela hora simples (8 horas), pois não deve ser confundida com o pagamento, que, no caso, receberia acréscimo de 100%.');
insert into opcoes (num_exame, num_questao, letra_opcao, texto)
values(14, 70, 'D', 'Se a empresa estivesse em dificuldade financeira e não quisesse realizar a compensação, poderia criar um banco de horas extras diretamente com o empregado, e lançar nelas as horas extraordinárias.');
insert into questoes (num_exame, num_questao, enunciado, opcao_correta)
values(14, 71, 'Em 2012, Maria Júlia foi contratada como estagiária de direito em uma empresa pública federal, que explora atividade bancária. Sua tarefa consistia em permanecer parte do tempo em um caixa para receber o pagamento de contas de água, luz e telefone e, na outra parte, no auxílio de pessoas com dificuldade no uso dos caixas eletrônicos. Com base na hipótese, assinale a opção correta.', 'A');
insert into opcoes (num_exame, num_questao, letra_opcao, texto)
values(14, 71, 'A', 'Trata-se de estágio desvirtuado que, assim, gerará como consequência o reconhecimento do vínculo empregatício com a empresa, com anotação da CTPS e pagamento de todos os direitos devidos.');
insert into opcoes (num_exame, num_questao, letra_opcao, texto)
values(14, 71, 'B', 'Diante da situação, o Juiz do Trabalho poderá determinar que o administrador responsável pelo desvirtuamento do estágio pague diretamente uma indenização a Maria Júlia, haja vista o princípio constitucional da moralidade.');
insert into opcoes (num_exame, num_questao, letra_opcao, texto)
values(14, 71, 'C', 'Não há desvirtuamento de estágio porque, tratando-se a concedente de uma instituição bancária, a atividade de recebimento de contas e auxílio a clientes está inserida na atividade do estagiário.');
insert into opcoes (num_exame, num_questao, letra_opcao, texto)
values(14, 71, 'D', 'Não é possível o reconhecimento do vínculo empregatício, haja vista a natureza jurídica daquele que concedeu o estágio, que exige a prévia aprovação em concurso público.');
insert into questoes (num_exame, num_questao, enunciado, opcao_correta)
values(14, 72, 'Jerônimo trabalha na Metalúrgica Pereira como soldador, com a seguinte jornada: de 2ª a 6ª-feira, das 9h às 18h, com quatro intervalos diários de quinze minutos, destinados à alimentação (das 9h45min às 10h, das 11h45min às 12h, das 14h45min às 15h e das 16h30min às 16h45min). Na hipótese em questão, de acordo com o entendimento sumulado do TST,', 'A');
insert into opcoes (num_exame, num_questao, letra_opcao, texto)
values(14, 72, 'A', 'o intervalo intrajornada mínimo de uma hora foi respeitado, daí porque não há horas extras a pagar.');
insert into opcoes (num_exame, num_questao, letra_opcao, texto)
values(14, 72, 'B', 'o empregado terá direito ao pagamento de uma hora extra diária pela concessão inadequada da pausa alimentar.');
insert into opcoes (num_exame, num_questao, letra_opcao, texto)
values(14, 72, 'C', 'a possibilidade de fracionamento do intervalo intrajornada em 4 períodos depende de autorização do Ministério do Trabalho e Emprego.');
insert into opcoes (num_exame, num_questao, letra_opcao, texto)
values(14, 72, 'D', 'se o fracionamento ou a supressão do intervalo estivessem previstos em convenção coletiva, a empresa estaria dispensada de pagar a hora extra.');
insert into questoes (num_exame, num_questao, enunciado, opcao_correta)
values(14, 73, 'O novo prefeito de Tribobó do Oeste decidiu contratar quatro coveiros para o cemitério público da cidade, o que fez diretamente pelo regime celetista, sem a realização de concurso público. Após um ano de trabalho, os coveiros foram dispensados e ajuizaram reclamação trabalhista, postulando férias vencidas mais 1/3, aviso prévio, 13º salário e depósitos do FGTS, já que sempre receberam os salários em dia. Assinale a opção que contempla a(s) verba(s) de direito a que os coveiros efetivamente fazem jus.', 'A');
insert into opcoes (num_exame, num_questao, letra_opcao, texto)
values(14, 73, 'A', 'Todas as verbas indicadas, pois decorrem do contrato de trabalho celetista.');
insert into opcoes (num_exame, num_questao, letra_opcao, texto)
values(14, 73, 'B', 'Aviso prévio, 13º salário e FGTS, por terem efetivo cunho rescisório.');
insert into opcoes (num_exame, num_questao, letra_opcao, texto)
values(14, 73, 'C', 'Apenas os depósitos de FGTS.');
insert into opcoes (num_exame, num_questao, letra_opcao, texto)
values(14, 73, 'D', 'Apenas os depósitos de FGTS e férias vencidas mais 1/3, por ter o FGTS natureza salarial e as férias serem direito adquirido pelo ano trabalhado.');
insert into questoes (num_exame, num_questao, enunciado, opcao_correta)
values(14, 74, 'Dentre as opções listadas a seguir, assinale aquela que indica o empregado que já tem os dias de repouso remunerados em seu salário, sem que haja o acréscimo da remuneração do seu repouso semanal.', 'A');
insert into opcoes (num_exame, num_questao, letra_opcao, texto)
values(14, 74, 'A', 'Germano, que é empregado horista.');
insert into opcoes (num_exame, num_questao, letra_opcao, texto)
values(14, 74, 'B', 'Gabriela, que é empregada diarista.');
insert into opcoes (num_exame, num_questao, letra_opcao, texto)
values(14, 74, 'C', 'Robson, que é empregado mensalista.');
insert into opcoes (num_exame, num_questao, letra_opcao, texto)
values(14, 74, 'D', 'Diego, que é empregado comissionista puro.');
insert into questoes (num_exame, num_questao, enunciado, opcao_correta)
values(14, 75, 'Joana trabalha numa empresa que se dedica a dar assessoria àqueles que desejam emagrecer. Em razão de problemas familiares, Joana foi acometida por um distúrbio alimentar e engordou 30 quilos. Em razão disso, a empresa afirmou que agora ela não mais apresentava o perfil desejado para o atendimento aos clientes, já que deveria ser o primeiro exemplo para eles, de modo que a dispensou sem justa causa. De acordo com a situação retratada e diante do comando legal, assinale a opção correta:', 'A');
insert into opcoes (num_exame, num_questao, letra_opcao, texto)
values(14, 75, 'A', 'O empregador tem o direito potestativo de dispensar a empregada sem justa causa, contanto que pague a indenização prevista em Lei.');
insert into opcoes (num_exame, num_questao, letra_opcao, texto)
values(14, 75, 'B', 'A situação retrata dispensa discriminatória, ensejando, então, obrigatoriamente, a reintegração da obreira.');
insert into opcoes (num_exame, num_questao, letra_opcao, texto)
values(14, 75, 'C', 'A situação retrata dispensa discriminatória, podendo a empregada optar entre o retorno ou a indenização em dobro do período de afastamento.');
insert into opcoes (num_exame, num_questao, letra_opcao, texto)
values(14, 75, 'D', 'A situação retrata dispensa discriminatória, ensejando, então, obrigatoriamente, a indenização do período de estabilidade.');
insert into questoes (num_exame, num_questao, enunciado, opcao_correta)
values(14, 76, 'Determinada audiência, designada para as 10h, só teve início às 12h, ocasião em que o preposto e o advogado da empresa já tinham se ausentado. A pauta de audiências fora pontualmente iniciada pelo juiz; porém, a complexidade de processos e depoimentos gerou atrasos substanciais. A partir da situação sugerida, assinale a opção correta.', 'A');
insert into opcoes (num_exame, num_questao, letra_opcao, texto)
values(14, 76, 'A', 'Não haverá a revelia, pois o atraso do juiz está limitado a 15 minutos, podendo as parte se retirar.');
insert into opcoes (num_exame, num_questao, letra_opcao, texto)
values(14, 76, 'B', 'Diante do atraso, o juiz deverá adiar a audiência, já que a parte ré está ausente, mas se fez presente no horário inicial.');
insert into opcoes (num_exame, num_questao, letra_opcao, texto)
values(14, 76, 'C', 'O juiz deverá aguardar a parte ausente por 15 minutos, pelo princípio da reciprocidade.');
insert into opcoes (num_exame, num_questao, letra_opcao, texto)
values(14, 76, 'D', 'A audiência deverá ser realizada normalmente, cabendo a aplicação da revelia e confissão à parte ré.');
insert into questoes (num_exame, num_questao, enunciado, opcao_correta)
values(14, 77, 'Em ação que tramitou sob o procedimento sumaríssimo, o juiz decidiu determinado pedido de forma contrária ao disposto em orientação jurisprudencial do TST. Em sede de recurso ordinário, com o mesmo fundamento, o TRT manteve a decisão de primeiro grau. Diante disso, a parte entendeu por bem interpor recurso de revista. A partir do caso apresentado, assinale a opção correta.', 'A');
insert into opcoes (num_exame, num_questao, letra_opcao, texto)
values(14, 77, 'A', 'O recurso de revista não deverá ser admitido, pois o fundamento da decisão não é contrário à Constituição Federal ou à Súmula do TST.');
insert into opcoes (num_exame, num_questao, letra_opcao, texto)
values(14, 77, 'B', 'É cabível o recurso, pois a decisão é contrária ao entendimento do TST.');
insert into opcoes (num_exame, num_questao, letra_opcao, texto)
values(14, 77, 'C', 'O recurso de revista é incabível no procedimento sumaríssimo. Logo, não deverá ser admitido.');
insert into opcoes (num_exame, num_questao, letra_opcao, texto)
values(14, 77, 'D', 'Deverá ser admitido o recurso de revista, em razão do princípio do duplo grau de jurisdição obrigatório.');
insert into questoes (num_exame, num_questao, enunciado, opcao_correta)
values(14, 78, 'Plínio, empregado da Padaria Pão Bom Ltda., insatisfeito com o trabalho, procurou seu empregador pedindo para ser mandado embora. O empregador aceitou a proposta, desde que tudo fosse realizado por intermédio de um acordo na Justiça do Trabalho, motivo pelo qual foi elaborada ação trabalhista pedindo verbas rescisórias. No dia da audiência, as partes disseram que se conciliaram, mas o juiz, ao indagar Plínio, compreendeu o que estava ocorrendo e decidiu não homologar o acordo. Para a hipótese, assinale a opção correta.', 'A');
insert into opcoes (num_exame, num_questao, letra_opcao, texto)
values(14, 78, 'A', 'Plínio deverá impetrar Mandado de Segurança para obter a homologação do acordo.');
insert into opcoes (num_exame, num_questao, letra_opcao, texto)
values(14, 78, 'B', 'A homologação do acordo é faculdade do juiz, que poderá não homologá-lo.');
insert into opcoes (num_exame, num_questao, letra_opcao, texto)
values(14, 78, 'C', 'Sendo a conciliação um princípio do processo do trabalho, deverá o processo ser remetido para outra Vara para homologação por outro juiz.');
insert into opcoes (num_exame, num_questao, letra_opcao, texto)
values(14, 78, 'D', 'Plínio deverá interpor reclamação correicional para obter a homologação do acordo.');
insert into questoes (num_exame, num_questao, enunciado, opcao_correta)
values(14, 79, 'Geraldo requereu na sua petição inicial, e teve deferida, a concessão de tutela antecipada para sua imediata reintegração, haja vista ser dirigente sindical. O ex- empregador, cientificado, impetrou Mandado de Segurança, no qual obteve liminar revogando a tutela antecipada concedida. Logo depois, a reclamação trabalhista de Geraldo foi instruída na Vara do Trabalho e encaminhada para sentença, que julgou procedente o pedido, tendo o juiz concedido novamente a tutela antecipada, agora na sentença. Diante do quadro retratado, de acordo com o entendimento sumulado pelo TST, assinale a opção correta.', 'A');
insert into opcoes (num_exame, num_questao, letra_opcao, texto)
values(14, 79, 'A', 'O juiz poderia conceder a tutela na sentença, e, nesse caso, o Mandado de Segurança perde o objeto.');
insert into opcoes (num_exame, num_questao, letra_opcao, texto)
values(14, 79, 'B', 'O Juiz não poderia conceder novamente a tutela antecipada, haja vista que ela havia sido revogada pelo Tribunal.');
insert into opcoes (num_exame, num_questao, letra_opcao, texto)
values(14, 79, 'C', 'Se a tutela antecipada foi revogada, somente havendo autorização do TRT ela poderia ser revigorada, de modo que o juiz subverteu a ordem processual vigente, cabendo reclamação correicional.');
insert into opcoes (num_exame, num_questao, letra_opcao, texto)
values(14, 79, 'D', 'Poderá a parte ré impetrar novo mandado de segurança, agora contra a tutela antecipada concedida na sentença.');
insert into questoes (num_exame, num_questao, enunciado, opcao_correta)
values(14, 80, 'Sandro Vieira ajuizou reclamação trabalhista contra a empresa Trianon Bebidas e Energéticos Ltda. pleiteando o pagamento de horas extras, pois alegou trabalhar de 2ª feira a sábado, das 9h às 19h, com intervalo de uma hora para refeição. Em defesa, a ré negou a jornada descrita na petição inicial, mas não juntou os controles de ponto. Em audiência, ao ser interrogado, o preposto informou que a ré possuía 18 empregados no estabelecimento. Diante da situação retratada, e considerando o entendimento consolidado do TST, assinale a opção correta.', 'A');
insert into opcoes (num_exame, num_questao, letra_opcao, texto)
values(14, 80, 'A', 'Aplica-se a pena de confissão pela ausência de juntada dos controles, sendo então considerada verdadeira a jornada da petição inicial, na qual o juiz irá se basear na condenação de horas extras.');
insert into opcoes (num_exame, num_questao, letra_opcao, texto)
values(14, 80, 'B', 'Haverá inversão do ônus da prova, que passará a ser da empresa, prevalecendo a jornada da inicial se dele não se desincumbir com sucesso.');
insert into opcoes (num_exame, num_questao, letra_opcao, texto)
values(14, 80, 'C', 'Diante do impasse, e considerando que, com menos de 20 empregados, a empresa não é obrigada a manter controle escrito dos horários de entrada e saída dos empregados, o juiz decidirá a quem competirá o ônus da prova.');
insert into opcoes (num_exame, num_questao, letra_opcao, texto)
values(14, 80, 'D', 'A falta de controle quando a empresa possui mais de 10 empregados é situação juridicamente imperdoável, o que autoriza o indeferimento da oitiva das testemunhas da empresa porventura presentes à audiência.');
commit;
insert into exames (num_exame, url_exame, url_gabarito, data)
values(15, 'https://dpmzos25m8ivg.cloudfront.net/513/20141116074254-CADERNO_TIPO_1_XV_EXAME.pdf', 'https://dpmzos25m8ivg.cloudfront.net/513/07012015084740_Gabaritos%20Definitivos.pdf', 'Sun Nov 16 00:00:00 BRST 2014');
insert into questoes (num_exame, num_questao, enunciado, opcao_correta)
values(15, 1, 'Abelardo é magistrado vinculado ao Tribunal de Justiça do Estado K e requer licença para tratamento de questões particulares, pelo prazo de três anos, o que foi deferido. Como, antes de assumir o referido cargo, era advogado regularmente inscrito nos quadros da OAB, requer o seu reingresso, comprovando o afastamento das funções judicantes. Nos termos do Estatuto da Advocacia, assinale a afirmativa correta.', 'A');
insert into opcoes (num_exame, num_questao, letra_opcao, texto)
values(15, 1, 'A', 'A incompatibilidade com a advocacia persiste aposentadoria do cargo efetivo.');
insert into opcoes (num_exame, num_questao, letra_opcao, texto)
values(15, 1, 'B', 'O afastamento temporário do cargo que gera a incompatibilidade permite inscrição provisória.');
insert into opcoes (num_exame, num_questao, letra_opcao, texto)
values(15, 1, 'C', 'A incompatibilidade permanece mesmo que ocorra o afastamento temporário do cargo.');
insert into opcoes (num_exame, num_questao, letra_opcao, texto)
values(15, 1, 'D', 'O afastamento do cargo incompatível permite a inscrição após um período de três anos.');
insert into questoes (num_exame, num_questao, enunciado, opcao_correta)
values(15, 2, 'Fred, jovem advogado, é contratado para prestar serviços na empresa BBO Ltda., que possui uma assessoria jurídica composta por cinco profissionais do Direito, orientados por uma gerência jurídica. Após cinco meses de intensa atividade, é concitado a formular parecer sobre determinado tema jurídico de interesse da empresa, tarefa que realiza, sendo seu entendimento subscrito pela gerência. Após dez meses do referido evento, o tema é reapresentado por um dos diretores da empresa, que, em via para outro estado, havia consultado um outro advogado. Diante dos novos argumentos, o gerente determina que Fred, o advogado parecerista, mesmo sem ter mudado de opinião, apresente petição inicial em confronto com o entendimento anteriormente preconizado. No caso, nos termos do Código de Ética da Advocacia, o advogado', 'A');
insert into opcoes (num_exame, num_questao, letra_opcao, texto)
values(15, 2, 'A', 'deve submeter-se à determinação da gerência jurídica.');
insert into opcoes (num_exame, num_questao, letra_opcao, texto)
values(15, 2, 'B', 'deve apresentar seu parecer ao conjunto de advogados para decisão.');
insert into opcoes (num_exame, num_questao, letra_opcao, texto)
values(15, 2, 'C', 'pode recusar-se a propor a ação diante do parecer anterior.');
insert into opcoes (num_exame, num_questao, letra_opcao, texto)
values(15, 2, 'D', 'pode opor-se e postular assessoria da OAB. 2 AME DE ORDEM UNIFICADO – TIPO 01 – BRANCA mesmo após gem realizada');
insert into questoes (num_exame, num_questao, enunciado, opcao_correta)
values(15, 3, 'Bernardo recebe comunicação do seu cliente Eduardo de que este havia desistido da causa que apresentara anteriormente, por motivo de viagem a trabalho, no exterior, em decorrência de transferência e promoção na sua empresa. Houve elaboração da petição inicial, contrato de prestação de serviços e recebimento adiantado de custas e honorários advocatícios. Nesse caso, nos termos do Código de Ética da Advocacia, deve o advogado', 'A');
insert into opcoes (num_exame, num_questao, letra_opcao, texto)
values(15, 3, 'A', 'devolver os honorários antecipados sem abater os custos do escritório.');
insert into opcoes (num_exame, num_questao, letra_opcao, texto)
values(15, 3, 'B', 'prestar contas ao cliente de forma pormenorizada.');
insert into opcoes (num_exame, num_questao, letra_opcao, texto)
values(15, 3, 'C', 'arquivar os documentos no escritório como forma de garantia.');
insert into opcoes (num_exame, num_questao, letra_opcao, texto)
values(15, 3, 'D', 'realizar contrato vinculando o cliente ao escritório.');
insert into questoes (num_exame, num_questao, enunciado, opcao_correta)
values(15, 4, 'Sobre a prescrição da pretensão punitiva das infrações disciplinares, assinale a afirmativa correta.', 'A');
insert into opcoes (num_exame, num_questao, letra_opcao, texto)
values(15, 4, 'A', 'A pretensão punitiva quanto às prescreve em cinco anos, contados da data da constatação oficial do fato, interrompendo processo disciplinar ou pela notificação válida do representado.');
insert into opcoes (num_exame, num_questao, letra_opcao, texto)
values(15, 4, 'B', 'A pretensão punitiva das infrações disciplinares prescreve em três anos, contados da data da constatação oficial do fato, interrompendo-se pela instauração de processo disciplinar ou pela notificação v');
insert into opcoes (num_exame, num_questao, letra_opcao, texto)
values(15, 4, 'C', 'A pretensão punitiva das infrações disciplinares é imprescritível.');
insert into opcoes (num_exame, num_questao, letra_opcao, texto)
values(15, 4, 'D', 'A pretensão punitiva das infrações disciplinares prescreve em cinco anos, contados da data da constatação oficial do fato, não havendo previsão legal de marco interru tal prazo prescricional.');
insert into questoes (num_exame, num_questao, enunciado, opcao_correta)
values(15, 5, 'Messias é advogado com mais de trinta anos de atuação profissional e deseja colaborar para o aperfeiçoamento da advocacia. O Presidente da Seccional onde possui inscrição principal sugere que ele participe da política associativa e lance sua candidatura a Conselheiro Federal. Observadas as regras do Estatuto da OAB, assinale a afirmativa correta.', 'A');
insert into opcoes (num_exame, num_questao, letra_opcao, texto)
values(15, 5, 'A', 'A eleição de Conselheiro Federal da OAB é indireta e secreta.');
insert into opcoes (num_exame, num_questao, letra_opcao, texto)
values(15, 5, 'B', 'O Conselheiro Federal da OAB integra uma das chapas concorrentes para as eleições seccionais.');
insert into opcoes (num_exame, num_questao, letra_opcao, texto)
values(15, 5, 'C', 'A indicação para o Conselho Federal é realizada pelo Colégio de Presidentes da OAB.');
insert into opcoes (num_exame, num_questao, letra_opcao, texto)
values(15, 5, 'D', 'O Conselheiro Federal é indicado livremente pelas Seccionais da OAB. infrações disciplinares -se pela instauração de álida do representado. ptivo de XV EX');
insert into questoes (num_exame, num_questao, enunciado, opcao_correta)
values(15, 6, 'O advogado Caio atuava representando os interesses do autor em determinada ação indenizatória há alguns anos. Antes da prolação da sentença, substabeleceu, com reserva, os poderes que lhe haviam sido outorgados pelo cliente, ao advogado Tício. Ao final, o pedido foi julgado procedente e o cliente de Caio e Tício recebeu a indenização pleiteada, ma repassou aos advogados os honorários de êxito contratados, estipulados em 30%. Caio, para evitar desgaste, preferiu não cobrar judicialmente os valores devidos pelo cliente. Tício, não concordando com a opção de Caio, decidiu, à revelia deste último, ingressar com a ação cabível, valendo do contrato de honorários celebrado entre Caio e o cliente. A partir do caso apresentado, assinale a afirmativa correta.', 'A');
insert into opcoes (num_exame, num_questao, letra_opcao, texto)
values(15, 6, 'A', 'Tício pode ajuizar tal ação, pois, embora não tivesse celebrado o contrato com o cliente, recebeu poderes de Caio para atuar na causa.');
insert into opcoes (num_exame, num_questao, letra_opcao, texto)
values(15, 6, 'B', 'Tício pode ajuizar tal ação, pois ingressou na causa antes da prolação da sentença, sendo, assim, igualmente responsável pelo êxito.');
insert into opcoes (num_exame, num_questao, letra_opcao, texto)
values(15, 6, 'C', 'Tício não pode ajuizar tal ação porque, como Caio e Tício não requereram o destaque dos honorários contratuais, ele não tem mais direito a recebê-los.');
insert into opcoes (num_exame, num_questao, letra_opcao, texto)
values(15, 6, 'D', 'Tício não pode ajuizar tal ação porque o advogado substabelecido com reserva de poderes não pode cobrar honorários sem a intervenção daquele que lhe conferiu o substabelecimento.');
insert into questoes (num_exame, num_questao, enunciado, opcao_correta)
values(15, 7, 'Antônio recebe Paulo, um antigo cliente do escritório de advocacia onde presta serviços. Após a entrevista, o preenchimento de relatório com os dados pessoais do cliente e a requisição dos documentos necessários, Antônio análise final dois dias depois da entrevista com o cliente e verifica que existe norma legal que contraria, expressamente, a pretensão apresentada. Sobre o caso, observadas as regras do Estatuto da OAB, assinale a afirmativa correta.', 'A');
insert into opcoes (num_exame, num_questao, letra_opcao, texto)
values(15, 7, 'A', 'O advogado pode postular contra texto expresso de lei.');
insert into opcoes (num_exame, num_questao, letra_opcao, texto)
values(15, 7, 'B', 'O advogado deve aconselhar o cliente a procurar o Ministério Público para propor ação contra a lei.');
insert into opcoes (num_exame, num_questao, letra_opcao, texto)
values(15, 7, 'C', 'O advogado pode se opor à norma expressa, aduzindo a sua inconstitucionalidade.');
insert into opcoes (num_exame, num_questao, letra_opcao, texto)
values(15, 7, 'D', 'O advogado deve indicar ao cliente a desistência da ação, por não portar solução para o problema. 3 AME DE ORDEM UNIFICADO – TIPO 01 – BRANCA s não -se, para tanto, realiza a');
insert into questoes (num_exame, num_questao, enunciado, opcao_correta)
values(15, 8, 'Fátima é advogada de Carla em processo proposto em face da empresa LL Serviços Anônimos, por contrato não cumprido. Posteriormente, Fátima patrocina os interesses de Leonídio em ação de responsabilidade civil, apresentada em face de Ovídio. Pelos descaminhos do destino, Carla e Leonídio estabelecem sociedade que, dois anos após a sua constituição, vem a ser dissolvida. Com os ânimos exaltados, Carla e Leonídio procuram sua advogada de confiança, Fátima, diante dos serviços de qualidade prestados anteriormente. Com sua rara habilidade persuasiva, a advogada consegue compor os interesses em conflito. Sobre o caso apresentado, observadas as regras do Estatuto da OAB e do Código de Ética e Disciplina da OAB, assinale a opção correta.', 'A');
insert into opcoes (num_exame, num_questao, letra_opcao, texto)
values(15, 8, 'A', 'A advogada deveria optar por um dos clientes na primeira consulta.');
insert into opcoes (num_exame, num_questao, letra_opcao, texto)
values(15, 8, 'B', 'O litígio envolve interesses irremediavelmente conflitantes, o que exige a opção do advogado.');
insert into opcoes (num_exame, num_questao, letra_opcao, texto)
values(15, 8, 'C', 'A conciliação purga o confronto de clientes da advogada.');
insert into opcoes (num_exame, num_questao, letra_opcao, texto)
values(15, 8, 'D', 'O eventual acordo entre os litigantes, no caso, deveria ser feito por outro advogado.');
insert into questoes (num_exame, num_questao, enunciado, opcao_correta)
values(15, 9, 'O advogado João, inscrito na Seccional do estado X, cometeu grave infração ética ao atuar em determinada causa no es Y. Assinale a opção que indica o Conselho Seccional com poder de punir disciplinarmente o advogado infrator.', 'A');
insert into opcoes (num_exame, num_questao, letra_opcao, texto)
values(15, 9, 'A', 'Apenas o Conselho Seccional do estado X terá poder para punir João disciplinarmente.');
insert into opcoes (num_exame, num_questao, letra_opcao, texto)
values(15, 9, 'B', 'Apenas o Conselho Seccional do estado Y terá poder para punir João disciplinarmente.');
insert into opcoes (num_exame, num_questao, letra_opcao, texto)
values(15, 9, 'C', 'Apenas o Conselho Federal terá poder para punir João disciplinarmente.');
insert into opcoes (num_exame, num_questao, letra_opcao, texto)
values(15, 9, 'D', 'Os Conselhos Seccionais dos estados X e Y terão poderes concorrentes para punir João disciplinarmente.');
insert into questoes (num_exame, num_questao, enunciado, opcao_correta)
values(15, 10, 'Os advogados X de Souza, Y dos Santos e requereram o registro de sociedade de advogados denominada Souza, Santos e Andrade Sociedade de Advogados. Tempos depois, X de Souza vem a falecer, mas os demais sócios decidem manter na sociedade o nome do advogado falecido. Sobre a hipótese, assinale a afirmativa correta. (', 'A');
insert into opcoes (num_exame, num_questao, letra_opcao, texto)
values(15, 10, 'A', 'É possível manter o nome do sócio falecido, desde que prevista tal possibilidade no ato constitutivo da sociedade. (');
insert into opcoes (num_exame, num_questao, letra_opcao, texto)
values(15, 10, 'B', 'É possível manter o nome do sócio falecido, independentemente de previsão no ato constitutivo da sociedade. (');
insert into opcoes (num_exame, num_questao, letra_opcao, texto)
values(15, 10, 'C', 'É absolutamente vedada a manutenção do nome do sócio falecido na razão social da sociedade. (');
insert into opcoes (num_exame, num_questao, letra_opcao, texto)
values(15, 10, 'D', 'É possível manter, pelo prazo máximo de seis meses, o nome do sócio falecido. interesses entre os tado Z de Andrade XV EX');
insert into questoes (num_exame, num_questao, enunciado, opcao_correta)
values(15, 11, 'Na Doutrina do Direito, Kant busca um conceito puramente racional e que possa explicar o direito independentemente da configuração específica de cada legislação. Mais precisamente, seria o direito entendido como expressão de uma razão pura prática, capaz de orientar a faculdade de agir de qualquer ser racional. Assinale a opção que contém, segundo Kant, essa lei universal do direito.', 'A');
insert into opcoes (num_exame, num_questao, letra_opcao, texto)
values(15, 11, 'A', 'Age de tal maneira que uses a humanidade, tanto na tua pessoa como na pessoa de qualquer outro, sempre e simultaneamente como fim, e nunca como meio.');
insert into opcoes (num_exame, num_questao, letra_opcao, texto)
values(15, 11, 'B', 'Age exteriormente, de modo que o livre uso de teu arbítrio possa se conciliar com a liberdade de todos, segundo uma lei universal.');
insert into opcoes (num_exame, num_questao, letra_opcao, texto)
values(15, 11, 'C', 'Age como se a máxima de tua ação se devesse tornar, pela tua vontade, lei universal da natureza.');
insert into opcoes (num_exame, num_questao, letra_opcao, texto)
values(15, 11, 'D', 'Age de forma que conserves sempre a tua liberdade, ainda que tenhas de resistir à liberdade alheia.');
insert into questoes (num_exame, num_questao, enunciado, opcao_correta)
values(15, 12, 'Ao explicar as características fundamentais da Escola da Exegese, o jusfilósofo italiano Norberto Bobbio afirma que tal Escola foi marcada por uma concepção rigidamente estatal de direito. Como consequência disso, temos o princípio da onipotência do legislador. Segundo Bobbio, a Escola da Exegese nos leva a concluir que', 'A');
insert into opcoes (num_exame, num_questao, letra_opcao, texto)
values(15, 12, 'A', 'a lei não deve ser interpretada segundo a razão e os critérios valorativos daquele que deve aplicá contrário, este deve submeter-se completamente à razão expressa na própria lei.');
insert into opcoes (num_exame, num_questao, letra_opcao, texto)
values(15, 12, 'B', 'o legislador é onipotente porque é representante democraticamente eleito pela população, e esse processo representativo deve basear-se sempre no direito consuetudinário, porque este expressa o verdadeiro espírito do povo.');
insert into opcoes (num_exame, num_questao, letra_opcao, texto)
values(15, 12, 'C', 'uma vez promulgada a lei pelo legislador, o estado competente para interpretá-la buscando aproximar a letra da lei dos valores sociais e das demandas populares legítimas.');
insert into opcoes (num_exame, num_questao, letra_opcao, texto)
values(15, 12, 'D', 'a única força jurídica legitimamente superior ao legislador é o direito natural; portanto, o legislador é s tomar suas decisões, desde que não violem os princípios do direito natural. 4 AME DE ORDEM UNIFICADO – TIPO 01 – BRANCA - -la, mas, ao -juiz é oberano para');
insert into questoes (num_exame, num_questao, enunciado, opcao_correta)
values(15, 13, 'O senador “X” ausentou-se das atividades do Senado Federal para tratar de assunto de interesse particular por cento e cinquenta dias ininterruptos e, diante desse fato, enfrenta representação para a perda do seu mandato, por não ter comparecido à terça parte das sessões ordinárias da Casa, que foram realizadas no período em que esteve ausente. Nessa hipótese, assinale a afirmativa corr', 'A');
insert into opcoes (num_exame, num_questao, letra_opcao, texto)
values(15, 13, 'A', 'A perda do mandato do referido senador será decidida pelo Senado Federal, por maioria absoluta, mediante provocação da respectiva mesa ou de partido político representado no Congresso Nacional, assegurada a ampla defesa.');
insert into opcoes (num_exame, num_questao, letra_opcao, texto)
values(15, 13, 'B', 'Não poderá o referido parlamentar perder o mandato, já que o afastamento não ultrapassou cento e oitenta dias dentro da mesma sessão legislativa.');
insert into opcoes (num_exame, num_questao, letra_opcao, texto)
values(15, 13, 'C', 'A perda do mandato do referido senador poderá ser declarada pela Mesa da Casa Legislativa de ofício ou mediante provocação de qualqu de partido político representado no Congresso Nacional, assegurada a ampla defesa.');
insert into opcoes (num_exame, num_questao, letra_opcao, texto)
values(15, 13, 'D', 'Caso o referido senador venha a renunciar após submetido ao processo que vise ou possa levar à perda do seu mandato, haverá o arquivamento do do seu objeto.');
insert into questoes (num_exame, num_questao, enunciado, opcao_correta)
values(15, 14, 'O Presidente da República edita Medida Provisória que dispõe sobre a injeção extraordinária de verbas para o Fundo de Financiamento Estudantil (FIES). O tema, porém, já havia sido objeto de projeto de lei ant Congresso Nacional e remetido ao próprio Presidente da República para sanção. Nessa linha, observado o regramento estabelecido pela Constituição Federal, assinale a afirmativa correta.', 'A');
insert into opcoes (num_exame, num_questao, letra_opcao, texto)
values(15, 14, 'A', 'É vedada a edição da Medida Provisória, pois havia sido disciplinada em projeto de lei aprovado pelo Congresso Nacional e pendente de sanção ou veto pelo Presidente da República.');
insert into opcoes (num_exame, num_questao, letra_opcao, texto)
values(15, 14, 'B', 'A Medida Provisória narrada na questão não poderia ser editada, visto que é vedado pela Constituição Federal dispor sobre matéria orçamentária por meio dessa espécie legislativa.');
insert into opcoes (num_exame, num_questao, letra_opcao, texto)
values(15, 14, 'C', 'A Medida Provisória é juridicamente viável, mas, se não for apreciada em até sessenta dias contados da sua publicação, entrará em regime de urgência, subsequentemente, em cada uma das C sobrestadas todas as demais deliberações legislativas da Casa em que estiver tramitando, até que se ultime a votação.');
insert into opcoes (num_exame, num_questao, letra_opcao, texto)
values(15, 14, 'D', 'A Medida Provisória é juridicamente viável e prorrogar á por duas vezes, por igual período, a sua vigência se, no prazo de 45 dias contados de sua publicação, não tiver a sua votação encerrada nas duas Casas do Congresso Nacional. eta. er dos seus membros, ou processo pela perda eriormente aprovado pelo a matéria já asas, ficando -se- XV EX');
insert into questoes (num_exame, num_questao, enunciado, opcao_correta)
values(15, 15, 'O Supremo Tribunal Federal editou súmula com efeito vinculante. Pedro, advogado, deseja pleitear o cancelamento da referida súmula. Nos termos da Constituição Federal, considerando a legitimação para propor aprovação ou cancelamento de súmula junto ao Supremo Tribunal Federal, Pedro poderá provocar o seguinte legitimado:', 'A');
insert into opcoes (num_exame, num_questao, letra_opcao, texto)
values(15, 15, 'A', 'o interessado que tenha tido a repercussão geral de seu recurso extraordinário reconhecida pelo STF.');
insert into opcoes (num_exame, num_questao, letra_opcao, texto)
values(15, 15, 'B', 'a seccional da Ordem dos Advogados do Brasil de qualquer estado da Federação.');
insert into opcoes (num_exame, num_questao, letra_opcao, texto)
values(15, 15, 'C', 'a Mesa de Câmara dos Vereadores de município que tenha interesse direto na súmula.');
insert into opcoes (num_exame, num_questao, letra_opcao, texto)
values(15, 15, 'D', 'o Partido Político com representação no Congresso Nacional.');
insert into questoes (num_exame, num_questao, enunciado, opcao_correta)
values(15, 16, 'No município de São José dos Cavaleiros, 87% dos atendimentos médicos nas emergências hospitalares são decorrências de acidentes automobilísticos ocasionados pelo consumo de bebidas alcoólicas. Uma vereadora do município, Sra. X, ciente das estatísticas expostas, apresenta projeto de lei propondo que os cidadãos proprietários de veículos automotores, residentes no município, veículos com equipamento que impeça a partida do carro no caso de o condutor ter consumido álcool. A Câmara Municipal, por voto de 2/3 dos vereadores, aprova a lei. Esta legislação deve ser considerada', 'A');
insert into opcoes (num_exame, num_questao, letra_opcao, texto)
values(15, 16, 'A', 'constitucional, por tratar de proteção de direito fundamental.');
insert into opcoes (num_exame, num_questao, letra_opcao, texto)
values(15, 16, 'B', 'inconstitucional, por tratar de matéria de competência privativa da União.');
insert into opcoes (num_exame, num_questao, letra_opcao, texto)
values(15, 16, 'C', 'inconstitucional, por vício formal relacionado ao quórum mínimo para votação.');
insert into opcoes (num_exame, num_questao, letra_opcao, texto)
values(15, 16, 'D', 'constitucional, por tratar de assunto de interesse local e ter sido aprovada por processo legislativo idôneo.');
insert into questoes (num_exame, num_questao, enunciado, opcao_correta)
values(15, 17, 'A CRFB/88 identifica as hipóteses de caracterização da nacionalidade para brasileiros natos e os brasileiros naturalizados. Com base no previsto na Constituição, assinale a alternativa que indica um caso constitucionalmente válido de naturalização requerida para obtenção de nacionalidade brasileira.', 'A');
insert into opcoes (num_exame, num_questao, letra_opcao, texto)
values(15, 17, 'A', 'Juan, cidadão espanhol, casado com Beatriz, brasileira, ambos residentes em Barcelona.');
insert into opcoes (num_exame, num_questao, letra_opcao, texto)
values(15, 17, 'B', 'Anderson, cidadão português, domiciliado no Brasil há 36 dias.');
insert into opcoes (num_exame, num_questao, letra_opcao, texto)
values(15, 17, 'C', 'Louis, cidadão francês, domiciliado em Brasília há 14 anos, que está em liberdade condicional, após condenação pelo crime de exploração sexual de vulnerável.');
insert into opcoes (num_exame, num_questao, letra_opcao, texto)
values(15, 17, 'D', 'Maria, 45 anos, cidadã russa, residente e domiciliada no Brasil desde seus 25 anos de ida criminalmente por injúria, mas absolvida por sentença transitada em julgado. 5 AME DE ORDEM UNIFICADO – TIPO 01 – BRANCA municiem seus 0 de, processada');
insert into questoes (num_exame, num_questao, enunciado, opcao_correta)
values(15, 18, 'Pedro promoveu ação em face da União Federal e seu pedido foi julgado procedente, com efeitos patrimoniais vencidos e vincendos, não havendo mais recurso a ser interposto. Posteriormente, o Congresso Nacional aprovou lei, que foi sancionada, extinguindo o direito reconhecido a Pedro. Após a publicação da referida lei, a Administração Pública federal notificou Pedro para devolver os valores recebidos, comunicando que não mais ocorreriam os pagamentos futuros, em decorrência da norma em foco. Nos termos da Constituição Federal, assinale a opção correta.', 'A');
insert into opcoes (num_exame, num_questao, letra_opcao, texto)
values(15, 18, 'A', 'A lei não pode retroagir, porque a situação versa sobre direitos indisponíveis de Pedro.');
insert into opcoes (num_exame, num_questao, letra_opcao, texto)
values(15, 18, 'B', 'A lei não pode retroagir para prejudicar a coisa julgada formada em favor de Pedro.');
insert into opcoes (num_exame, num_questao, letra_opcao, texto)
values(15, 18, 'C', 'A lei pode retroagir, pois não há direito adquirido de Pedro diante de nova legislação.');
insert into opcoes (num_exame, num_questao, letra_opcao, texto)
values(15, 18, 'D', 'A lei pode retroagir, porque não há ato jurídico perfeito em favor de Pedro diante de pagamentos pendentes.');
insert into questoes (num_exame, num_questao, enunciado, opcao_correta)
values(15, 19, 'O Presidente da República, à luz da CRFB/88, dispõe de dois órgãos de cúpula para consulta em determinados assuntos. Assinale a opção que elenca corretamente esses órgãos e suas atribuições constitucionalmente definidas.', 'A');
insert into opcoes (num_exame, num_questao, letra_opcao, texto)
values(15, 19, 'A', 'Ao Conselho de Defesa Nacional compete opinar sobre a decretação do estado de defesa, do estado de sítio e da intervenção federal. Ao Conselho Nacional de Justiça compete o controle da atuação administrativa e financeira do Poder Judiciário, do Poder Legislativo e do Poder Executivo.');
insert into opcoes (num_exame, num_questao, letra_opcao, texto)
values(15, 19, 'B', 'Ao Conselho de Defesa Nacional compete opinar sobre as questões relevantes para a estabilidade das instituições democráticas. Ao Conselho da Re sobre as hipóteses de declaração de guerra e de celebração de paz.');
insert into opcoes (num_exame, num_questao, letra_opcao, texto)
values(15, 19, 'C', 'Ao Conselho Nacional de Justiça compete o controle da atuação administrativa e financeira do Poder Judiciário, do Poder Legislativo e do Poder Executivo. Ao Conselho República compete opinar sobre as hipóteses de declaração de guerra e de celebração de paz.');
insert into opcoes (num_exame, num_questao, letra_opcao, texto)
values(15, 19, 'D', 'Ao Conselho de Defesa Nacional compete opinar sobre as hipóteses de declaração de guerra e de celebração de paz. Ao Conselho da República compete pronunciar intervenção federal, estado de defesa e estado de sítio. pública compete opinar da -se sobre XV EX');
insert into questoes (num_exame, num_questao, enunciado, opcao_correta)
values(15, 20, 'Como forma de evitar a ocorrência de violação de Direitos Humanos em estabelecimentos prisionais, o Brasil ratificou, em 2007, o Protocolo Facultativo à Convenção contra a tortura e outros tratamentos ou penas cruéis, desumanos ou degradantes. Tal protocolo estabelece que cada Estado deverá designar ou manter, em nível doméstico, um ou mais mecanismos preventivos nacionais. Por meio da Lei nº 12.847/13, o Brasil pretendeu atender à exigência do Protocolo, ao criar o Mecanismo Nacional de Prevenção e Combate à Tortura. Quanto ao meio proposto tanto pelo Protocolo quanto pela Lei para alcançar a finalidade almejada, assinale a afirmativa correta.', 'A');
insert into opcoes (num_exame, num_questao, letra_opcao, texto)
values(15, 20, 'A', 'Sistema de visitas regulares de seus membros.');
insert into opcoes (num_exame, num_questao, letra_opcao, texto)
values(15, 20, 'B', 'Mutirões judiciais.');
insert into opcoes (num_exame, num_questao, letra_opcao, texto)
values(15, 20, 'C', 'Medidas legislativas de parlamentares que integrem o Mecanismo.');
insert into opcoes (num_exame, num_questao, letra_opcao, texto)
values(15, 20, 'D', 'Criação e fortalecimento de defensorias públicas.');
insert into questoes (num_exame, num_questao, enunciado, opcao_correta)
values(15, 21, 'Em julho de 2013, o ajudante de pedreiro “X”, após ter sido detido por policiais militares e conduzido da porta de sua casa em direção à delegacia, desapareceu. Há um amplo debate em torno do caso e, dentre outros aspectos, discute esse caso uma hipótese de desaparecimento forçado. Sabendo que o Brasil ratificou, em 2010, a Internacional Para a Proteção de Todas as Pessoas Contra o Desaparecimento Forçado, assinale a afirmativa correta.', 'A');
insert into opcoes (num_exame, num_questao, letra_opcao, texto)
values(15, 21, 'A', 'Entende-se por desaparecimento forçado a privação da liberdade promovida por particulares no exercício de uma coação irresistível, seguida da recusa em reconhecer a privação de liberdade ou do encobrimento do destino ou do paradeiro da pessoa desaparecida, colocando fora do âmbito de proteção da lei.');
insert into opcoes (num_exame, num_questao, letra_opcao, texto)
values(15, 21, 'B', 'Entende-se por desaparecimento forçado a prisão, a detenção, o sequestro ou qualquer outra forma de privação de liberdade por agentes do Estado ou por pessoas ou grupos de pessoas agindo com a autorização, o apoio ou o consentimento do Estado, seguida da recusa em reconhecer a privação de liberdade ou do encobrimento do destino ou do paradeiro da pessoa desaparecida, colocando-a, assim, fora do âmbito de proteção da lei.');
insert into opcoes (num_exame, num_questao, letra_opcao, texto)
values(15, 21, 'C', 'Entende-se por desaparecimento forçado a prisão, a detenção, o sequestro ou qualquer outra forma de privação de liberdade por agentes do Estado ou por pessoas ou grupos de pessoas agindo com a autorização, o apoio ou o consentimento do Estado, colocando fora do âmbito de proteção da lei.');
insert into opcoes (num_exame, num_questao, letra_opcao, texto)
values(15, 21, 'D', 'Entende-se por desaparecimento forçado o sequestro de um cidadão praticado por agentes das forças armadas do Estado, seguido da recusa em reconhecer a privação de liberdade ou do encobrimento do destino ou do paradeiro da pessoa desaparecida, colocando-a, assim, fora do âmbito de proteção da lei. 6 AME DE ORDEM UNIFICADO – TIPO 01 – BRANCA -Parte -se se seria Convenção -a, assim, -a, assim,');
insert into questoes (num_exame, num_questao, enunciado, opcao_correta)
values(15, 22, 'Em atos de violência que provocam grande comoção social, é comum que setores da mídia, parte da opinião pública e algumas personalidades políticas reclamem por mudanças na ordem jurídica, a fim de que seja implantada a pena de morte como sanção penal. Em relação à pena de morte, segundo o Protocolo Adicional ao Pacto dos Direitos Civis e Políticos, devidamente ratificado pelo Brasil, assinale a afirmativa correta.', 'A');
insert into opcoes (num_exame, num_questao, letra_opcao, texto)
values(15, 22, 'A', 'É permitida apenas nos casos mais graves de extrema violência contra a pessoa, desde que respeitado o devido processo legal.');
insert into opcoes (num_exame, num_questao, letra_opcao, texto)
values(15, 22, 'B', 'É proibida em qualquer hi inerente à pessoa humana e tal direito deve ser respeitado e protegido pela lei.');
insert into opcoes (num_exame, num_questao, letra_opcao, texto)
values(15, 22, 'C', 'É permitida apenas para os países que já haviam adotado a pena de morte antes de ratificarem o Protocolo, desde que reservada para os crimes ma tenha sido proferida pelo Tribunal competente.');
insert into opcoes (num_exame, num_questao, letra_opcao, texto)
values(15, 22, 'D', 'É proibida de forma geral, admitindo, como exceção, apenas para o caso de infração penal grave de natureza militar e cometida em tempo de guerra, desde que o Estado Parte tenha formu ratificação do Protocolo.');
insert into questoes (num_exame, num_questao, enunciado, opcao_correta)
values(15, 23, 'Túlio, brasileiro, é casado com Alexia, de nacionalidade sueca, estando o casal domiciliado no Brasil. Durante um cruzeiro marítimo, na Grécia, ela, após a ceia, veio a falecer em razão de uma intoxicação alimentar. Alexia, quando ainda era noiva de Túlio, havia realizado um testamento em Lisboa, dispondo sobre os seus bens, entre eles, três apartamentos situados no Rio de Janeiro. À luz das regras de Direito Internacional Privado, assinale afirmativa correta.', 'A');
insert into opcoes (num_exame, num_questao, letra_opcao, texto)
values(15, 23, 'A', 'Se houver discussão acerca da validade do testamento, no que diz respeito à observância das formalidades, deverá ser aplicada a legislação brasileira, pois Alexia encontrava se domiciliada no Brasil.');
insert into opcoes (num_exame, num_questao, letra_opcao, texto)
values(15, 23, 'B', 'Se houver discussão acerca da que diz respeito à observância das formalidades, deverá ser aplicada a legislação portuguesa, local em que foi realizado o ato de disposição da última vontade de Alexia.');
insert into opcoes (num_exame, num_questao, letra_opcao, texto)
values(15, 23, 'C', 'A autoridade judiciária brasileira não é competente para proceder ao inventário e à partilha de bens, porquanto Alexia faleceu na Grécia, e não no Brasil.');
insert into opcoes (num_exame, num_questao, letra_opcao, texto)
values(15, 23, 'D', 'Se houver discussão acerca do regime sucessório, deverá ser aplicada a legislação sueca, em razão da nacionalidade do de cujus. pótese, pois o direito à vida é is graves e que a sentença lado tal reserva no ato da a - validade do testamento, no XV EX');
insert into questoes (num_exame, num_questao, enunciado, opcao_correta)
values(15, 24, 'Violento torcedor estrangeiro, integrante de torcida organizada e arrolado como impedido de entrar em estádios de futebol durante a Copa do Mundo, por figurar na lista da Interpol, após ter ingressado irregularmente em território nacional e ser capturado dentro de um dos estádios, tem a sua deportação promovida, por não se retirar voluntariamente. Sobre o caso apresentado, assinale a afirmativa correta.', 'A');
insert into opcoes (num_exame, num_questao, letra_opcao, texto)
values(15, 24, 'A', 'Nunca mais poderá o torcedor estrangeiro deportado reingressar no território nacional.');
insert into opcoes (num_exame, num_questao, letra_opcao, texto)
values(15, 24, 'B', 'O torcedor estrangeiro deportado só poderá reingressar no território nacional se ressarcir o Tesouro Nacional, com correção monetária, das despesas com a sua deportação e efetuar, se for o caso, o pagamento da multa devida à época, também corrigida.');
insert into opcoes (num_exame, num_questao, letra_opcao, texto)
values(15, 24, 'C', 'O torcedor estrangeiro deportado só poderá reingressar no território nacional após o transcurso do lapso prescricional quinquenal para ressarcimento do Tesouro Nacional.');
insert into opcoes (num_exame, num_questao, letra_opcao, texto)
values(15, 24, 'D', 'O torcedor estrangeiro deportado poderá retornar se comprovadamente não tiver condições de arcar com o pagamento da quantia devida, sem prejuízo de sua própria subsistência.');
insert into questoes (num_exame, num_questao, enunciado, opcao_correta)
values(15, 25, 'O Fisco do estado “X” lavrou auto de infração contra a pessoa jurídica “Y” para cobrar ICMS sobre a remessa de mercadorias entre a matriz e a filial dessa empresa, ambas referido estado. A empresa “Y” impetrou, então, mandado de segurança objetivando ver reconhecido seu direito líquido e certo ao não recolhimento do ICMS naquela operação. Pleiteou também medida liminar. Assinale a opção que pode, validamente, ser objeto do pedido de liminar formulado pela pessoa jurídica Y.', 'A');
insert into opcoes (num_exame, num_questao, letra_opcao, texto)
values(15, 25, 'A', 'Extinção do crédito tributário.');
insert into opcoes (num_exame, num_questao, letra_opcao, texto)
values(15, 25, 'B', 'Exclusão de crédito tributário.');
insert into opcoes (num_exame, num_questao, letra_opcao, texto)
values(15, 25, 'C', 'Constituição do crédito tributário.');
insert into opcoes (num_exame, num_questao, letra_opcao, texto)
values(15, 25, 'D', 'Suspensão da exigibilidade do crédito tributário.');
insert into questoes (num_exame, num_questao, enunciado, opcao_correta)
values(15, 26, 'O Art. 146, III, a, da Constituição Federal estabelece que lei complementar deve trazer a definição dos fatos geradores, da base de cálculo e dos contribuintes dos impostos previstos na Constituição. Caso não exista lei complementar prevendo tais definições relativamente aos impostos estaduais, os estados', 'A');
insert into opcoes (num_exame, num_questao, letra_opcao, texto)
values(15, 26, 'A', 'não podem instituir e cobrar seus impostos, sob pena de violação do Art. 146 da Constituição.');
insert into opcoes (num_exame, num_questao, letra_opcao, texto)
values(15, 26, 'B', 'podem instituir e cobrar seus impostos, desde que celebrem convênio para estabelecer normas gerais.');
insert into opcoes (num_exame, num_questao, letra_opcao, texto)
values(15, 26, 'C', 'podem instituir e cobrar seus impostos, pois possuem competência legislativa plena até que a lei complementar venha a ser editada.');
insert into opcoes (num_exame, num_questao, letra_opcao, texto)
values(15, 26, 'D', 'podem instituir e cobrar seus impostos, desde que seja publicada Medida Provisória autorizando. 7 AME DE ORDEM UNIFICADO – TIPO 01 – BRANCA localizadas no');
insert into questoes (num_exame, num_questao, enunciado, opcao_correta)
values(15, 27, 'Um empresário consulta um escritório de advocacia sobre a possibilidade de a sociedade da qual é administrador participar de uma licitação, sendo certo que, para tal, terá que apresentar uma certidão demonstrando a inexistência de débitos fiscais com o governo federal. Ele informa que a sociedade foi autuada pelo não recolhimento do Imposto sobre a Renda e Proventos de Qualquer Natureza (IR), e a defesa administrativa, apresentada no prazo, ainda não foi apreciada pelo órgão competente. Considerando apenas os dados apresentados, afirmar que a sociedade', 'A');
insert into opcoes (num_exame, num_questao, letra_opcao, texto)
values(15, 27, 'A', 'não poderá participar da licitação, pela existência de crédito tributário vencido e não pago.');
insert into opcoes (num_exame, num_questao, letra_opcao, texto)
values(15, 27, 'B', 'poderá participar da licitação, pois o crédito tributário está com a exigibilidade suspensa.');
insert into opcoes (num_exame, num_questao, letra_opcao, texto)
values(15, 27, 'C', 'poderá participar da licitação somente após a defesa administrativa ser analisada.');
insert into opcoes (num_exame, num_questao, letra_opcao, texto)
values(15, 27, 'D', 'somente poderá participar da licitação se depositar o valor do crédito tributário.');
insert into questoes (num_exame, num_questao, enunciado, opcao_correta)
values(15, 28, 'Em dezembro de 2006, foi publicada a Lei Complementar nº 123, que instituiu o Estatuto Nacional da Microempresa e da Empresa de Pequeno Porte, e criou novo regime de tributação simplificada, abrangendo, além dos impostos e contribuições federais, o Imposto sobre Operações Relativas à Circulação de Mercadorias e sobre Prestações de Serviço Interestadual e Intermunicipal e de Comunicação (ICMS), bem como o Imposto sobre Serviços de Qualquer Natureza (ISS). Sobre a hipótese, assinale a afirmativa correta.', 'A');
insert into opcoes (num_exame, num_questao, letra_opcao, texto)
values(15, 28, 'A', 'A referida lei é inconstitucional, pois é vedada à União instituir benefício fiscal de tributo de competência dos Estados, do Distrito Federal e dos Municípios.');
insert into opcoes (num_exame, num_questao, letra_opcao, texto)
values(15, 28, 'B', 'O regime de tributação simplificada é obrigatório a todos os contribuintes que cumpram os requisitos previstos na referida lei complementar.');
insert into opcoes (num_exame, num_questao, letra_opcao, texto)
values(15, 28, 'C', 'A referida lei é inconstitucional, no que se refere ao ICMS, pois institui benefício fiscal do imposto sem a competente autorização por meio de convênio do Conselho Nacional de Política Fazendária – CONFAZ.');
insert into opcoes (num_exame, num_questao, letra_opcao, texto)
values(15, 28, 'D', 'Segundo a Constituição Federal, a fiscalização do cumprimento das obrigações principais e acessórias do regime único de arrecadação poderá ser compartilhada pelos entes da Federação. é correto s de Transporte XV EX');
insert into questoes (num_exame, num_questao, enunciado, opcao_correta)
values(15, 29, 'Diante das chuvas torrenciais que destruíram o telhado do prédio de uma Secretaria de Estado, o administrador entende presentes as condições para a dispensa de licitação com fundamento no Art. 24, IV, da Lei nº 8.666/1993 (contratação direta quando caracterizada urgência de atendimento de situação que possa ocasionar prejuízo ou comprometer a segurança de pessoas, obras, serviços, equipamentos e outros bens, públicos ou particulares). Submete, então, à Assessoria Jurídica a indagação sobre a possibilidade de contratação de empresa de construção civil de renome nacional para a reconstrução da estrutura afetada do edifício. Sobre as hipóteses de contratação direta, assinale a afirmativa correta.', 'A');
insert into opcoes (num_exame, num_questao, letra_opcao, texto)
values(15, 29, 'A', 'As hipóteses de dispensa e inexigibilidade de licitação não exigem justificativa de preço, porque são casos em que a própria legislação entende inconveniente ou inviável a competição pelas melhores condições de contratação.');
insert into opcoes (num_exame, num_questao, letra_opcao, texto)
values(15, 29, 'B', 'A dispensa de licitação, assim como a de inexigibilidade, não prescinde de justificativa de preço, uma vez que a autorização legal para não licitar não significa possibilidade de contratação por preços superiores aos praticados no mercado.');
insert into opcoes (num_exame, num_questao, letra_opcao, texto)
values(15, 29, 'C', 'Apenas as hipóteses de dispensa de licitação (e não as situações de inexigibilidade) exigem justificativa de até porque a inexigibilidade significa que somente uma pessoa pode ser contratada, o que afasta possibilidade de discussão quanto ao preço.');
insert into opcoes (num_exame, num_questao, letra_opcao, texto)
values(15, 29, 'D', 'A dispensa de licitação não exige justificativa de preço, pois a própria lei prevê, taxativamente, que não s licitação nas hipóteses elencadas; na inexigibilidade, a justificativa de preço é inafastável, diante do caráter exemplificativo do Art. 25 da Lei.');
insert into questoes (num_exame, num_questao, enunciado, opcao_correta)
values(15, 30, 'Em determinado estado da Federação, o Estatuto dos Servidores Públicos, lei ordinária estadual, prevê a realização de concurso interno para a promoção de servidores de nível médio aos cargos de nível superior, desde que preencham todos os requisitos para investidura no cargo, inclusive a obtenção do bacharelado. A partir da situação descrita e tomando como base os requisitos constitucionais para acesso aos cargos públicos, assinale a afirmativa correta.', 'A');
insert into opcoes (num_exame, num_questao, letra_opcao, texto)
values(15, 30, 'A', 'A previsão é inválida, pois só poderia ter sido veiculada por lei complementar.');
insert into opcoes (num_exame, num_questao, letra_opcao, texto)
values(15, 30, 'B', 'A previsão é válida, pois a disciplina dos servidore públicos compete à legislação de cada ente da Federação.');
insert into opcoes (num_exame, num_questao, letra_opcao, texto)
values(15, 30, 'C', 'A previsão é inválida, por ofensa à Constituição da República.');
insert into opcoes (num_exame, num_questao, letra_opcao, texto)
values(15, 30, 'D', 'A previsão é válida, desde que encontre previsão na Constituição do estado. 8 AME DE ORDEM UNIFICADO – TIPO 01 – BRANCA preço, e faça s');
insert into questoes (num_exame, num_questao, enunciado, opcao_correta)
values(15, 31, 'A Agência Reguladora de Serviços Públicos autarquia do Estado ABC, identificou um imóvel, no centro da cidade XYZ (capital do Estado) capaz de receber as instalações de sua nova sede. O proprietário do imóvel, quando procurado, demonstrou interesse na sua alienação pelo preço de avaliação da Administração Pública. Considerando a disciplina legislativa a respeito do tema, assinale a opção correta.', 'A');
insert into opcoes (num_exame, num_questao, letra_opcao, texto)
values(15, 31, 'A', 'É possível a compra de bem imóvel pela Administração, dispensada a licitação no caso de as necessidades de instalação e localização condicio');
insert into opcoes (num_exame, num_questao, letra_opcao, texto)
values(15, 31, 'B', 'Não é possível a celebração de contrato de compra e venda, pois a única forma de aquisição de bem imóvel pelo Estado é a desapropriação.');
insert into opcoes (num_exame, num_questao, letra_opcao, texto)
values(15, 31, 'C', 'É possível a compra de bem imóvel pela Administração, mas tal aquisição deve ser, obrigatoriamente licitação, na modalidade de concorrência.');
insert into opcoes (num_exame, num_questao, letra_opcao, texto)
values(15, 31, 'D', 'É possível a compra de bem imóvel pela Administração, mas tal aquisição deve ser, obrigatoriamente, precedida de licitação, na modalidade de leilão.');
insert into questoes (num_exame, num_questao, enunciado, opcao_correta)
values(15, 32, 'No Estado X, foi constituída autarqui próprio de previdência dos servidores estaduais. A lei de constituição da entidade prevê a possibilidade de apresentação de recurso em face das decisões da autarquia, a ser dirigido à Secretaria de Administração do Estado (órgão a qual a autarquia está vinculada). Sobre a situação descrita, assinale a opção correta.', 'A');
insert into opcoes (num_exame, num_questao, letra_opcao, texto)
values(15, 32, 'A', 'Não é possível a criação de autarquia para a gestão da previdência dos servidores, uma vez que se trata de atividade típica da Administração Pública.');
insert into opcoes (num_exame, num_questao, letra_opcao, texto)
values(15, 32, 'B', 'Não cabe recurso hierárquico impróprio em face das decisões da autarquia, uma vez que ela goza de autonomia técnica, administrativa e financeira.');
insert into opcoes (num_exame, num_questao, letra_opcao, texto)
values(15, 32, 'C', 'A previsão de recurso dirigido à Secretaria de Administração do Estado (órgão ao qual a autarquia está vinculada) configura exemplo de recurso hierárquico próprio.');
insert into opcoes (num_exame, num_questao, letra_opcao, texto)
values(15, 32, 'D', 'São válidas tanto a constituição da autarquia para a gestão do regime previdenciário quanto a previsão de cabimento do recurso ao órgão ao qual a autarquia está vinculada. Estaduais, narem a sua escolha. , precedida de a para a gestão do regime o XV EX');
insert into questoes (num_exame, num_questao, enunciado, opcao_correta)
values(15, 33, 'Os municípios A, B e C formam o consórcio ABC, com personalidade jurídica de direito privado, para a realização de objetivos de interesse comum. Para o desempenho das atividades, o consórcio pretende promover desapropriações, com vistas a obter terrenos, onde, futuramente casas populares com recursos transferidos pelo Governo Federal. Considerando a disciplina legislativa acerca dos consórcios públicos, assinale a afirmativa correta.', 'A');
insert into opcoes (num_exame, num_questao, letra_opcao, texto)
values(15, 33, 'A', 'Os Municípios A, B e C não podem constituir consórcio que não se revista de personalidade jurídica de direito público.');
insert into opcoes (num_exame, num_questao, letra_opcao, texto)
values(15, 33, 'B', 'O consórcio público que tenha personalidade jurídica de direito privado, ainda que constituído por entes públicos, não pode promover desapropriações.');
insert into opcoes (num_exame, num_questao, letra_opcao, texto)
values(15, 33, 'C', 'A União poderá firmar convênios com o consórcio ABC para fins de transferência voluntária de recursos.');
insert into opcoes (num_exame, num_questao, letra_opcao, texto)
values(15, 33, 'D', 'Apenas os consórcios constituídos sob a forma de pessoas jurídicas de direito público podem receber recursos transferidos pela União.');
insert into questoes (num_exame, num_questao, enunciado, opcao_correta)
values(15, 34, 'A ONG “Festivus”, uma associação de caráter assistencial, qualificada como Organização da Sociedade Civil de Interesse Público (OSCIP), celebrou Termo de Parceria com a União e dela recebeu R$ 150.000,00 (cento e cinquenta mil reais) para execução de atividades de interesse público. Uma revista de circulação nacional, entretanto, divulgou denúncias de desvio de recursos e de utilização da associação como forma de fraude. Com base na hipótese apresentada, considerando a disciplina constitucional e legal, assinale a afirmativa correta.', 'A');
insert into opcoes (num_exame, num_questao, letra_opcao, texto)
values(15, 34, 'A', 'O Tribunal de Contas da União não tem c apurar eventual irregularidade, uma vez que se trata de pessoa jurídica de direito privado, não integrante da Administração Pública.');
insert into opcoes (num_exame, num_questao, letra_opcao, texto)
values(15, 34, 'B', 'O Tribunal de Contas da União tem competência para apurar eventual irregularidade praticada pela OSCIP, por tratar de pessoa jurídica integrante da administração indireta federal.');
insert into opcoes (num_exame, num_questao, letra_opcao, texto)
values(15, 34, 'C', 'O Tribunal de Contas da União tem competência para apurar eventual irregularidade praticada pela OSCIP, por se tratar de recursos públicos federais.');
insert into opcoes (num_exame, num_questao, letra_opcao, texto)
values(15, 34, 'D', 'O controle exercido sobre a utilização dos recursos repassados à OSCIP é realizado apenas pela própria Administração e pelo Ministério Público Federal. 9 AME DE ORDEM UNIFICADO – TIPO 01 – BRANCA , construirá ompetência para se');
insert into questoes (num_exame, num_questao, enunciado, opcao_correta)
values(15, 35, 'No curso de obra pública, a Administração Pública causa dano em local compreendido por área de preservação permanente. Sobre o caso apresentado, assinale a opção que indica de quem é a responsabilidade ambiental.', 'A');
insert into opcoes (num_exame, num_questao, letra_opcao, texto)
values(15, 35, 'A', 'Em se tratando de área de preservação permanente, que legalmente é de domínio público, o ente só responde pelos danos ambientais nos casos de atuação com dolo ou grave.');
insert into opcoes (num_exame, num_questao, letra_opcao, texto)
values(15, 35, 'B', 'Em se tratando de área de preservação permanente, a Administração Pública responderá de forma objetiva pelos danos causados ao meio ambiente, independentemente das responsabilidades administrativa e penal.');
insert into opcoes (num_exame, num_questao, letra_opcao, texto)
values(15, 35, 'C', 'Em se tratando de dano ambiental com área de preservação permanente, a Administração Pública não tem responsabilidade, sob pena de confusão, recaindo sobre o agente público causador do dano, independentemente das responsabilidades administrativa e penal.');
insert into opcoes (num_exame, num_questao, letra_opcao, texto)
values(15, 35, 'D', 'Trata-se de caso de responsabilidade subjetiva solidária de todos aqueles que contribuíram para a prática do dano, inclusive do agente público que determinou a prática do ato.');
insert into questoes (num_exame, num_questao, enunciado, opcao_correta)
values(15, 36, 'Antes de dar início à instalação de unidade industrial de produção de roupas no Municíp advogado acerca dos procedimentos prévios ao começo da construção e produção. Considerando a hipótese, assinale a afirmativa correta.', 'A');
insert into opcoes (num_exame, num_questao, letra_opcao, texto)
values(15, 36, 'A', 'Caso a unidade industrial esteja localizada em terras indígenas, ela não poderá ser instal');
insert into opcoes (num_exame, num_questao, letra_opcao, texto)
values(15, 36, 'B', 'Caso a unidade industrial esteja localizada e desenvolvida em dois estados da federação, ambos terão competência para o licenciamento ambiental.');
insert into opcoes (num_exame, num_questao, letra_opcao, texto)
values(15, 36, 'C', 'Caso inserida em qualquer Unidade de Conservação, a competência para o licenciamento será do IBAMA.');
insert into opcoes (num_exame, num_questao, letra_opcao, texto)
values(15, 36, 'D', 'Caso o impacto seja de âmbito local, a competência para o licenciamento ambiental será do Município.');
insert into questoes (num_exame, num_questao, enunciado, opcao_correta)
values(15, 37, 'No regime da Alienação Fiduciária que recai sobre bens imóveis, uma vez consolidada a propriedade em seu nome no Registro de Imóveis, o fiduciário, contados da data do referido registro, deverá', 'A');
insert into opcoes (num_exame, num_questao, letra_opcao, texto)
values(15, 37, 'A', 'adjudicar o bem.');
insert into opcoes (num_exame, num_questao, letra_opcao, texto)
values(15, 37, 'B', 'vender diretamente o bem para terceiros.');
insert into opcoes (num_exame, num_questao, letra_opcao, texto)
values(15, 37, 'C', 'promover leilão público para a alienação do imóvel; não havendo arremate pelo valor de sua avaliação, realizar um segundo leilão em quinze dias.');
insert into opcoes (num_exame, num_questao, letra_opcao, texto)
values(15, 37, 'D', 'promover leilão público para a alienação do imóvel; não havendo arremate, o fiduciário adjudicará o bem. culpa etido dentro de io X, Julio Cesar consulta seu ada. no prazo de trinta dias, XV EX');
insert into questoes (num_exame, num_questao, enunciado, opcao_correta)
values(15, 38, 'Devido à indicação de luz vermelha do sinal de trânsito, Ricardo parou seu veículo pouco antes da faixa de pedestres. Sandro, que vinha logo atrás de Ricardo, também parou, guardando razoável distância entre eles. Entretanto, Tatiana, que trafegava na mesma faixa de rolamento, mais atrás, distraiu-se ao redigir mensagem no celular enquanto conduzia seu veículo, vindo a colidir com o veículo de Sandro, o qual, em seguida, atingiu o carro de Ricardo. Diante disso, à luz das normas que disciplinam a responsabilidade civil, assinale a afirmativa correta.', 'A');
insert into opcoes (num_exame, num_questao, letra_opcao, texto)
values(15, 38, 'A', 'Cada um arcará com seu próprio prejuízo, visto que a responsabilidade pelos danos causados deve ser repartida entre todos os envolvidos.');
insert into opcoes (num_exame, num_questao, letra_opcao, texto)
values(15, 38, 'B', 'Caberá a Tatiana indenizar os prejuízos causados ao veículo de Sandro, e este deverá indenizar os prejuízos causados ao veículo de Ricardo.');
insert into opcoes (num_exame, num_questao, letra_opcao, texto)
values(15, 38, 'C', 'Caberá a Tatiana indenizar os prejuízos causados aos veículos de Sandro e Ricardo.');
insert into opcoes (num_exame, num_questao, letra_opcao, texto)
values(15, 38, 'D', 'Tatiana e Sandro têm o dever de indenizar Ricardo, na medida de sua culpa.');
insert into questoes (num_exame, num_questao, enunciado, opcao_correta)
values(15, 39, 'Augusto, viúvo, pai de Gustavo e Fernanda, conheceu Rita e com ela manteve, por dez anos, um relacionamento amoroso contínuo, público, duradouro e com objetivo de constituir família. Nesse período, Augusto não se preocupou em fazer o inventário dos bens adquiridos quando casado e em realizar a partilha entre os herdeiros Gustavo e Fernanda. Em meados de setembro do corrente ano, Augusto resolveu romper o relacionamento com Rita. Face aos fatos narrados e considerando as regras de Direito Civil, assinale a opção correta.', 'A');
insert into opcoes (num_exame, num_questao, letra_opcao, texto)
values(15, 39, 'A', 'A ausência de partilha dos bens de Augusto com seus herdeiros Gustavo e Fernanda caracteriza causa suspensiva do casamento, o que obsta o reconhecimento da união estável entre Rita e Augusto.');
insert into opcoes (num_exame, num_questao, letra_opcao, texto)
values(15, 39, 'B', 'Sendo reconhecida a união estável entre Augusto e Rita, aplicar-se-ão à relação patrimonial as regras do regime de comunhão universal de bens, salvo se houver contrato dispondo de forma diversa.');
insert into opcoes (num_exame, num_questao, letra_opcao, texto)
values(15, 39, 'C', 'Em razão do fim do relacionamento amoroso, Rita poderá pleitear alimentos em desfavor de Augusto, devendo, para tanto, comprovar o binômio necessidade');
insert into opcoes (num_exame, num_questao, letra_opcao, texto)
values(15, 39, 'D', 'As dívidas contraídas por Augusto, na constância do relacionamento com Rita, em proveito da entidade familiar, serão suportadas por Rita de forma subsidiária. 10 AME DE ORDEM UNIFICADO – TIPO 01 – BRANCA -possibilidade.');
insert into questoes (num_exame, num_questao, enunciado, opcao_correta)
values(15, 40, 'Paulo foi casado, por muitos anos, parcial com Luana, até que um desentendimento deu início a um divórcio litigioso. Temendo que Luana exigisse judicialmente metade do seu vasto patrimônio, Paulo começou a comprar bens com capital próprio em nome de sociedade da qual é sócio e passou os demais também para o nome da sociedade, restando, em seu nome, apenas a casa em que morava com ela. Acerca do assunto, marque a opção correta.', 'A');
insert into opcoes (num_exame, num_questao, letra_opcao, texto)
values(15, 40, 'A', 'A atitude de Paulo encontra respaldo na legislação, pois a lei faculta a todo cidadão especial de terceiros de má');
insert into opcoes (num_exame, num_questao, letra_opcao, texto)
values(15, 40, 'B', 'É permitido ao juiz afastar os efeitos da personificação da sociedade nos casos de desvio de finalidade ou confusão patrimonial, mas não o contrário, de modo que não há nada que Luana possa fazer comunicáveis.');
insert into opcoes (num_exame, num_questao, letra_opcao, texto)
values(15, 40, 'C', 'Sabendo-se que a “teoria da desconsideração da personalidade jurídica” encontra aplicação em outros ramos do direito e da legislação, é correto afirmar que os parâmetros adotados pelo Código Civil constituem a Teoria Menor, que exige menos requisitos.');
insert into opcoes (num_exame, num_questao, letra_opcao, texto)
values(15, 40, 'D', 'No caso de confusão patrimonial, gerado pela compra de bens com patrimônio particular em nome da sociedade, é possível atingir o patrimônio da sociedade, ao que se dá o nome de “desconsideração inversa ou invertida a se desconsiderar o negócio jurídico, havendo esses bens como matrimoniais e comunicáveis.');
insert into questoes (num_exame, num_questao, enunciado, opcao_correta)
values(15, 41, 'Donato, psiquiatra de renome, era dono de uma extensa e variada biblioteca, com obras de sua área profissional, importadas e raras. Com sua morte, José e Luiz resolvem alienar a biblioteca à Universidade do Estado, localizada na mesma cidade em que o falecido residia. Como Hugo vivia no exterior e José em outro estado, ambos incumbiram Luiz de fazer a entrega no prazo avençado porém, mais preocupado com seus próprios negócios, esqueceu-se de entregar a biblioteca à Universidade, que, diante da mora, notificou José para exigir integral em 48 horas, sob pena de resolução do contrato em perdas e danos. Nesse contexto, assinale a afirmativa correta.', 'A');
insert into opcoes (num_exame, num_questao, letra_opcao, texto)
values(15, 41, 'A', 'José deve entregar a biblioteca no prazo designado pela Universidade, se quiser evitar a resolução do contrato em perdas e danos.');
insert into opcoes (num_exame, num_questao, letra_opcao, texto)
values(15, 41, 'B', 'Não tendo sido ajustada solidariedade, José não está obrigado a entregar todos o pela sua cota parte.');
insert into opcoes (num_exame, num_questao, letra_opcao, texto)
values(15, 41, 'C', 'Como Luiz foi incumbido da entrega, a Universidade não poderia ter notificado José, mas deveria ter interpelado Luiz.');
insert into opcoes (num_exame, num_questao, letra_opcao, texto)
values(15, 41, 'D', 'Tratando-se de três devedores, a Universidade não poderia exigir de um só o pagamento; simultaneamente os três irmãos. no regime da comunhão defender sua propriedade, em -fé. para retomar os bens ”, de modo seus três filhos, Hugo,. Luiz, -lhe o cumprimento s livros, respondendo, apenas, logo, deveria ter notificado XV EX');
insert into questoes (num_exame, num_questao, enunciado, opcao_correta)
values(15, 42, 'Mateus não tinha mais parentes, nunca tivera descendentes e jamais havia vivido em união estável ou em matrimônio. Há alguns anos, ele decidiu fazer um testamento e deixar todo o seu patrimônio para seus amigos da vida toda, Marcos e Lucas. Seis meses depois da lavratura do testamento, por força de um exame de DNA, Mateus descobriu que tinha um filho, Alberto, 29 anos, que não conhecia, fruto de um relacionamento fugaz ocorrido no início de sua faculdade. Mateus reconheceu a paternidade de Alberto no Registro Civil e passou a conviver periodicamente com o filho. No mês passado, Mateus faleceu. Sobre sua sucessão, assinale a afirmativa correta.', 'A');
insert into opcoes (num_exame, num_questao, letra_opcao, texto)
values(15, 42, 'A', 'Todo o patrimônio de Mateus caberá a Alberto.');
insert into opcoes (num_exame, num_questao, letra_opcao, texto)
values(15, 42, 'B', 'Todo o patrimônio de Mateus caberá a Marcos e Lucas, por força do testamento.');
insert into opcoes (num_exame, num_questao, letra_opcao, texto)
values(15, 42, 'C', 'Alberto terá direito à legítima, cabendo a Marcos e Lucas a divisão da quota disponível.');
insert into opcoes (num_exame, num_questao, letra_opcao, texto)
values(15, 42, 'D', 'A herança de Mateus caberá igualmente aos herdeiros.');
insert into questoes (num_exame, num_questao, enunciado, opcao_correta)
values(15, 43, 'Com a ajuda de homens armados, Francisco invade determinada fazenda e expulsa dali os funcionários de Gabriel, dono da propriedade. Uma vez na posse do imóvel, Francisco decide dar continuidade às atividades agrícolas que vinha sendo ali desenvolvidas (plantio de soja e de feijão). Três anos após a invasão, Gabriel consegue, pela via judicial, ser reintegrado na posse da fazenda. Quanto aos frutos colhidos por Francisco durante o período em que permaneceu na posse da fazenda, afirmativa correta.', 'A');
insert into opcoes (num_exame, num_questao, letra_opcao, texto)
values(15, 43, 'A', 'Francisco deve restituir a Gabriel todos os frutos colhidos e percebidos, mas tem direito de ser ressarcido pelas despesas de produção e custeio.');
insert into opcoes (num_exame, num_questao, letra_opcao, texto)
values(15, 43, 'B', 'Francisco tem direito aos frutos percebidos durante o período em que permaneceu na fazenda.');
insert into opcoes (num_exame, num_questao, letra_opcao, texto)
values(15, 43, 'C', 'Francisco tem direito à metade dos frutos colhidos, devendo restituir a outra metade a Gabriel.');
insert into opcoes (num_exame, num_questao, letra_opcao, texto)
values(15, 43, 'D', 'Francisco deve restituir a Gabriel todos os frutos colhidos e percebidos, e não tem direito de ser ressarcido pelas despesas de produção e custeio. 11 AME DE ORDEM UNIFICADO – TIPO 01 – BRANCA três m assinale a');
insert into questoes (num_exame, num_questao, enunciado, opcao_correta)
values(15, 44, 'O Ministério Público moveu ação civil pública em face do estado A1 e do município A2, e em favor dos interesses da criança B, que precisava realizar um procedimento cirúrgico indispensável à manutenção de sua saúde R$ 8.000,00 (oito mil reais), o qual a família não tinha como custear. Os réus aduziram em contestação que os recursos públicos não poderiam ser destinados individualmente, mas sim, em caráter igualitário e geral a todos os que deles necessitassem. Considere a narrativa e assinale a única opção correta a seguir.', 'A');
insert into opcoes (num_exame, num_questao, letra_opcao, texto)
values(15, 44, 'A', 'Não tem cabimento a medida intentada pelo Ministério Público, uma vez que a ação civil pública destina interesse difusos ou coletivos, não sendo ferramenta jurídica hábil a tutelar os interesses individuais indisponíveis, como os descritos no enunciado, devendo o processo ser extinto sem resolução do mérito.');
insert into opcoes (num_exame, num_questao, letra_opcao, texto)
values(15, 44, 'B', 'A causa terá seguimento, visto que cabível ação civil pública na hipótese, mas, no mérito, os argumentos dos réus merecem acolhimento, já que conferir tratamento desigual à criança B implica violação ao princípio da isonomia, o que não encontra amparo na norma especial do ECA.');
insert into opcoes (num_exame, num_questao, letra_opcao, texto)
values(15, 44, 'C', 'A ação civil pública é perfeitamente cabível no caso e, no mérito, a prioridade legal assiste a crian atendimento a necessidades como vida e saúde, nisso justificando-se a absoluta prioridade na efetivação dos seus direitos, conferindo-lhe primazia de receber socorro e proteção, e a precedência no atendimento em serviço público.');
insert into opcoes (num_exame, num_questao, letra_opcao, texto)
values(15, 44, 'D', 'Não é cabível ação civil pública na hipótese, por se tratar de direito meramente individual, embora indisponível, e, como no mérito assiste razão aos interesses da criança B, a ação deverá ser extinta sem resolução do mérito, a fim de que outra ação judicial, intentada com o jurídica adequada, possa ser processada sem incorrer em litispendência. , ao custo de , -se a ça B no uso da ferramenta XV EX');
insert into questoes (num_exame, num_questao, enunciado, opcao_correta)
values(15, 45, 'José, tutor da criança Z, soube que Juarez vem oferecendo recompensa àqueles que lhe entregam crianças ou adolescentes em caráter definitivo. Entusiasmado com a quantia oferecida, José promete entregar a criança exatamente dez dias após o início da negociação. José contou aos seus vizinhos que não queria mais “ter trabalho com o menino”. Indignada, Marieta, vizinha de José, comunicou imediatamente o fato à autoridade policial, que conseguiu impedir a entrega da criança Z a Juarez. Nesse caso, à luz do Estatuto da Criança e do Adolescente, assinale a afirmativa correta.', 'A');
insert into opcoes (num_exame, num_questao, letra_opcao, texto)
values(15, 45, 'A', 'A promessa de entrega de Z, por si só, já configura infração penal, do mesmo modo que o seria em caso de efetiva entrega da criança.');
insert into opcoes (num_exame, num_questao, letra_opcao, texto)
values(15, 45, 'B', 'Somente a efetiva entrega da criança mediante paga ou recompensa configuraria a prática de infração penal tanto para quem entrega quanto para quem oferece o valor pecuniário.');
insert into opcoes (num_exame, num_questao, letra_opcao, texto)
values(15, 45, 'C', 'Tratar-se-ia de infração penal somente se a criança Z fosse filho de José, sendo a figura do tutor atípica para esse tipo de infração penal, não se podendo aplicar analogia para a configuração de crime.');
insert into opcoes (num_exame, num_questao, letra_opcao, texto)
values(15, 45, 'D', 'Somente incorre na pena pela prática de infração penal o sujeito que oferece a paga ou recompensa, sendo atípica para o responsável legal a mera promessa de entrega da criança.');
insert into questoes (num_exame, num_questao, enunciado, opcao_correta)
values(15, 46, 'Carmen adquiriu veículo zero quilômetro com dispositivo de segurança denominado airbag do motorista, apenas para o caso de colisões frontais. Cerca de dois meses após a aquisição do bem, o veículo de Carmen sofreu colisão traseira, e a motorista teve seu rosto arremessado contra o volante, causando-lhe escoriações leves. A consumidora ingres medida judicial em face do fabricante, buscando a reparação pelos danos materiais e morais que sofrera, alegando ser o produto defeituoso, já que o airbag não foi acionado quando da ocorrência da colisão. A perícia constatou colisão traseira e em velocidade inferior à necessária para o acionamento do dispositivo de segurança. Carmen invocou a inversão do ônus da prova contra o fabricante, o que foi indeferido pelo juiz. Analise o caso à luz da Lei nº 8.078/90 e assinale a afirmativa correta.', 'A');
insert into opcoes (num_exame, num_questao, letra_opcao, texto)
values(15, 46, 'A', 'Cabe inversão do ônus da prova em favor da consumidora, por expressa determinação legal, não podendo, em qualquer hipótese, o julgador negar tal pleito.');
insert into opcoes (num_exame, num_questao, letra_opcao, texto)
values(15, 46, 'B', 'Falta legitimação, merecendo a extinção do processo sem resolução do mérito, uma vez que o responsável civil reparação é o comerciante, no caso, a concessionária de veículos.');
insert into opcoes (num_exame, num_questao, letra_opcao, texto)
values(15, 46, 'C', 'A responsabilidade civil do fabricante é objetiva e independe de culpa; por isso, será cabível indenização à vítima consumidora, mesmo que esta não tenha conseguido comprovar a colisão dianteira.');
insert into opcoes (num_exame, num_questao, letra_opcao, texto)
values(15, 46, 'D', 'O produto não poderá ser caracterizado como defeituoso, inexistindo obrigação do fabricante de indenizar a consumidora, já que, nos autos, há apenas provas de colisão traseira. 12 AME DE ORDEM UNIFICADO – TIPO 01 – BRANCA sou com pela');
insert into questoes (num_exame, num_questao, enunciado, opcao_correta)
values(15, 47, 'Roberto, atraído pela propaganda de veículos zero quilômetro, compareceu até uma concessionária a fim de conhecer as condições de financiamento. Verificando que o valor das prestações cabia no seu orçamento mensal e que as taxas e os custos lhe pareciam justos, Roberto iniciou junto ao vendedor os procedimentos para a compra do veículo. Para sua surpresa, entretanto, a financeira negou argumento de que havia negativação do nome de Roberto nos cadastros de proteção ao crédito. Indignado e buscando esclarecimentos, Roberto procurou o Banco Cadastro que havia informado à concessionária acerca da suposta existência de negativação, sendo informado por um dos empregados que as informações que Roberto buscava somente poderiam ser dadas mediante ordem judicial. Sobre o procedimento do empregado do Banco, assinale a afirmativa correta.', 'A');
insert into opcoes (num_exame, num_questao, letra_opcao, texto)
values(15, 47, 'A', 'O empregado do Banco de Dados e Cadastros agiu no legítimo exercício de direito ao negar a prestação das informações, já que o solicitado pelo consumidor somente deve ser dado pelo fornecedor que cabendo a Roberto buscar uma ordem judicial mandamental, autorizando a divulgação dos dados para ele diretamente.');
insert into opcoes (num_exame, num_questao, letra_opcao, texto)
values(15, 47, 'B', 'O procedimento do empregado, ao negar as informações que constam no Banco de Dados e Cadastros sobre o consumidor, configura infração penal punível com pena de detenção ou multa, nos termos tipificados no Código de Defesa do Consumidor.');
insert into opcoes (num_exame, num_questao, letra_opcao, texto)
values(15, 47, 'C', 'A negativa no fornecimento das informações foi indevida, mas configura mera infração administrativa punível com advertência e, em caso d ser aplicada ao órgão, não ao empregado que negou a prestação de informações.');
insert into opcoes (num_exame, num_questao, letra_opcao, texto)
values(15, 47, 'D', 'Cuida-se de infração administrativa e, somente se cometido em operações que envolvessem alimentos, medicamentos ou serviços essenciais, configurar penal, para fins de incidência da norma consumerista em seu aspecto penal.');
insert into questoes (num_exame, num_questao, enunciado, opcao_correta)
values(15, 48, 'João Lima Artigos Esportivos Ltda. celebrou contrato de locação de imóvel comercial, localizado na Galeria Madureira, para a instalação do estabelecimento Atingida por forte crise setorial, a sociedade acumulou dívidas vultosas e não conseguiu honrá Com a decretação da falência, o contrato de locação comercial firmado pelo locatário', 'A');
insert into opcoes (num_exame, num_questao, letra_opcao, texto)
values(15, 48, 'A', 'ficará extinto de pleno direito, sendo obrigado a entregar ao locador o imóvel onde se localiza o ponto.');
insert into opcoes (num_exame, num_questao, letra_opcao, texto)
values(15, 48, 'B', 'poderá ser mantido, desde que o locador interpele o administrador judicial no prazo de até 90 (noventa) dias.');
insert into opcoes (num_exame, num_questao, letra_opcao, texto)
values(15, 48, 'C', 'será mantido, mas poderá ser denunciado, a qualquer tempo, pelo administrado');
insert into opcoes (num_exame, num_questao, letra_opcao, texto)
values(15, 48, 'D', 'ficará extinto, salvo se o Comitê de Credores autorizar o administrador judicial da massa falida a mantê -lhe o crédito, ao de Dados e solicitou a negativação, e reincidência, pena de multa a ia infração comercial da sociedade. -las. o locatário r judicial da massa falida. -lo. XV EX');
insert into questoes (num_exame, num_questao, enunciado, opcao_correta)
values(15, 49, 'Alfredo Chaves exerce, em caráter profissional, atividade intelectual de natureza literária, com a auxiliares. O exercício da profissão constitui elemento de empresa. Não há registro da atividade por parte de Alfredo Chaves em nenhum órgão público. Com base nessas informações e nas disposições do Código Civil, assinale a afirmativa correta.', 'A');
insert into opcoes (num_exame, num_questao, letra_opcao, texto)
values(15, 49, 'A', 'Alfredo Chaves não é empresário, porque exerce atividade intelectual de natureza literária.');
insert into opcoes (num_exame, num_questao, letra_opcao, texto)
values(15, 49, 'B', 'Alfredo Chaves não é empresário, porque não possui registro em nenhum órgão público.');
insert into opcoes (num_exame, num_questao, letra_opcao, texto)
values(15, 49, 'C', 'Alfredo Chaves é empresário, independentemente da falta de inscrição na Junta Comercial.');
insert into opcoes (num_exame, num_questao, letra_opcao, texto)
values(15, 49, 'D', 'Alfredo Chaves é empresário, porque exerce atividade não organizada em caráter profissional.');
insert into questoes (num_exame, num_questao, enunciado, opcao_correta)
values(15, 50, 'Sobre a distinção entre endosso e cessão de crédito, assinale a afirmativa correta.', 'A');
insert into opcoes (num_exame, num_questao, letra_opcao, texto)
values(15, 50, 'A', 'A cessão de crédito é a forma de transmissão dos ordem, enquanto o endosso é a forma de transmissão dos títulos não à ordem.');
insert into opcoes (num_exame, num_questao, letra_opcao, texto)
values(15, 50, 'B', 'A cessão de crédito ao cessionário pode ser parcial ou total, enquanto o endosso deve ser feito pelo valor integral do título, sob pena de nulidade.');
insert into opcoes (num_exame, num_questao, letra_opcao, texto)
values(15, 50, 'C', 'A eficácia do endosso em relação aos devedores do título depende de sua notificação; na cessão de crédito, a eficácia decorre da simples assinatura do cedente no anverso do título.');
insert into opcoes (num_exame, num_questao, letra_opcao, texto)
values(15, 50, 'D', 'O direito de crédito do endossatário é dependente das relações do devedor com portadores anteri do cessionário é literal e autônomo em relação aos portadores anteriores.');
insert into questoes (num_exame, num_questao, enunciado, opcao_correta)
values(15, 51, 'Almino José consultou seu advogado com o intuito de constituir uma Empresa Individual de Responsabilidade Limitada – EIRELI. Com base na legislação aplicável à EIRELI, assinale a opção que apresenta a resposta correta dada pelo advogado.', 'A');
insert into opcoes (num_exame, num_questao, letra_opcao, texto)
values(15, 51, 'A', 'O administrador da EIRELI deverá ser nomeado no ato constitutivo e será apenas o sócio, seu cônjuge ou parente até o 3º grau dessas pessoas.');
insert into opcoes (num_exame, num_questao, letra_opcao, texto)
values(15, 51, 'B', 'O ato constitutivo da EIRELI deverá ser arquivado no Registro Civil de Pessoas Jurídicas, independentemente do objeto.');
insert into opcoes (num_exame, num_questao, letra_opcao, texto)
values(15, 51, 'C', 'As deliberações infringentes da lei que Almino José vier a tomar acarretarão sua responsabilidade ilimitada pelas obrigações da pessoa jurídica.');
insert into opcoes (num_exame, num_questao, letra_opcao, texto)
values(15, 51, 'D', 'Caso a receita bruta anual da EIRELI seja inferior a R$ 100.000,00 (cem mil reais), será possível enquadrá microempreendedor individual (MEI). 13 AME DE ORDEM UNIFICADO – TIPO 01 – BRANCA colaboração de títulos à ores; o direito -la como');
insert into questoes (num_exame, num_questao, enunciado, opcao_correta)
values(15, 52, 'Na cláusula décima do contrato social de Populina Comércio de Brinquedos Ltda., ficou estabelecido que: “ qualquer título da quota de qualquer dos sócios depende da oferta prévia aos demais sócios (direito de preferência) nas mesmas condições da oferta a não sócio. Caso, após o decurso de 30 (trinta) dias, não haja interessado, o cedente poderá livremente realizar a cessão da quota a não sócio Tendo em vista as disposições do Código Civil acerca de cessão de quotas na sociedade limitada, assinale a afirmativa correta.', 'A');
insert into opcoes (num_exame, num_questao, letra_opcao, texto)
values(15, 52, 'A', 'A cláusula é integralmente válida, tendo em vista ser lícito aos sócios dispor no contrato sobre as regras a serem observadas na cessão de quotas.');
insert into opcoes (num_exame, num_questao, letra_opcao, texto)
values(15, 52, 'B', 'A cláusula é nula, porque não é lícito aos sócios dispor no contrato sobre a cessão de quotas, eis que ela depende sempre do consentimento dos demais sócios.');
insert into opcoes (num_exame, num_questao, letra_opcao, texto)
values(15, 52, 'C', 'A cláusula é ineficaz em relaç porque o sócio pode ceder sua quota, total ou parcialmente, a outro sócio, independentemente da audiência dos demais.');
insert into opcoes (num_exame, num_questao, letra_opcao, texto)
values(15, 52, 'D', 'A cláusula é válida parcialmente, sendo nula na parte em que autoriza a cessão a não sócio, eis que ela depe sempre do consentimento de três quartos do capital social.');
insert into questoes (num_exame, num_questao, enunciado, opcao_correta)
values(15, 53, 'Maria, representando sua filha Cláudia, ajuizou demanda em face de Pedro, objetivando o reconhecimento de paternidade da menina e a condenação do suposto pai ao pagamento de alimentos. Após todo o trâmite processual regularmente decorrido, na sentença, o Juiz decidiu pela procedência do pedido, reconhecendo a paternidade e condenando Pedro à prestação de alimentos. O réu, por sua vez, interpôs apelação, apresentando laudo de laboratório notoriamente conhecido com resultado diverso daquele que fundamentara a decisão. A apelação foi recebida em seu duplo efeito. A partir do exposto, como advogado de Cláudia, você adotaria o procedimento de', 'A');
insert into opcoes (num_exame, num_questao, letra_opcao, texto)
values(15, 53, 'A', 'não interpor recurso, porque a decisão procedência ao pedido faz com que Maria não tenha interesse em recorrer.');
insert into opcoes (num_exame, num_questao, letra_opcao, texto)
values(15, 53, 'B', 'interpor agravo retido, pois o recebimento da apelação é decisão interlocutória e o CPC afirma que deve ser ele o recurso interposto de decisões interlocutórias.');
insert into opcoes (num_exame, num_questao, letra_opcao, texto)
values(15, 53, 'C', 'interpor agravo de instrumento, pois é o recurso cabível em face de decisão interlocutória que defere o recebimento da apelação e os seus efeitos.');
insert into opcoes (num_exame, num_questao, letra_opcao, texto)
values(15, 53, 'D', 'interpor embargo de declaração, já que se trata de decisão interlocutória e contraditória, pois recebeu a ape duplo efeito, impedindo que a prestação de alimentos se iniciasse. A cessão a ”. ão à sociedade e a terceiros, nde do juiz dando lação com XV EX');
insert into questoes (num_exame, num_questao, enunciado, opcao_correta)
values(15, 54, 'Ricardo ajuizou ação de execução por título extrajudicial em face de Fábio, objetivando o pagamento de cheque que fora devolvido por insuficiência de fundos, no valor de R$ Após Fábio ser regularmente citado, Ricardo requereu ao juiz a desistência do processo. Dessa forma, assinale a afirmativa correta.', 'A');
insert into opcoes (num_exame, num_questao, letra_opcao, texto)
values(15, 54, 'A', 'O juiz deverá homologar a desistência, independentemente da concordância do executado, caso não tenham sido apresentados embargos versando sobre questões de direito material.');
insert into opcoes (num_exame, num_questao, letra_opcao, texto)
values(15, 54, 'B', 'O juiz somente poderá homologar a desistência após a anuência do executado.');
insert into opcoes (num_exame, num_questao, letra_opcao, texto)
values(15, 54, 'C', 'O juiz não homologará a desistência, já que o credor tem a faculdade de desistir apenas de algumas me executivas.');
insert into opcoes (num_exame, num_questao, letra_opcao, texto)
values(15, 54, 'D', 'O juiz não homologará a desistência caso o devedor, citado, ofereça embargos que versem apenas sobre questões processuais.');
insert into questoes (num_exame, num_questao, enunciado, opcao_correta)
values(15, 55, 'João vendeu para seu vizinho Pedro, por R$ reais), um automóvel usado, tendo as partes, para tanto, celebrado contrato de compra e venda assinado pelo devedor e por duas testemunhas. Na ocasião, ficou acordado que João entregaria o veículo a Pedro mediante o pagamento, no ato, de R$ 4.000,00 (quatro mil reais), sendo o restante da dív pago em 3 (três) parcelas mensais de R$ reais) cada. Sucede, entretanto, que, depois de pagar R$ 4.000,00 (quatro mil reais) e receber o automóvel de João, Pedro não cumpriu sua obrigação quanto ao valor remanescente. Tendo em vista essa situação hipotética e considerando os princípios e regras atinentes ao processo de execução, assinale a afirmativa correta.', 'A');
insert into opcoes (num_exame, num_questao, letra_opcao, texto)
values(15, 55, 'A', 'Não satisfeita a obrigação certa, líquida e exigível, consubstanciada em título executivo, a execução poderá ser instaurada por João, desde que notifique previamente Pedro.');
insert into opcoes (num_exame, num_questao, letra_opcao, texto)
values(15, 55, 'B', 'João não poderá prosseguir com a execução caso Pedro cumpra a obrigação no curso da demanda, hipótese em que caberá àquele arcar com as custas processuais e honorários.');
insert into opcoes (num_exame, num_questao, letra_opcao, texto)
values(15, 55, 'C', 'O adimplemento parcial da prestação não João ajuíze a execução quanto à parcela da obrigação que não foi realizada.');
insert into opcoes (num_exame, num_questao, letra_opcao, texto)
values(15, 55, 'D', 'O inadimplemento relativo, assim como o inadimplemento absoluto, autoriza o ajuizamento da ação executiva para a entrega de coisa, desde que preenchidos os demais requisitos necessários. 14 AME DE ORDEM UNIFICADO – TIPO 01 – BRANCA 1.000,00. didas 10.000,00 (dez mil ida 2.000,00 (dois mil impede que');
insert into questoes (num_exame, num_questao, enunciado, opcao_correta)
values(15, 56, 'No procedimento comum ordinário tratado pelo Código de Processo Civil, uma vez ausentes as hipóteses que determinam o julgamento antecipado da lide ou a extinção do processo, poderá o juiz designar a audiência Sobre essa etapa procedimental, assinale a afirmativa', 'A');
insert into opcoes (num_exame, num_questao, letra_opcao, texto)
values(15, 56, 'A', 'A sentença judicial que homologa acordo de conciliação ou transação em sede de audiência preliminar não será dotada de eficácia de título executivo judicial.');
insert into opcoes (num_exame, num_questao, letra_opcao, texto)
values(15, 56, 'B', 'É obrigatória a presença das partes na audiência preliminar regularmente designada, sob pena de extinção do processo, caso a falta seja do autor, ou de decretação da revelia, quando o réu não comparecer.');
insert into opcoes (num_exame, num_questao, letra_opcao, texto)
values(15, 56, 'C', 'O juiz não poderá, em quaisquer hipóteses, dispensar a realização da audiência preliminar.');
insert into opcoes (num_exame, num_questao, letra_opcao, texto)
values(15, 56, 'D', 'Se, por qualquer motivo, não for obtida a conciliação, o juiz fixará os pontos controvertidos, decidirá as questões processuais pendentes e determinará as provas a serem produzidas, designando audiência de instrução e julgamento, se necessário.');
insert into questoes (num_exame, num_questao, enunciado, opcao_correta)
values(15, 57, 'Adamastor ingressou com ação indenizatória em face de determinada operadora de telefonia fixa, argumentando ausência de relação contratual e inscrição indevida de seu nome no cadastro de proteção ao crédito. Em contestação, a ré apresentou o contrato firmado entre as partes dezoito meses antes e comprovou a falta de pagamento das faturas dos últimos três meses. Em réplica, Adamastor alegou que fez o pedido da linha, mas que seu irmão teria feito uso do serviço, restando indevida a i cadastro de devedores. Nesse caso, concluída a fase probatória, considerando apenas o aspecto processual, o processo deve ser extinto', 'A');
insert into opcoes (num_exame, num_questao, letra_opcao, texto)
values(15, 57, 'A', 'sem resolução do mérito, em razão da ausência de pressupostos processuais de existência do a parte autora não tem legitimidade para a causa.');
insert into opcoes (num_exame, num_questao, letra_opcao, texto)
values(15, 57, 'B', 'com resolução do mérito, julgando pedido, haja vista a evidente demonstração de fato extintivo e modificativo do direito do autor, que decorre da ausência de responsabilid');
insert into opcoes (num_exame, num_questao, letra_opcao, texto)
values(15, 57, 'C', 'sem resolução do mérito, por restarem ausentes as condições da ação no que tange ao interesse processual, caracterizado pelo binômio necessidade além da ilegitimidade da parte autora.');
insert into opcoes (num_exame, num_questao, letra_opcao, texto)
values(15, 57, 'D', 'com resolução do mérito, pedido, já que a parte ré apontou fato impeditivo do direito do autor por ter prestado os serviços adequadamente, comprovando a relação contratual válida existente e a inadimplência. preliminar. correta. nscrição do seu nome no processo, já que -se improcedente o ade civil nesses casos. -possibilidade, julgando-se improcedente o XV EX');
insert into questoes (num_exame, num_questao, enunciado, opcao_correta)
values(15, 58, 'Raul ajuizou ação de indenização por danos materiais, pelo rito ordinário, em face de Sérgio, pretendendo ressarcir prejuízos suportados com o conserto de seu táxi, decorrentes de uma colisão no trânsito causada por imprudência do réu. O pedido foi julgado procedente, mas a determinação do valor exato da condenação dependia de apuração do debeatur, relativo às consequências do ato ilícito. Diante da atual sistemática do Código de Processo Civil, é correto afirmar que a liquidação de sentença, na hipótese,', 'A');
insert into opcoes (num_exame, num_questao, letra_opcao, texto)
values(15, 58, 'A', 'é considerada simples incidente processual, devendo o juiz, de ofício, iniciá-la, determinando a citação do réu.');
insert into opcoes (num_exame, num_questao, letra_opcao, texto)
values(15, 58, 'B', 'constitui-se em processo autônomo, iniciado mediante requerimento da parte interessada, do qual será citado o réu.');
insert into opcoes (num_exame, num_questao, letra_opcao, texto)
values(15, 58, 'C', 'constitui-se em fase do processo de conhecimento, iniciada mediante requerimento da parte interessada, do qual será intimada a parte contrária na pessoa de seu advogado.');
insert into opcoes (num_exame, num_questao, letra_opcao, texto)
values(15, 58, 'D', 'constitui-se em procedimento autônomo, devendo o juiz, de ofício, iniciá-lo, mediante intimação das partes.');
insert into questoes (num_exame, num_questao, enunciado, opcao_correta)
values(15, 59, 'José cometeu, em 10/11/2008, delito de roubo. Foi denunciado, processado e condenado, com sentença condenatória publicada em 18/10/2009. A referida sentença transitou definitivamente em julgado no dia 29/08/2010. No dia 15/05/2010, José cometeu novo delito sido condenado, por tal conduta, no dia 07/04/2012. Nesse sentido, levando em conta a situação narrada e a disciplina acerca da reincidência, assinale a afirmativa correta.', 'A');
insert into opcoes (num_exame, num_questao, letra_opcao, texto)
values(15, 59, 'A', 'Na sentença relativa ao delito de roubo, José deveria ser considerado reincidente.');
insert into opcoes (num_exame, num_questao, letra_opcao, texto)
values(15, 59, 'B', 'Na sentença relativa ao delito de furto, José deveria ser considerado reincidente.');
insert into opcoes (num_exame, num_questao, letra_opcao, texto)
values(15, 59, 'C', 'Na sentença relativa ao delito de furto, José deveria ser considerado primário.');
insert into opcoes (num_exame, num_questao, letra_opcao, texto)
values(15, 59, 'D', 'Considera-se reincidente aquele que pratica crime após publicação de sentença que, no Brasil ou no estrangeiro, o tenha condenado por crime anterior.');
insert into questoes (num_exame, num_questao, enunciado, opcao_correta)
values(15, 60, 'Roberto estava dirigindo seu automóvel quando perdeu o controle da direção e subiu a calçada, atropelando dois pedestres que estavam parados num ponto de ônibus. Nesse contexto, levando-se em consideração o concurso de crimes, assinale a opção correta, que contempla a espécie em análise:', 'A');
insert into opcoes (num_exame, num_questao, letra_opcao, texto)
values(15, 60, 'A', 'concurso material.');
insert into opcoes (num_exame, num_questao, letra_opcao, texto)
values(15, 60, 'B', 'concurso formal próprio ou perfeito.');
insert into opcoes (num_exame, num_questao, letra_opcao, texto)
values(15, 60, 'C', 'concurso formal impróprio ou imperfeito.');
insert into opcoes (num_exame, num_questao, letra_opcao, texto)
values(15, 60, 'D', 'crime continuado. 15 AME DE ORDEM UNIFICADO – TIPO 01 – BRANCA -se dos quantum , de furto, tendo');
insert into questoes (num_exame, num_questao, enunciado, opcao_correta)
values(15, 61, 'Numerosos cidadãos, sem qualquer combinação prévia, revoltados com os sucessivos escândalos e as notícias de corrupção envolvendo as autoridades locais, vestiram totalmente de preto e foram para as escadarias da Câmara Municipal, após terem escutado d entrevista ao vivo, que os professores municipais eram marajás. Lá chegando, alguns manifestantes, também sem qualquer combinação ou liame subjetivo, começaram a atirar pedras em direção ao referido prédio público e, com isso, três vidraças foram quebradas. A polícia, com o auxílio das imagens gravadas e transmitidas identificar todas as pessoas que atiraram pedras e danificaram o patrimônio público. Nesse sentido, tendo por base as informações apresentadas no fragmento acima, assinale a afirmativa correta.', 'A');
insert into opcoes (num_exame, num_questao, letra_opcao, texto)
values(15, 61, 'A', 'Os cidadãos devem responder pelos crimes de associação criminosa (Art. 288, do CP) e dano qualificado (Art. 163, § único, inciso III, do CP).');
insert into opcoes (num_exame, num_questao, letra_opcao, texto)
values(15, 61, 'B', 'Descabe falar-se em crime de associação criminosa (Art. 288, do CP), pois, dentre outras circunstâncias, a reunião das pessoas, naquele momento, foi apenas eventual.');
insert into opcoes (num_exame, num_questao, letra_opcao, texto)
values(15, 61, 'C', 'Deve incidir, para o crime de dano qualificado (Art. 163, parágrafo único, inciso III, do CP), a circunstância agravante do concurso de pessoas.');
insert into opcoes (num_exame, num_questao, letra_opcao, texto)
values(15, 61, 'D', 'Não houve a prática de nenhum ato criminoso, pois as condutas descritas não encontram adequação típica e, mais ainda, não havia dolo específico de deteriorar patrimônio público.');
insert into questoes (num_exame, num_questao, enunciado, opcao_correta)
values(15, 62, 'Francisco foi condenado por homicídio simples, previsto no Art. 121 do Código Penal, devendo cumprir pena de seis anos de reclusão. A sentença penal condenatória transitou em julgado no dia 10 de agosto de 1984. Dias depois, Francisco foge para o interior do Estado, onde residia, ficando isolado num sítio. Após a fuga, as conseguiram capturá-lo. Francisco procura você como advogado(a) em 10 de janeiro de 2014. Com relação ao caso narrado, assinale a afirmativa correta.', 'A');
insert into opcoes (num_exame, num_questao, letra_opcao, texto)
values(15, 62, 'A', 'Ainda não ocorreu prescrição do crime, tendo em vista que ainda não foi ultrapassado o prazo de trinta anos requerido pelo Código Penal.');
insert into opcoes (num_exame, num_questao, letra_opcao, texto)
values(15, 62, 'B', 'Houve prescrição da pretensão executória.');
insert into opcoes (num_exame, num_questao, letra_opcao, texto)
values(15, 62, 'C', 'Não houve prescrição, pois o crime de homicídio simples é imprescritível.');
insert into opcoes (num_exame, num_questao, letra_opcao, texto)
values(15, 62, 'D', 'Houve prescrição da pretensão punitiva pela pena em abstrato, pois Francisco nunca foi capturado. -se o prefeito, durante uma pela imprensa, conseguiu autoridades públicas nunca XV EX');
insert into questoes (num_exame, num_questao, enunciado, opcao_correta)
values(15, 63, 'Pedro Paulo, primário e de bons antecedentes, foi denunciado pelo crime de descaminho (Art. 334, caput, do Código Penal), pelo transporte de mercadorias procedentes do Paraguai e desacompanhadas de documentação comprobatória de sua importação regular, no valor de R$ 3.500,00, conforme atestam o Auto de Infração e o Termo de Apreensão e Guarda Fiscal, bem como o Laudo de Exame Merceológico, elaborado pelo Instituo Nacional de Criminalística. Em defesa de Pedro Paulo, segundo entendimento dos Tribunais Superiores, é possível alegar a aplicação do', 'A');
insert into opcoes (num_exame, num_questao, letra_opcao, texto)
values(15, 63, 'A', 'princípio da proporcionalidade.');
insert into opcoes (num_exame, num_questao, letra_opcao, texto)
values(15, 63, 'B', 'princípio da culpabilidade.');
insert into opcoes (num_exame, num_questao, letra_opcao, texto)
values(15, 63, 'C', 'princípio da adequação social.');
insert into opcoes (num_exame, num_questao, letra_opcao, texto)
values(15, 63, 'D', 'princípio da insignificância ou da bagatela.');
insert into questoes (num_exame, num_questao, enunciado, opcao_correta)
values(15, 64, 'No dia 14 de setembro de 2014, por volta das 20h, José, primário e de bons antecedentes, tentou subtrair para si, mediante escalada de um muro de 1,70 metros de altura, vários pedaços de fios duplos de cobre da rede elétrica avaliados em, aproximadamente, R$ 100,00 (cem reais) época dos fatos. Sobre o caso apresentado, segundo entendimento sumulado do STJ, assinale a afirmativa correta.', 'A');
insert into opcoes (num_exame, num_questao, letra_opcao, texto)
values(15, 64, 'A', 'É possível o reconhecimento do furto qualificado privilegiado independentemente do preenchimento cumulativo dos requisitos previstos no CP.');
insert into opcoes (num_exame, num_questao, letra_opcao, texto)
values(15, 64, 'B', 'É possível o reconhecimento do privilégio previsto no Art. 155, § 2º, do CP nos casos de crime de furto qualificado se estiverem presentes a primariedade do agente e o pequeno valor da coisa, e se a qualificadora for de ordem objetiva.');
insert into opcoes (num_exame, num_questao, letra_opcao, texto)
values(15, 64, 'C', 'Não é possível o reconhecimento do privilégio previsto no Art. 155, § 2º, do CP nos casos de crime de furto qualificado, mesmo que estejam presentes a primariedade do agente e o pequeno valor da coisa, e se a qualificadora for de ordem objetiva.');
insert into opcoes (num_exame, num_questao, letra_opcao, texto)
values(15, 64, 'D', 'É possível o reconhecimento do privilégio previsto no Art. 155, § 2º, do CP nos casos de crime de furto qualificado se estiverem presentes a primariedade do agente, o pequeno valor da coisa, e se a qualificadora for de ordem subjetiva. 16 AME DE ORDEM UNIFICADO – TIPO 01 – BRANCA à - Art. 155, § 2º, do');
insert into questoes (num_exame, num_questao, enunciado, opcao_correta)
values(15, 65, 'Fabrício, com dolo de matar, realiza vários disparos de arma de fogo em direção a Cristiano. Dois projéteis de arma de fogo atingem o peito da vítima, que vem a falecer. Fabrício foge para não ser preso em flagrante. Os fatos ocorreram no final de uma tarde de domingo, diante de várias testemunhas. O inquérito policial foi instaurado, e Fabrício foi indiciado pelo homicídio de Cristiano. Os autos são remetidos ao Ministério Público, que denuncia Fabrício. O processo tem seu curso regular e as testemunhas confirmam que Fabrício foi o autor do disparo. Após a apresentação dos memoriais, os autos são remetidos para conclusão, a fim de que seja exarada a sentença, sendo certo que o juiz está convencido de que há indícios de autoria em desfavor de Fabrício e prov materialidade de crime doloso contra a vida. Diante do caso narrado, assinale a alternativa correta acerca da sentença a ser proferida pelo juiz na primeira fase do procedimento do Júri.', 'A');
insert into opcoes (num_exame, num_questao, letra_opcao, texto)
values(15, 65, 'A', 'O juiz deve impronunciar Fabrício pelo crime de homicídio, diante dos indícios de autoria e prova da materialidade, que indicam a prática de crime doloso contra a vida.');
insert into opcoes (num_exame, num_questao, letra_opcao, texto)
values(15, 65, 'B', 'O juiz deve pronunciar Fabrício, remetendo os autos ao Juízo comum, diante dos indícios de autoria e prova da materialidade, que indicam a prática de contra a vida.');
insert into opcoes (num_exame, num_questao, letra_opcao, texto)
values(15, 65, 'C', 'O juiz deve pronunciar Fabrício, submetendo do Júri, diante dos indícios de autoria e prova da materialidade, que indicam a prática de crime doloso contra a vida.');
insert into opcoes (num_exame, num_questao, letra_opcao, texto)
values(15, 65, 'D', 'O juiz deve pronunciar Fabrício, submetendo do Júri mediante desclassificação do crime comum para crime doloso contra a vida, diante dos indícios de autoria e prova da materialidade, que indicam a prática de crime doloso contra a vida.');
insert into questoes (num_exame, num_questao, enunciado, opcao_correta)
values(15, 66, 'Daniel foi condenado à pena privativa de liberdade de 06 anos de reclusão, em regime inicial fechado, pela prática do delito de estupro (Art. 213, do Código Penal). Tendo decorrido lapso temporal para progressão de regime prisional e ostentando o reeducando bom comportamento carcerário, sua defesa pleiteou a concessão do benefício. Em 26/07/2013, o Juízo das Execuções, tendo em vista a necessidade de melhor aferição do requisito subjetivo, determinou a realização de exame criminológico, em decisão devidamen Sobre o caso apresentado, segundo entendimento sumulado nos Tribunais Superiores, assinale a opção correta.', 'A');
insert into opcoes (num_exame, num_questao, letra_opcao, texto)
values(15, 66, 'A', 'Agiu corretamente o magistrado, eis que é possível a realização de exame criminológico pelas peculiaridades do caso, desde que em decisão motivada.');
insert into opcoes (num_exame, num_questao, letra_opcao, texto)
values(15, 66, 'B', 'Agiu corretamente o magistrado, pois a realização de exame criminológico é sempre necessária.');
insert into opcoes (num_exame, num_questao, letra_opcao, texto)
values(15, 66, 'C', 'Não agiu corretamente o magistrado, uma vez que não é possível a realização de exame criminológico.');
insert into opcoes (num_exame, num_questao, letra_opcao, texto)
values(15, 66, 'D', 'Não agiu corretamente o magistrado, na me exame criminológico só poderá ser realizado no caso de crimes graves e hediondos. a da crime doloso -o ao plenário -o ao plenário te fundamentada. dida em que o XV EX');
insert into questoes (num_exame, num_questao, enunciado, opcao_correta)
values(15, 67, 'João Paulo, primário e de bons antecedentes, foi denunciado pela prática de homicídio qualificado por motivo fútil (Art. 121, § 2º, II, do Código Penal). Logo após o recebimento da denúncia, o magistrado, acatando o pedido realizado pelo Ministério Público, decretou a prisão preventiva do acusado, já que havia documentação comprobatória de que o réu estava fugindo do país, a fim de se furtar de uma sentença condenatória ao final do processo. O processo transcorreu normalmente, tendo ao réu sido assegurados todos os seus direitos legais. Após cinco anos de prisão provisória, foi marcada a audiência no Plenário do Júri. Os jurados, por unanimidade, consideraram o réu culpado pela prática do homicídio supramencionado. O Juiz Presidente então passou à aplicação da pena e, ao término do cálculo no rito tri-fásico, obteve a pena de 12 anos de prisão em regime inicialmente fechado. Sobre a hipótese narrada, assinale a afirmativa correta.', 'A');
insert into opcoes (num_exame, num_questao, letra_opcao, texto)
values(15, 67, 'A', 'Somente o juiz da Vara de Execuções Penais poderá realizar o cômputo do tempo de prisão provisória para fins de determinação do regime inicial de cumprimento de pena.');
insert into opcoes (num_exame, num_questao, letra_opcao, texto)
values(15, 67, 'B', 'O magistrado sentenciante deverá computar o temp prisão provisória para fins de determinação do regime inicial de pena privativa de liberdade.');
insert into opcoes (num_exame, num_questao, letra_opcao, texto)
values(15, 67, 'C', 'O condenado deverá iniciar seu cumprimento de pena no regime inicial fechado e, passado o prazo de 1/6, poderá requerer ao juízo de execução a progressão par mais benéfico, desde que preencha os demais requisitos legais.');
insert into opcoes (num_exame, num_questao, letra_opcao, texto)
values(15, 67, 'D', 'O condenado deverá iniciar seu cumprimento de pena no regime inicial fechado e, passado o prazo de 1/6, poderá requerer ao juízo sentenciante a progressão para o regime mais benéfico, desde que preencha os demais requisitos legais.');
insert into questoes (num_exame, num_questao, enunciado, opcao_correta)
values(15, 68, 'Tiago e Andrea agiram em concurso de agentes em determinado crime. O processo segue seu curso natural, culminando com sentença condenatória, na qual os dois são condenados. Quando da interposição do recurso, apenas Andrea apela. O recurso é julgado. Na decisão, fundada em motivos que não são de caráter exclusivamente pessoal, os julgadores decidem pela absolvição de Andrea. Nesse sentido, diante apenas das informações apresentadas pelo enunciado, assinale a afirmativa correta.', 'A');
insert into opcoes (num_exame, num_questao, letra_opcao, texto)
values(15, 68, 'A', 'Andrea será absolvida e Tiago continuará condenado, devido ao fato de a decisão ter sido fundada em motivos que não são de caráter exclusivamente pessoal.');
insert into opcoes (num_exame, num_questao, letra_opcao, texto)
values(15, 68, 'B', 'Andrea e Tiago serão absolvidos, pois os efeitos da serão estendidos a este, devido ao fato de a decisão ter sido fundada em motivos que não são de caráter exclusivamente pessoal.');
insert into opcoes (num_exame, num_questao, letra_opcao, texto)
values(15, 68, 'C', 'Andrea e Tiago serão absolvidos, porém será necessário interpor Recurso Especial.');
insert into opcoes (num_exame, num_questao, letra_opcao, texto)
values(15, 68, 'D', 'Andrea será absolvida e Tiago continuará condenado, pois não interpôs recurso. 17 AME DE ORDEM UNIFICADO – TIPO 01 – BRANCA possível o de a o regime decisão');
insert into questoes (num_exame, num_questao, enunciado, opcao_correta)
values(15, 69, 'Matheus foi denunciado pela prática dos crimes de tráfico de drogas (Art. 33, caput, da Lei nº 11.343/2006) e associação para o tráfico (Art. 35, caput concurso material. Quando da realização da audiência de instrução e julgamento, o advogado de defesa pleiteou que o réu fosse interrogado após a oitiva das testemunhas de acusação e de defesa, como determina o Código de Processo Penal (Art. 400 do CPP, com redação dada p 11.719/2008), o que seria mais benéfico à defesa. O juiz singular indeferiu a inversão do interrogatório, sob a alegação de que a norma aplicável à espécie seria a Lei nº 11.343/2006, a qual prevê, em seu Art. 57, que o réu deverá ser ouvido no início da instrução. Nesse caso,', 'A');
insert into opcoes (num_exame, num_questao, letra_opcao, texto)
values(15, 69, 'A', 'o juiz não agiu corretamente, pois o interrogatório do acusado, de acordo com o Código de Processo Penal, é o último ato a ser realizado.');
insert into opcoes (num_exame, num_questao, letra_opcao, texto)
values(15, 69, 'B', 'o juiz agiu corretamente, eis que o interrogatório, em razão do princípio da especialidade, deve ser o primeiro ato da instrução nas ações penais instauradas para a persecução dos crimes previstos na Lei de Drogas.');
insert into opcoes (num_exame, num_questao, letra_opcao, texto)
values(15, 69, 'C', 'o juiz não agiu corretamente, pois é cabível a inversão do interrogatório, devendo ser automaticamente reconhecida a nulidade em razão da adoção de procedimento incorreto.');
insert into opcoes (num_exame, num_questao, letra_opcao, texto)
values(15, 69, 'D', 'o juiz agiu corretamente, já que, independentemente do procedimento adotado, não há uma ordem a ser seguida em relação ao momento da realização do interrogatório do acusado.');
insert into questoes (num_exame, num_questao, enunciado, opcao_correta)
values(15, 70, 'Rogéria, balconista na empresa Bolsas e Acessórios Divinos Ltda., candidatou-se em uma chapa para a direção do sindicato dos comerciários do seu Município, sendo eleita posteriormente. Contudo, o sindicato não comunicou o registro da candidatura, eleição e empregador. Durante o mandato de Rogéria, o empregador a dispensou sem justa causa e com cumprimento do aviso prévio. Rogéria, então, enviou um dando-lhe ciência dos fatos, mediante prova documental. Apesar das provas, a empresa não aceitou suas razões e ratificou o desejo de romper o contrato de trabalho. Sobre o caso narrado, de acordo com a jurisprudência do TST, assinale a afirmativa correta.', 'A');
insert into opcoes (num_exame, num_questao, letra_opcao, texto)
values(15, 70, 'A', 'Rogéria tem garantia no emprego, já que a comunicação, apesar de fora do prazo legal, foi feita na vigência do contrato.');
insert into opcoes (num_exame, num_questao, letra_opcao, texto)
values(15, 70, 'B', 'O sindicato não observou o prazo legal para comunicação, motivo pelo qual a dispensa não pode ser considerada ilícita nem discriminatória, prevalecendo a ruptura.');
insert into opcoes (num_exame, num_questao, letra_opcao, texto)
values(15, 70, 'C', 'A jurisprudência é omissa, razão empregador aceitar ou não a comunicação.');
insert into opcoes (num_exame, num_questao, letra_opcao, texto)
values(15, 70, 'D', 'É irrelevante que a comunicação da eleição tenha sido feita, já que a responsabilidade do empregador é objetiva. , da Lei nº 11.343/2006), em ela Lei nº posse da empregada ao e-mail para o empregador, pela qual faculta-se ao XV EX');
insert into questoes (num_exame, num_questao, enunciado, opcao_correta)
values(15, 71, 'Paulo, empregado de uma empresa siderúrgica, é portador do vírus HIV. Tomando conhecimento dessa notícia, o empregador o dispensou imotivadamente e pagou todas as verbas rescisórias. No momento da dispensa, o chefe de Paulo afirmou que a dispensa somente ocorreu em razão de sua doença, apesar de ser um excelente profis inconformado, ajuizou ação trabalhista para resguardar o seu direito. No caso, se o pedido for julgado procedente, Paulo tem direito a', 'A');
insert into opcoes (num_exame, num_questao, letra_opcao, texto)
values(15, 71, 'A', 'ser reintegrado.');
insert into opcoes (num_exame, num_questao, letra_opcao, texto)
values(15, 71, 'B', 'ser readmitido.');
insert into opcoes (num_exame, num_questao, letra_opcao, texto)
values(15, 71, 'C', 'receber apenas os salários do período de afastamento.');
insert into opcoes (num_exame, num_questao, letra_opcao, texto)
values(15, 71, 'D', 'receber apenas indenização por dano moral.');
insert into questoes (num_exame, num_questao, enunciado, opcao_correta)
values(15, 72, 'Marlene trabalhou em uma residência como cozinheira de 5 de maio de 2013 a 6 de julho de 2014. Assinale a opção que contempla o direito inerente à categoria profissional de Marlene, no período indicado, podendo ser exigido seu cumprimento de imediato pelo empregador.', 'A');
insert into opcoes (num_exame, num_questao, letra_opcao, texto)
values(15, 72, 'A', 'Adicional noturno.');
insert into opcoes (num_exame, num_questao, letra_opcao, texto)
values(15, 72, 'B', 'Horas extras.');
insert into opcoes (num_exame, num_questao, letra_opcao, texto)
values(15, 72, 'C', 'FGTS obrigatório.');
insert into opcoes (num_exame, num_questao, letra_opcao, texto)
values(15, 72, 'D', 'Seguro-desemprego obrigatório.');
insert into questoes (num_exame, num_questao, enunciado, opcao_correta)
values(15, 73, 'Samuel trabalha numa loja de departamentos. Ele contratado como vendedor e, após três anos, promovido a gerente, quando, então, teve aumento de 50%, cujo valor era pago sob a rubrica “gratificação de função trabalhou por oito anos, findos os quais o empregador, para dar oportunidade a outra pessoa, resolveu reverter Samuel ao cargo de origem (vendedor). Diante do caso apresentado, assinale a afirmativa correta.', 'A');
insert into opcoes (num_exame, num_questao, letra_opcao, texto)
values(15, 73, 'A', 'A atitude do empregador é legítima e ele pode suprimir a gratificação de função, já que o valor não foi percebido por mais de dez anos.');
insert into opcoes (num_exame, num_questao, letra_opcao, texto)
values(15, 73, 'B', 'O empregador não pode rebaixar Samuel, lo como gerente, mas pode reduzir a gratificação de função.');
insert into opcoes (num_exame, num_questao, letra_opcao, texto)
values(15, 73, 'C', 'O empregador pode revertê-lo ao cargo de origem, mas a gratificação deve ser mantida, pois recebida há mais de cinco anos.');
insert into opcoes (num_exame, num_questao, letra_opcao, texto)
values(15, 73, 'D', 'A atitude do empregador é ilícita, pois está rebaixando o empregado, em atitude contrária às normas trabalhistas. 18 AME DE ORDEM UNIFICADO – TIPO 01 – BRANCA sional. Paulo, foi ”. Nessa condição, devendo mantê-');
insert into questoes (num_exame, num_questao, enunciado, opcao_correta)
values(15, 74, 'Os empregados da empresa Calçados Ribeiro Ltda. decidem entrar em greve para reivindicar aumento de salário. A greve foi deliberada e votada em assembleia convocada apenas para tal, tendo o empregador sido comunicado com 48 horas de antecedência acerca do movimento paredista. Durante a greve, de acordo com a Lei,', 'A');
insert into opcoes (num_exame, num_questao, letra_opcao, texto)
values(15, 74, 'A', 'os contratos de trabalho ficarão interrompidos.');
insert into opcoes (num_exame, num_questao, letra_opcao, texto)
values(15, 74, 'B', 'não há uma diretriz própria, na medida em que a Lei é omissa a respeito, cabendo ao Judiciário decidir.');
insert into opcoes (num_exame, num_questao, letra_opcao, texto)
values(15, 74, 'C', 'o empregador pode contratar imediatamente substitutos para o lugar dos grevistas.');
insert into opcoes (num_exame, num_questao, letra_opcao, texto)
values(15, 74, 'D', 'os contratos de trabalho ficarão suspensos.');
insert into questoes (num_exame, num_questao, enunciado, opcao_correta)
values(15, 75, 'Luiz Henrique é professor de Direito Constitucional e, durante o período letivo, precisará se afastar por dois meses para submeter-se a uma delicada cirurgia de emergência. Em razão disso, a faculdade contratou um professor substituto por esse período, valendo-se de uma empresa de contrato temporário. Diante da situação apresentada, c jurisprudência consolidada do TST, assinale a afirmativa correta.', 'A');
insert into opcoes (num_exame, num_questao, letra_opcao, texto)
values(15, 75, 'A', 'Caso se admitisse a validade dessa contratação, o professor contratado a título temporário não teria assegurado direito ao mesmo valor da hora professor afastado.');
insert into opcoes (num_exame, num_questao, letra_opcao, texto)
values(15, 75, 'B', 'A contratação é válida, pois, por exceção, o contrato temporário pode ser usado para substituição de pessoal relacionado à atividade-fim.');
insert into opcoes (num_exame, num_questao, letra_opcao, texto)
values(15, 75, 'C', 'A contratação somente seria válida se o professor afastado concordasse com ela, de forma expressa, sob pena de ser maléfica a alteração contratual.');
insert into opcoes (num_exame, num_questao, letra_opcao, texto)
values(15, 75, 'D', 'Inválida a contratação, pois a faculdade não poderia terceirizar sua atividade-fim, como é o caso da educação.');
insert into questoes (num_exame, num_questao, enunciado, opcao_correta)
values(15, 76, 'A Lei nº 5.010/1966, Art. 62, inciso I, considera “ Justiça Federal, inclusive nos Tribunais compreendidos entre 20 de dezembro e 6 de janeiro, inclusive. Na ótica do Tribunal Superior do Trabalho, o prazo para apresentação de recurso de revista, que se inicia três dias antes do início do recesso forense, deve ser contado do seguinte modo:', 'A');
insert into opcoes (num_exame, num_questao, letra_opcao, texto)
values(15, 76, 'A', 'o prazo recomeça sua contagem, desde o início, no primeiro dia útil após o fim do recesso.');
insert into opcoes (num_exame, num_questao, letra_opcao, texto)
values(15, 76, 'B', 'o prazo retoma sua contagem de onde parou, no primeiro dia útil após o fim do recesso.');
insert into opcoes (num_exame, num_questao, letra_opcao, texto)
values(15, 76, 'C', 'o prazo continua a ser contado, prorrogando seu termo final para o primeiro dia útil após o fim do recesso.');
insert into opcoes (num_exame, num_questao, letra_opcao, texto)
values(15, 76, 'D', 'o prazo se encerra ao atingir seu termo final, em razão da possibilidade de se cumprir o prazo por peticionamento eletrônico. onsiderando a -aula do feriados na Superiores” os dias -se apenas o XV EX');
insert into questoes (num_exame, num_questao, enunciado, opcao_correta)
values(15, 77, 'A sociedade empresária “V” Ltda., executada em ação trabalhista, apresentou embargos à execução arrolando testemunhas, o que foi indeferido pelo juiz, ao argumento de que não se tratava de processo de conhecimento. Sobre o caso apresentado, assinale a afirmativa correta.', 'A');
insert into opcoes (num_exame, num_questao, letra_opcao, texto)
values(15, 77, 'A', 'Correta a decisão do juiz, pois já fora ultrapassada a fase de conhecimento.');
insert into opcoes (num_exame, num_questao, letra_opcao, texto)
values(15, 77, 'B', 'Errada a decisão do juiz, pois era cabível a prova testemunhal em sede de embargos à execução, podendo o juiz indeferir as testemunhas se desnecessários os depoimentos.');
insert into opcoes (num_exame, num_questao, letra_opcao, texto)
values(15, 77, 'C', 'Errada a decisão do juiz, sendo cabível a pr testemunhal, não podendo indeferir as testemunhas, cabendo, nesse caso, arguição de nulidade da decisão.');
insert into opcoes (num_exame, num_questao, letra_opcao, texto)
values(15, 77, 'D', 'Correta a decisão do juiz, já que a matéria da execução está restrita a valores.');
insert into questoes (num_exame, num_questao, enunciado, opcao_correta)
values(15, 78, 'Pedro trabalhou por um ano em Goiânia/GO e quatro Varginha/MG. Ao ser dispensado, retornou para Goiânia, onde ajuizou ação trabalhista em face do ex audiência, foi apresentada exceção de incompetência em razão do lugar, a qual foi acolhida pelo juiz, que determinou a remessa dos autos para o TRT/GO. Dessa decisão, Pedro', 'A');
insert into opcoes (num_exame, num_questao, letra_opcao, texto)
values(15, 78, 'A', 'poderá interpor agravo de instrumento, porque a remessa dos autos equivale ao trancamento da ação, dada a hipossuficiência do empregado.');
insert into opcoes (num_exame, num_questao, letra_opcao, texto)
values(15, 78, 'B', 'poderá interpor recurso ordinário.');
insert into opcoes (num_exame, num_questao, letra_opcao, texto)
values(15, 78, 'C', 'poderá impetrar mandado de segurança.');
insert into opcoes (num_exame, num_questao, letra_opcao, texto)
values(15, 78, 'D', 'nada poderá fazer, por se tratar de decisão interlocutória, que é irrecorrível na Justiça do Trabalho.');
insert into questoes (num_exame, num_questao, enunciado, opcao_correta)
values(15, 79, 'Simone, ré em uma demanda trabalhista ajuizada por sua ex empregada doméstica, em audiência una requereu ao juiz o adiamento para juntada de documento suplementar, que não conseguiu obter, pois se referia ao depoimento prestado pela ora autora em outro processo como testemunha, no qual confessava nunca haver laborado em horário extraordinário. O documento não foi obtido por Simone, pois, logo a audiência daquele processo, os autos seguiram para conclusão, sem que fosse permitido a ela o acesso ao depoimento. O juiz da causa ora em audiência indeferiu o adiamento requerido por Simone, e, ao sentenciar, condenou a ao pagamento de horas extras. No prazo de recurso ordinário, Simone finalmente teve acesso ao documento que comprovava a inexistência do labor extraordinário. Diante da situação apresentada, assinale a afirmativa correta.', 'A');
insert into opcoes (num_exame, num_questao, letra_opcao, texto)
values(15, 79, 'A', 'Simone poderá juntar o documento no recurso ordinário.');
insert into opcoes (num_exame, num_questao, letra_opcao, texto)
values(15, 79, 'B', 'Não cabe juntada do documento em recurso ordinário.');
insert into opcoes (num_exame, num_questao, letra_opcao, texto)
values(15, 79, 'C', 'Precluiu a possibilidade de produção da prova documental por Simone.');
insert into opcoes (num_exame, num_questao, letra_opcao, texto)
values(15, 79, 'D', 'Simone só poderia juntar o documento em embargos de declaração. 19 AME DE ORDEM UNIFICADO – TIPO 01 – BRANCA ova anos em -empregador. Na - pós a -');
insert into questoes (num_exame, num_questao, enunciado, opcao_correta)
values(15, 80, 'Jorge, que presta serviços a uma companhia aérea na China, é autor de um processo em face da Viação Brasil S/A, sua ex empregadora. Na data da audiência, Jorge estará, comprovadamente, trabalhando na China. Considerando que Jorge tem interesse no desfecho rápido de seu processo, deverá', 'A');
insert into opcoes (num_exame, num_questao, letra_opcao, texto)
values(15, 80, 'A', 'requerer o adiamento para');
insert into opcoes (num_exame, num_questao, letra_opcao, texto)
values(15, 80, 'B', 'dar procuração com poderes específicos ao seu advogado para que este o represente.');
insert into opcoes (num_exame, num_questao, letra_opcao, texto)
values(15, 80, 'C', 'fazer-se representar por outro empregado da mesma profissão ou pelo seu sindicato.');
insert into opcoes (num_exame, num_questao, letra_opcao, texto)
values(15, 80, 'D', 'deixar arquivar a demanda e ajuizar uma nova. - data próxima. XV EX QUESTIONÁRIO DE PERCEPÇÃO SOBRE A PROVA Este questionário é de preenchimento facultativo pelo examinando. Como se trata de mera pesquisa, não influi no resultado final do exame. As questões têm como objetivo avaliar a qualidade e a adequação da prova que você acabou de realizar. Assinale suas respostas nos espaços próprios (canto inferior direito) da sua folha de respostas. A OAB e a FGV agradecem sua colaboração. 1 Na sua avaliação, o grau de dificuldade desta prova, quanto ao conteúdo programático abordado, foi (');
commit;
insert into exames (num_exame, url_exame, url_gabarito, data)
values(16, 'https://dpmzos25m8ivg.cloudfront.net/615/15032015183319_CADERNO_TIPO_1_XVI_EXAME.pdf', 'https://dpmzos25m8ivg.cloudfront.net/615/17042015171107_GABARITOS%20DEFINITIVOS_XVI_EXAME_DE_ORDEM.pdf', 'Sun Mar 15 00:00:00 BRT 2015');
insert into questoes (num_exame, num_questao, enunciado, opcao_correta)
values(16, 1, 'Bernardo é bacharel em Direito, mas não está inscrito nos quadros da Ordem dos Advogados do Brasil, apesar de aprovado no Exame de Ordem. Não obstante, tem atuação na área de advocacia, realizando consultorias e assessorias jurídicas. A partir da hipótese apresentada, nos termos do Regulamento Geral da Ordem dos Advogados do Brasil, assinale a afirmativa correta.', 'A');
insert into opcoes (num_exame, num_questao, letra_opcao, texto)
values(16, 1, 'A', 'Tal conduta é permitida, por ter o bacharel logrado aprovação no Exame de Ordem.');
insert into opcoes (num_exame, num_questao, letra_opcao, texto)
values(16, 1, 'B', 'Tal conduta é proibida, por ser equiparada à captação de clientela.');
insert into opcoes (num_exame, num_questao, letra_opcao, texto)
values(16, 1, 'C', 'Tal conduta é permitida mediante autorização do Presidente da Seccional da Ordem dos Advogados do Brasil.');
insert into opcoes (num_exame, num_questao, letra_opcao, texto)
values(16, 1, 'D', 'Tal conduta é proibida, tendo em vista a ausência de inscrição na Ordem dos Advogados do Brasil.');
insert into questoes (num_exame, num_questao, enunciado, opcao_correta)
values(16, 2, 'João é advogado da sociedade empresária X Ltda., atuando em diversas causas do interesse da companhia controle da sociedade foi alienado para estrangeira, que resolveu contratar novos profissionais em várias áreas, inclusive a jurídica. Por força dessa circunstância, rompeu-se a avença entre o advogado e o seu cliente. Assim, João renunciou ao mandato em todos os processos, comunicando formalmente o ato à cliente houve novo contrato com renomado escritório de advocacia, que, em todos os processos, apresentou o instrumento mandato antes do término do prazo legal à retirada do advogado anterior. Na renúncia focalizada no enunciado, conso Advocacia, deve o advogado', 'A');
insert into opcoes (num_exame, num_questao, letra_opcao, texto)
values(16, 2, 'A', 'afastar-se imediatamente após a substituição por outro advogado.');
insert into opcoes (num_exame, num_questao, letra_opcao, texto)
values(16, 2, 'B', 'funcionar como parecerista no processo pela continuidade da representação.');
insert into opcoes (num_exame, num_questao, letra_opcao, texto)
values(16, 2, 'C', 'atuar em conjunto com o advogado sucessor por quinze dias.');
insert into opcoes (num_exame, num_questao, letra_opcao, texto)
values(16, 2, 'D', 'aguardar dez dias para verificar a atuação dos seus sucessores.');
insert into questoes (num_exame, num_questao, enunciado, opcao_correta)
values(16, 3, 'Compete ao Conselho Seccional ajuizar, após deliberação,', 'A');
insert into opcoes (num_exame, num_questao, letra_opcao, texto)
values(16, 3, 'A', 'ação direta de inconstitucionalidade em face de leis ou atos normativos federais.');
insert into opcoes (num_exame, num_questao, letra_opcao, texto)
values(16, 3, 'B', 'queixa-crime contra quem tenha ofendido os inscritos na respectiva Seccional.');
insert into opcoes (num_exame, num_questao, letra_opcao, texto)
values(16, 3, 'C', 'mandado de segurança individual em favor dos advogados inscritos na respectiva Seccional, independentemente de vinculação com o exercício da profissão.');
insert into opcoes (num_exame, num_questao, letra_opcao, texto)
values(16, 3, 'D', 'mandado de segurança coletivo, em defesa de seus inscritos, independentemente de autorização pessoal dos interessados. 2 AME DE ORDEM UNIFICADO – TIPO 01 – BRANCA. Ocorre que o uma sociedade. Após a renúncia, de ante o Estatuto da advogados');
insert into questoes (num_exame, num_questao, enunciado, opcao_correta)
values(16, 4, 'Isabella, advogada atuante na área pública, é procurada por cliente que deseja contratá-la e que informa a existência de processo já terminado, no qual foram debatidos fatos que poderiam interessar à nova causa. Antes de realizar o contrato de prestação de serviços, dirige requer vista dos autos findos, não anexando instrumento de mandato. Nesse caso, consoante o Estatuto da Advocacia, a advogada pode', 'A');
insert into opcoes (num_exame, num_questao, letra_opcao, texto)
values(16, 4, 'A', 'ter vista dos autos somente no balcão do cartório.');
insert into opcoes (num_exame, num_questao, letra_opcao, texto)
values(16, 4, 'B', 'ter vista dos autos no local onde se arquivam os autos.');
insert into opcoes (num_exame, num_questao, letra_opcao, texto)
values(16, 4, 'C', 'retirar os autos de cartório por dez dias.');
insert into opcoes (num_exame, num_questao, letra_opcao, texto)
values(16, 4, 'D', 'retirar os autos, se anexar instrumento de mandato.');
insert into questoes (num_exame, num_questao, enunciado, opcao_correta)
values(16, 5, 'Epitácio é defendido pelo advogado Anderson em relacionado à dissolução de sua sociedade conjugal. Posteriormente, Epitácio vem a se envolver em processo de natureza societária e contrata novo advogado especialista na matéria. Designada audiência para a oitiva de testemunhas, a defesa de Epitácio arrola como testemunha o advogado Anderson, diante do seu conhecimento de fatos decorrentes do litígio de família, obtidos exclusivamente diante do seu exercício profissional e relevantes para o desfecho do litígio empresarial. Consoante o Estatuto da Advocacia, o advogado deve', 'A');
insert into opcoes (num_exame, num_questao, letra_opcao, texto)
values(16, 5, 'A', 'atuar como testemunha em qualquer situação.');
insert into opcoes (num_exame, num_questao, letra_opcao, texto)
values(16, 5, 'B', 'depor, porém sem revelar fatos ligados ao sigilo profissional.');
insert into opcoes (num_exame, num_questao, letra_opcao, texto)
values(16, 5, 'C', 'resguardar-se e requerer autorização escrita do cliente.');
insert into opcoes (num_exame, num_questao, letra_opcao, texto)
values(16, 5, 'D', 'buscar suprimento judicial para depor em Juízo.');
insert into questoes (num_exame, num_questao, enunciado, opcao_correta)
values(16, 6, 'Pedro, em determinado momento, recebeu uma proposta de Antônio, colega de colégio, que se propôs a agenciar a indicação de novos clientes, mediante pagamento de comissão, a ser retirada dos honorários cobrados aos clientes, nos moldes da prática desenvolvi comercial. Com base no caso relatado, observadas as regras do Estatuto da OAB, assinale a afirmativa correta.', 'A');
insert into opcoes (num_exame, num_questao, letra_opcao, texto)
values(16, 6, 'A', 'O advogado pode aceitar a sugestão, tendo em vista a moderna visão mercantil da profissão.');
insert into opcoes (num_exame, num_questao, letra_opcao, texto)
values(16, 6, 'B', 'Caso a Seccional da OAB a escrita entre o advogado e o agenciador, é possível.');
insert into opcoes (num_exame, num_questao, letra_opcao, texto)
values(16, 6, 'C', 'Sendo publicizada a relação entre o advogado e o agenciador, está preenchido o requisito legal.');
insert into opcoes (num_exame, num_questao, letra_opcao, texto)
values(16, 6, 'D', 'Há vedação quanto ao agenciamento de clientela, sem exceções. -se ao Juízo competente e processo da entre vendedores da área utorize, registrando avença XVI EX');
insert into questoes (num_exame, num_questao, enunciado, opcao_correta)
values(16, 7, 'O advogado Antônio participava do julgamento de recurso de apelação por ele interposto. Ao proferir seu voto, o Relator acusou o advogado Antônio de ter atuado de forma antiética e de ter tentado induzir os julgadores a erro. Em seguida, com o objetivo de se defender das acusações que lhe haviam sido dirigidas, Antônio solicitou usar da palavra, pela ordem, por mais cinco minutos, pleito que veio a ser indeferido pelo Presidente do órgão julgador. A respeito do direito de Antônio usar a palavra novamente, assinale a afirmativa correta.', 'A');
insert into opcoes (num_exame, num_questao, letra_opcao, texto)
values(16, 7, 'A', 'Não é permitido o uso da palavra por advogado em julgamentos de recursos de apelação.');
insert into opcoes (num_exame, num_questao, letra_opcao, texto)
values(16, 7, 'B', 'É direito do advogado usar da palavra, pela ordem, mediante intervenção sumária, para replicar acusação ou censura que lhe forem feitas.');
insert into opcoes (num_exame, num_questao, letra_opcao, texto)
values(16, 7, 'C', 'É direito do advogado intervir, a qualquer tempo e por qualquer motivo, durante o julgamento de processos em que esteja constituído.');
insert into opcoes (num_exame, num_questao, letra_opcao, texto)
values(16, 7, 'D', 'O uso da palavra, pela ordem, mediante intervenção sumária, somente é permitido para o esclarecimento de questões fáticas.');
insert into questoes (num_exame, num_questao, enunciado, opcao_correta)
values(16, 8, 'Ao decretar segredo de Justiça nos autos de determinada investigação policial, o magistrado alertou o Delegado de Polícia de que, aos advogados ali constituídos, deveria ser facultado o acesso à integralidade dos elementos de prova já documentados nos autos, ressaltando, no entanto, expressa e reservadamente, que ninguém, nem mesmo advogado constituído por meio de instrumento de procuração, poderia ter acesso à medida cautelar de interceptação telefônica em andamento. Sobre a advertência do magistrado, assinale a afirmativa correta.', 'A');
insert into opcoes (num_exame, num_questao, letra_opcao, texto)
values(16, 8, 'A', 'A advertência é ilegal, pois é direito do advogado, apresentando procuração do investigado, ter vista da integralidade de procedimentos de qualquer natureza.');
insert into opcoes (num_exame, num_questao, letra_opcao, texto)
values(16, 8, 'B', 'A advertência é ilegal, pois é direito do advogado ter de procedimentos de qualquer natureza, independentemente da apresentação de procuração.');
insert into opcoes (num_exame, num_questao, letra_opcao, texto)
values(16, 8, 'C', 'A advertência é lícita, pois, em se tratando de procedimento sob segredo de Justiça, é permitido ao advogado, munido de procuração do investigado, o acesso aos elementos de prova já documentados nos autos, mas não a medidas cautelares ainda em andamento.');
insert into opcoes (num_exame, num_questao, letra_opcao, texto)
values(16, 8, 'D', 'A advertência é lícita, pois nem mesmo advogados munidos de procuração podem ter acesso a autos de procedimentos sob segredo de Justiça. 3 AME DE ORDEM UNIFICADO – TIPO 01 – BRANCA vista');
insert into questoes (num_exame, num_questao, enunciado, opcao_correta)
values(16, 9, 'Ao final de audiência de instrução e julgamento realizada em determinada vara criminal, o juiz solicita que o advogado não deixe o recinto, bem como que ele atue em outras duas audiências que ali seriam realizadas em seguida. O advogado recusa-se a participar das outras duas audiências mencionadas, até mesmo por haver Defensor Público disponível. Com base no caso exposto, assinale a afirmativa correta.', 'A');
insert into opcoes (num_exame, num_questao, letra_opcao, texto)
values(16, 9, 'A', 'O advogado não cometeu infração ética, porque apenas resta configurada infração disciplinar na recusa do advogado a prestar assistência jurídica quando há impossibilidade da Defensoria Pública.');
insert into opcoes (num_exame, num_questao, letra_opcao, texto)
values(16, 9, 'B', 'O advogado cometeu infração ética, porque ele já estava na sala de audiências.');
insert into opcoes (num_exame, num_questao, letra_opcao, texto)
values(16, 9, 'C', 'O advogado não cometeu infração ética, porque é vedado ao advogado participar de duas');
insert into opcoes (num_exame, num_questao, letra_opcao, texto)
values(16, 9, 'D', 'O advogado cometeu infração ética, porque ele tem o dever de contribuir para a boa administração da justiça.');
insert into questoes (num_exame, num_questao, enunciado, opcao_correta)
values(16, 10, 'O advogado Felício é contatado pretende promover ação de responsabilidade civil em face de Rosa, por danos causados à sua honra e ao seu patrimônio material. Nas tratativas, o cliente cientifica o advogado que presenciara diversos atos criminosos praticados p por seus familiares Marta e Fábio. Contratado para realizar os seus serviços profissionais, apresenta diversas ações contra o réu Rosa em que descreve seus crimes e os praticados por Marta e Fábio, seus filhos. A petição é subscrita somente pelo advogado e a procuração tem os poderes gerais para o foro. Nos termos do Estatuto da Advocacia,', 'A');
insert into opcoes (num_exame, num_questao, letra_opcao, texto)
values(16, 10, 'A', 'é inerente à atividade postulatória a menção a crimes praticados pelas partes ou terceiros.');
insert into opcoes (num_exame, num_questao, letra_opcao, texto)
values(16, 10, 'B', 'é decorrente do processo a indicação dos fatos essenciais ao deslinde da causa, inclusive os criminosos, que somente demandam ciência do advogado.');
insert into opcoes (num_exame, num_questao, letra_opcao, texto)
values(16, 10, 'C', 'é essencial a autorização escrita para imputação a terceiro de fato definido como crime.');
insert into opcoes (num_exame, num_questao, letra_opcao, texto)
values(16, 10, 'D', 'é possível a descrição de fatos criminosos atribuídos a partes ou a terceiros por autorização verbal.');
insert into questoes (num_exame, num_questao, enunciado, opcao_correta)
values(16, 11, 'O Art. 126 do CPC afirma que o juiz não se exime de sentenciar ou despachar alegando lacuna ou obscuridade da lei. A questão das lacunas também é recorrente no âmbito dos estudos da Filosofia e da Teoria Geral do Direito. O jusfilósofo Norberto Bobbio, no livro Teoria do Ordenamento Jurídico apresenta um estudo sobre essa questão. O autor denomina por lacuna ideológica', 'A');
insert into opcoes (num_exame, num_questao, letra_opcao, texto)
values(16, 11, 'A', 'legitimamente produzida pelo legislador democrático.');
insert into opcoes (num_exame, num_questao, letra_opcao, texto)
values(16, 11, 'B', 'justa, que enseje uma solução satisfatória ao caso concreto.');
insert into opcoes (num_exame, num_questao, letra_opcao, texto)
values(16, 11, 'C', 'que atenda às convicções ideológicas pessoais do juiz.');
insert into opcoes (num_exame, num_questao, letra_opcao, texto)
values(16, 11, 'D', 'costumeira, que tenha surgido de práticas sociais inspiradas nos valores vigentes. audiências sucessivas. pelo seu cliente Paulo que or Rosa e , a falta de uma norma XVI EX');
insert into questoes (num_exame, num_questao, enunciado, opcao_correta)
values(16, 12, 'Rudolf Von Ihering, em A Luta pelo Direito, afirma que “ do direito é a paz, o meio de atingi-lo, a afirmativa que melhor expressa o pensamento desse autor.', 'A');
insert into opcoes (num_exame, num_questao, letra_opcao, texto)
values(16, 12, 'A', 'O Direito de uma sociedade é a expressão dos conflitos sociais desta sociedade, e ele resulta de uma luta de pessoas e grupos pelos seus próprios direitos subjetivos. Por isso, o Direito é uma força viva e não uma ideia.');
insert into opcoes (num_exame, num_questao, letra_opcao, texto)
values(16, 12, 'B', 'O Direito é o produto do espírito do povo que é passado de geração em geração. Por isso, quando se fala em Direito, é preciso sempre olhar para a história e as lutas sociais. O Direito Romano é a melhor expressão desse processo.');
insert into opcoes (num_exame, num_questao, letra_opcao, texto)
values(16, 12, 'C', 'O Direito é parte da infraestrutura da sociedade e resulta de um processo de luta de classes, em que a classe dominante o usa para manter o controle sobre os dominados.');
insert into opcoes (num_exame, num_questao, letra_opcao, texto)
values(16, 12, 'D', 'O Direito resulta da ação institucional do Estado, e no parlamento são travadas as lutas políticas que definem os direitos subjetivos de uma sociedade.');
insert into questoes (num_exame, num_questao, enunciado, opcao_correta)
values(16, 13, 'Alessandro Bilancia, italiano, com 55 anos de idade, ao completar 15 anos de residência ininterrupta no Brasil, decide assumir a nacionalidade “brasileira”, naturalizando se de renomado professor, cuja elevada densidade intelectual e capacidade de liderança são muito bem vistas por um dos maiores partidos políticos brasileiros. Na certeza de que Alessandro poderá fortalecer os quadros do governo caso o partido em questão seja vencedor nas eleições presidenciais, a cúpula partidária já ventila a possibilidade de contar com o auxílio do referido professor na complexa tarefa de governar o País. Analise as situações abaixo e assinale a única possibilidade idealizada pela cúpula partidária que encontra respaldo na Constituição Federal.', 'A');
insert into opcoes (num_exame, num_questao, letra_opcao, texto)
values(16, 13, 'A', 'Alessandro Bilancia, graças ao seu reconhecido saber jurídico e à sua ilibada reputação, poderá ser indicado para compor o quadro de ministros do Supremo Tribunal Federal.');
insert into opcoes (num_exame, num_questao, letra_opcao, texto)
values(16, 13, 'B', 'Alessandro Bilancia, na hipótese de concorrer ao cargo de deputado federal e ser eleito, poderá ser indicado para exercer a Presidência da Câmara dos Deputados.');
insert into opcoes (num_exame, num_questao, letra_opcao, texto)
values(16, 13, 'C', 'Alessandro Bilancia, na hipótese de concorrer ao cargo de senador e ser eleito, pode ser o líder do partido na Casa, embora não possa presidir o Senado Federal.');
insert into opcoes (num_exame, num_questao, letra_opcao, texto)
values(16, 13, 'D', 'Alessandro Bilancia, dada a sua ampla e sólida condição intelectual, pode ser nomeado para assumir qualquer ministério do governo. 4 AME DE ORDEM UNIFICADO – TIPO 01 – BRANCA O fim luta.” Assinale a – volksgeist –, -se. Trata-');
insert into questoes (num_exame, num_questao, enunciado, opcao_correta)
values(16, 14, 'A Medida Provisória Z, embora tendo causado polêmica na data de sua edição, foi convertida, em julho de 2014, na Lei Y. Inconformado com o posicionamento do Congresso Nacional, o principal partido de oposição, no mês seguinte, ajuizou Ação Direta de Inconstitucionalidade (ADI) atacando vários dispositivos normativos da referida Lei. Todavia, no início do mês de fevereiro de 2015, o Presidente da República promulgou a Lei X, revogando integralmente a Lei Y, momento em que esta última deixou de produzir os seus efeitos concretos. Nesse caso, segundo entendimento cristalizado no âmbito do Supremo Tribunal Federal,', 'A');
insert into opcoes (num_exame, num_questao, letra_opcao, texto)
values(16, 14, 'A', 'deverá a ADI seguir a sua regular tramitação, de modo que se possam discutir os efeitos produzidos no intervalo de tempo entre a promulgação e a revogação da Lei Y.');
insert into opcoes (num_exame, num_questao, letra_opcao, texto)
values(16, 14, 'B', 'deverá a ADI seguir a sua regular tramitação, de modo que se possam discutir os efeitos produzidos n tempo entre a edição da Medida Provisória Z e a revogação da Lei Y.');
insert into opcoes (num_exame, num_questao, letra_opcao, texto)
values(16, 14, 'C', 'deverá ser reconhecido que a ADI perdeu o seu objeto, daí resultando a sua extinção, independentemente de terem ocorrido, ou não, efeitos residuais concretos.');
insert into opcoes (num_exame, num_questao, letra_opcao, texto)
values(16, 14, 'D', 'em razão da separação de poderes, deverá ser reconhecida a impossibilidade de o Supremo Tribunal Federal avaliar as matérias debatidas, sob a ótica política, pelo Poder Legislativo. o intervalo de XVI EX');
insert into questoes (num_exame, num_questao, enunciado, opcao_correta)
values(16, 15, 'J.G., empresário do ramo imobiliário, surpreendeu tomar conhecimento de que seu nome constava de um banco de dados de caráter público como inadimplente de uma dívida no valor de R$ 500.000,00 (quinhentos mil reais). Embora reconheça a existência da dívida, entende que o não pagamento encontra justificativa no fato de o valor a que foi condenado em primeira instância ainda estar sob discussão em grau recursal. Com o objetivo de fazer com que essa informação complementar passe a constar juntamente com a informação principal a respeito da existência do débito, consulta um advogado, que sugere a impetração de um habeas data. Sobre a resposta à consulta, assinale a afirmativa correta.', 'A');
insert into opcoes (num_exame, num_questao, letra_opcao, texto)
values(16, 15, 'A', 'O habeas data não é o meio adequado, já que a ordem jurídica não prevê a possibilidade de sua utilização para complementar dados, mas apenas para garantir o direito de acessá-los ou retificá-los.');
insert into opcoes (num_exame, num_questao, letra_opcao, texto)
values(16, 15, 'B', 'Deveria ser impetrado, em vez de habeas data de segurança, ação constitucional adequada para os casos em que se faça necessária a proteção de direito líquido e certo, não amparado por habeas corpus');
insert into opcoes (num_exame, num_questao, letra_opcao, texto)
values(16, 15, 'C', 'Deve ser impetrado habeas data, pois, embora o texto constitucional não contemple a hipótese específica do concreto, a lei ordinária o faz, de modo a ampliar o âmbito de incidência do habeas data como ação constitucional.');
insert into opcoes (num_exame, num_questao, letra_opcao, texto)
values(16, 15, 'D', 'O habeas data não deve ser impetrado, pois a lei ordinária não pode ampliar uma garantia fundamental prevista no texto constitucional, já que tal configuraria violação ao regime de imutabilidade que acompanha os direitos e as garantias fundamentais. 5 AME DE ORDEM UNIFICADO – TIPO 01 – BRANCA -se ao , mandado ou habeas data. caso');
insert into questoes (num_exame, num_questao, enunciado, opcao_correta)
values(16, 16, 'Caio da Silva, Senador da República pelo Estado “Z”, no decorrer do recesso parlamentar, viaja de férias com a família para um resort situado no Estado “X”, a fim de descansar. Todavia, em meio aos hóspedes que ali se encontravam, deparou-se com Tício dos Sant político, com quem acabou por travar áspera discussão em torno de temas políticos já discutidos anteriormente no Senado. Caio da Silva, durante a discussão, atribuiu ao seu adversário a responsabilidade pela prática de fatos defi como crimes, além de injuriá ofensivos. Tício dos Santos, inconformado com as agressões públicas a ele desferidas, decidiu ajuizar queixa de Caio da Silva. Tendo em vista as particularidades da narrativa acima e considerando o que dispõe a Constituição Federal, assinale a afirmativa correta.', 'A');
insert into opcoes (num_exame, num_questao, letra_opcao, texto)
values(16, 16, 'A', 'Caio da Silva, por estar fora do espaço físico do Congresso Nacional, não é alcançado pela garantia da imunidade material, respondendo pelos crimes contra a honra que praticou.');
insert into opcoes (num_exame, num_questao, letra_opcao, texto)
values(16, 16, 'B', 'Caio da Silva, mesmo fora do espaço físico do Congresso Nacional, é alcançado pela tendo em vista que as ofensas proferidas estão relacionadas ao exercício da atividade parlamentar.');
insert into opcoes (num_exame, num_questao, letra_opcao, texto)
values(16, 16, 'C', 'Caio da Silva não está coberto pela garantia da imunidade material, tendo em vista que as ofensas foram proferidas em um momento de recesso parlamentar, o que afasta qualquer relação com a atividade de Senador.');
insert into opcoes (num_exame, num_questao, letra_opcao, texto)
values(16, 16, 'D', 'Caio da Silva não está coberto pela garantia da imunidade material, visto que, durante o recesso parlamentar, sequer estava no território do Estado que representa na cond de Senador. os, um ferrenho adversário nidos -lo com vários adjetivos -crime em face garantia da imunidade material, ição XVI EX');
insert into questoes (num_exame, num_questao, enunciado, opcao_correta)
values(16, 17, 'Determinado Governador de Estado, inconformado com decisões proferidas pelo Poder Judiciário local, que determinaram o fechamento de diversos estabelecimentos comprovadamente envolvidos com ilícitos órgãos estaduais a ele subordinados não cumpririam as decisões judiciais. Alegou que os negócios desenvolvidos nesses estabelecimentos, mesmo sendo ilícitos, geravam empregos e aumentavam a arrecadação do Estado, e que o não cumprimento das ordens emanadas do Poder Judiciário se justificava em razão da repercussão econômica que o seu cumprimento teria. Das opções a seguir, assinale a que se mostra consentânea com a Constituição Federal.', 'A');
insert into opcoes (num_exame, num_questao, letra_opcao, texto)
values(16, 17, 'A', 'O Presidente da República, após a requisição do Supre Tribunal Federal, decretará a intervenção federal, dispensado, nesse caso, o controle pelo Congresso Nacional.');
insert into opcoes (num_exame, num_questao, letra_opcao, texto)
values(16, 17, 'B', 'O Governador de Estado, tendo por base a inafastável autonomia concedida aos Estados em uma organização federativa, está juridicamente autorizado a adotar o indicado posicionamento.');
insert into opcoes (num_exame, num_questao, letra_opcao, texto)
values(16, 17, 'C', 'O Presidente da República poderá decretar a intervenção federal, se provocado pelo Procurador Geral da República e com autorização prévia do Congresso Nacional, que exercerá um controle político.');
insert into opcoes (num_exame, num_questao, letra_opcao, texto)
values(16, 17, 'D', 'O Supremo Tribunal Federal, prescindindo de qualquer atuação por parte do Presidente da República, determinará, ele próprio, a intervenção federal, que será posteriormente apreciada pelo Congresso Nacional. 6 AME DE ORDEM UNIFICADO – TIPO 01 – BRANCA , decidiu que os mo');
insert into questoes (num_exame, num_questao, enunciado, opcao_correta)
values(16, 18, 'O diretor de RH de uma multinacional da área de telecomunicações, em reunião corporativa, afirmou que o mundo globalizado vem produzindo grandes inovações, exigindo o reconhecimento de novas profissões desconhecidas até então. Feitas essas considerações, so alterasse o quadro de cargos e funções da empresa, incluindo as seguintes profissões: gestor de marketing digital e desenvolvedor de aplicativos móveis. O presidente da sociedade empresária, pedido formulado, alegou que o exercício de qualquer atividade laborativa pressupõe a sua devida regulamentação em lei, o que ainda não havia ocorrido em relação às referidas profissões. Com base na teoria da eficácia das normas c correto afirmar que o presidente da sociedade empresária', 'A');
insert into opcoes (num_exame, num_questao, letra_opcao, texto)
values(16, 18, 'A', 'argumentou em harmonia com a ordem constitucional, pois o dispositivo da Constituição Federal que afirma ser livre o exercício de qualquer trabalho, ofício ou profissão, atendidas as qualificações profissionais que a lei estabelecer, possui eficácia limitada, exigindo regulamentação legal para que possa produzir efeitos.');
insert into opcoes (num_exame, num_questao, letra_opcao, texto)
values(16, 18, 'B', 'apresentou argumentos contrários à ordem constitucional, pois o dispositivo da Constituição Federal que afirma se livre o exercício de qualquer trabalho, ofício ou profissão, atendidas as qualificações profissionais que a lei estabelecer, possui eficácia contida, de modo que, inexistindo lei que regulamente o exercício da atividade profissional, é livre o seu exercí');
insert into opcoes (num_exame, num_questao, letra_opcao, texto)
values(16, 18, 'C', 'apresentou argumentos contrários à ordem constitucional, pois o dispositivo da Constituição Federal que afirma ser livre o exercício de qualquer trabalho, ofício ou profissão, atendidas as qualificações profissionais que a lei estabelecer, possui eficácia plena, já que a liberdade do exercício profissional não pode ser restringida, mas apenas ampliada.');
insert into opcoes (num_exame, num_questao, letra_opcao, texto)
values(16, 18, 'D', 'argumentou em harmonia com a ordem constitucional, pois o dispositivo da Constituição Federal que afirma ser livre o exercício de qualquer trabalho, ofí atendidas as qualificações profissionais que a lei estabelecer, não possui nenhuma eficácia, devendo ser objeto de mandado de injunção para a sua devida regulamentação. licitou à diretoria que mídias sociais, gerente de posicionando-se contra o onstitucionais, é r cio. cio ou profissão, XVI EX');
insert into questoes (num_exame, num_questao, enunciado, opcao_correta)
values(16, 19, 'Determinado projeto de lei aprovado pela Deputados foi devidamente encaminhado ao Senado Federal. Na Casa revisora, o texto foi aprovado com pequena modificação, sendo suprimida certa expressão sem, contudo, alterar o sentido normativo do texto aprovado na Câmara. Assim, o projeto foi enviado ao Presidente da República, que promoveu a sua sanção, dando origem à Lei “L”. Neste caso, segundo a jurisprudência do Supremo Tribunal Federal,', 'A');
insert into opcoes (num_exame, num_questao, letra_opcao, texto)
values(16, 19, 'A', 'não houve irregularidade no processo legislativo, porque não há necessidade de reapreciação, pela Câmara dos Deputados, do projeto de lei que tenha expressão suprimida pelo Senado Federal, quando sentido o normativo da redação remanescente não foi alterado');
insert into opcoes (num_exame, num_questao, letra_opcao, texto)
values(16, 19, 'B', 'não houve irregularidade no processo legislativo, porque é função precípua da Casa revisora estabelecer as mudanças que lhe parecerem adequadas, sendo desnecessário o retorno à Casa iniciadora, mesmo nas situações em que a alteração modifique o sentido normativo inicial.');
insert into opcoes (num_exame, num_questao, letra_opcao, texto)
values(16, 19, 'C', 'houve irregularidade no processo legislativo, pois qualquer alteração realizada, pela Casa revisora, no texto do projeto de lei implica a necessária devolução à Casa iniciadora, a fim de que aprecie tal alteração.');
insert into opcoes (num_exame, num_questao, letra_opcao, texto)
values(16, 19, 'D', 'houve irregularidade no processo legislativo, mas, por tratar-se de problema de natureza interna corporis Congresso Nacional, somente uma ADI proposta pela Mesa da Câmara dos Deputados teria o condão de suscitar a inconstitucionalidade da Lei “L”.');
insert into questoes (num_exame, num_questao, enunciado, opcao_correta)
values(16, 20, 'Como é sabido, o Pacto Internacional dos Direitos Civis e Políticos estabelece em seu Art. 25 que todo cidadão terá o direito e a possibilidade de votar e de ser eleito em eleições periódicas, autênticas, realizadas por sufrágio universal e igualitário e por voto secreto, que garantam a manifestação da vontade dos eleitores. Segundo informação da Agência Brasil (Empresa Brasileira de Comunicação), o Brasil possuía, em 2014, cerca de 230 mil presos provisórios. Em relação a tais presos, assinale a afirmativa correta.', 'A');
insert into opcoes (num_exame, num_questao, letra_opcao, texto)
values(16, 20, 'A', 'A despeito do Pacto supramencionado, eles não possuem direito ao voto, por estarem em situação de encarceramento, o que enseja perda da condição de cidadão.');
insert into opcoes (num_exame, num_questao, letra_opcao, texto)
values(16, 20, 'B', 'Tais presos provisórios têm direito ao voto apenas se manifestarem expressamente o interesse em votar e forem previamente cadastrados pelo TRE.');
insert into opcoes (num_exame, num_questao, letra_opcao, texto)
values(16, 20, 'C', 'Todos aqueles que estão privados de liberdade por ato legal do Estado perdem seus direitos podendo, portanto, votar e nem se candidatar.');
insert into opcoes (num_exame, num_questao, letra_opcao, texto)
values(16, 20, 'D', 'Presos provisórios têm o direito de votar em seções eleitorais especiais devidamente instaladas em estabelecimentos penais e em unidades de internação de adolescentes. 7 AME DE ORDEM UNIFICADO – TIPO 01 – BRANCA Câmara dos. do políticos, não');
insert into questoes (num_exame, num_questao, enunciado, opcao_correta)
values(16, 21, 'Em setembro de 2014, na cidade de São Paulo, foi inaugurado o Centro de Referência e Acolhida para Imigrantes (CRAI), que é o primeiro do país e tem como objetivo oferecer a estrutura de uma casa de passagem e auxiliar os imigrantes na adaptação à vida na capital paulista, além de dar condições para a autonomia de tais imigrantes. Do ponto de vista dos Direitos Humanos, essa situação é regula Internacional sobre a Proteção dos Direitos de Todos os Trabalhadores Migrantes e dos Membros das suas Famílias, adotada pela ONU em dezembro de 1990 e em vigor desde julho de 2003. Em relação ao posicionamento do Estado brasileiro essa Convenção, assinale a afirmativa correta.', 'A');
insert into opcoes (num_exame, num_questao, letra_opcao, texto)
values(16, 21, 'A', 'A Convenção não foi ratificada pelo Brasil e, por isso, suas normas não produzem efeito jurídico em território brasileiro.');
insert into opcoes (num_exame, num_questao, letra_opcao, texto)
values(16, 21, 'B', 'A Convenção foi ratificada pelo Brasil e, por isso, suas normas podem ser juridicamente exigidas.');
insert into opcoes (num_exame, num_questao, letra_opcao, texto)
values(16, 21, 'C', 'A Convenção foi ratificada pelo Brasil, mas não foi regulamentada. Por isso, suas normas possuem efeito contido no território brasileiro.');
insert into opcoes (num_exame, num_questao, letra_opcao, texto)
values(16, 21, 'D', 'A Convenção não foi ratificada pelo Brasil, mas suas normas produzem pleno efeito jurídico, uma v normas de Direitos Humanos não dependem de ratificação para vigorar em território brasileiro. da pela Convenção perante ez que as XVI EX');
insert into questoes (num_exame, num_questao, enunciado, opcao_correta)
values(16, 22, 'A Lei nº 12.986, de 2 de junho de 2014, transformou o antigo Conselho de Defesa dos Direitos da Pessoa Conselho Nacional dos Direitos Humanos Conselho poderá solicitar credenciamento junto à Organização das Nações Unidas (ONU) para ser reconhecido como Instituição Nacional de Direitos Humanos. Para isso, é necessário que atenda aos Princípios de Paris, que foram sugeridos durante o Encontro Internacional das Instituições Nacionais de Direitos do Homem, em 1991, e adotados pela Assembleia Geral das Nações Unidas, em 1993. De acordo com os Princípios de Paris, as Instituições Nacionais de Direitos Humanos devem atender a cinco características. Assinale a afirmativa que as indica.', 'A');
insert into opcoes (num_exame, num_questao, letra_opcao, texto)
values(16, 22, 'A', '1) Autonomia para monitorar qualquer violação de Direitos Humanos; 2) Autoridade para assessorar o Executivo, o Legislativo e qualquer outra instância sobre temas relacionados aos Direitos Humanos; 3) relacionar com instituições regionais e internacionais; 4) Legitimidade para educar e informar sobre Direito Humanos; e 5) Competência para atuar em temas jurídicos (quase judicial).');
insert into opcoes (num_exame, num_questao, letra_opcao, texto)
values(16, 22, 'B', '1) Autonomia orçamentária; 2) Eleição direta de seus membros; 3) Autoridade para negociar com lideranças do setor público e do setor privado; 4) administrativa em matéria de Direitos Humanos; e 5) Competência para denunciar estados cumpram as convenções de que são parte.');
insert into opcoes (num_exame, num_questao, letra_opcao, texto)
values(16, 22, 'C', '1) Legitimidade legiferante e poder de veto em legislação relativa aos Direitos Humanos; 2) deliberativa sobre a alocação de recursos públicos em programas e projetos de Direitos Humanos; 3) de responder em juízo em casos de litígio que envolvam os Direitos Humanos; 4) Expertise para realizar pesquisas em Direitos Humanos; e 5) Autoridade para definir currículos escolares em matérias relativas aos Direitos Humanos.');
insert into opcoes (num_exame, num_questao, letra_opcao, texto)
values(16, 22, 'D', '1) Indivisibilidade; 2) Universalidade; 3) Complementaridade; 4) Imprescritibilidade; e 5) Irrenunciabilidade dos Direitos Humanos. 8 AME DE ORDEM UNIFICADO – TIPO 01 – BRANCA Humana em – CNDH. Esse Capacidade de se s Jurisdição -partes que não Competência Capacidade');
insert into questoes (num_exame, num_questao, enunciado, opcao_correta)
values(16, 23, 'O MERCOSUL é um organismo internacional que visa à integração econômica de países que se localizam geograficamente no eixo conhecido como Cone Sul, nos termos do Tratado de Assunção (1991) e do Protocolo de Ouro Preto (1994). Sobre o sistema de solução d assinale a afirmativa correta.', 'A');
insert into opcoes (num_exame, num_questao, letra_opcao, texto)
values(16, 23, 'A', 'O MERCOSUL não possui um sistema próprio de solução de controvérsias, adotando, nos termos do Tratado de Assunção, o sistema estabelecido no Anexo II do Tratado de Marrakesh para a Organização Mu');
insert into opcoes (num_exame, num_questao, letra_opcao, texto)
values(16, 23, 'B', 'Provisoriamente estabelecido no Protocolo de Brasília (1993), o sistema de solução de controvérsias do MERCOSUL encontra-se, atualmente, normatizado pelo Protocolo de Ouro Preto (1994), que estabeleceu a estrutura orgânica definitiva do');
insert into opcoes (num_exame, num_questao, letra_opcao, texto)
values(16, 23, 'C', 'O sistema de solução de controvérsias do MERCOSUL, atualmente normatizado nos termos do Protocolo de Olivos (2002), estabeleceu como instância final judicante o Tribunal Permanente de Revisão.');
insert into opcoes (num_exame, num_questao, letra_opcao, texto)
values(16, 23, 'D', 'O sistema de soluções de controvérsias do MERCOSUL somente foi normatizado pelo Protocolo de Las Leñas (1996), que estabeleceu os procedimentos de cooperação e assistência jurisdicional em matéria civil, comercial, trabalhista e administrativa.');
insert into questoes (num_exame, num_questao, enunciado, opcao_correta)
values(16, 24, 'O litígio que envolve Estados e organizações inte podendo ser de natureza econômica, política ou meramente jurídica, é conceituado como controvérsia internacional. Acerca dos meios diplomáticos para soluções pacíficas de controvérsias internacionais, assinale a afirmativa correta.', 'A');
insert into opcoes (num_exame, num_questao, letra_opcao, texto)
values(16, 24, 'A', 'A negociação é um mecanismo que conta com o envolvimento de um terceiro, cuja função é propor uma solução pacífica para o conflito entre as partes.');
insert into opcoes (num_exame, num_questao, letra_opcao, texto)
values(16, 24, 'B', 'Os bons ofícios caracterizam um terceiro que colabora com a solução de controvérs podendo ser um Estado, um organismo internacional ou uma autoridade.');
insert into opcoes (num_exame, num_questao, letra_opcao, texto)
values(16, 24, 'C', 'A mediação caracteriza- terceiro, que somente pode ser pessoa natural.');
insert into opcoes (num_exame, num_questao, letra_opcao, texto)
values(16, 24, 'D', 'A conciliação é muito semelhante à mediação. Entretanto, caracteriza-se pela possibil pessoa natural, Estado ou organismo internacional. e controvérsias do MERCOSUL, ndial do Comércio. bloco. rnacionais, -se pela oferta espontânea de ias, se pelo envolvimento de um idade de atuar como mediador XVI EX');
insert into questoes (num_exame, num_questao, enunciado, opcao_correta)
values(16, 25, 'A União concedeu isenção, pelo prazo de cinco Contribuição para o Financiamento da Seguridade Social (COFINS) para as indústrias de veículos automotores terrestres que cumprissem determinadas condições. Sobre a isenção tributária, é possível afirmar que', 'A');
insert into opcoes (num_exame, num_questao, letra_opcao, texto)
values(16, 25, 'A', 'as indústrias de aviação podem requerer a benefício, pois a norma que concede isenção deve ser interpretada extensivamente.');
insert into opcoes (num_exame, num_questao, letra_opcao, texto)
values(16, 25, 'B', 'a União poderá, a qualquer tempo, revogar ou modificar a isenção concedida.');
insert into opcoes (num_exame, num_questao, letra_opcao, texto)
values(16, 25, 'C', 'a isenção da COFINS pode ser concedida mediante decreto, desde que a norma seja específ');
insert into opcoes (num_exame, num_questao, letra_opcao, texto)
values(16, 25, 'D', 'as indústrias de veículos automotores terrestres não estão dispensadas do cumprimento das obrigações acessórias, pois elas são independentes da existência da obrigação principal.');
insert into questoes (num_exame, num_questao, enunciado, opcao_correta)
values(16, 26, 'Determinado contribuinte verificou a existência de débitos vencidos de Imposto sobre a Propriedade Predial e Territorial Urbana (IPTU) e da taxa de coleta de lixo com o Município M. Os dois tributos são relativos ao ano-calendário de 2012 e se referem ao imóvel onde reside. O contribuinte pagou ao Município M montante insuficiente para a quitação de ambos os tributos. Diante de tais débitos, a autoridade administrativa municipal que recebeu o pagamento', 'A');
insert into opcoes (num_exame, num_questao, letra_opcao, texto)
values(16, 26, 'A', 'determinará, primeiramente, a imputação do pagamento à taxa e, posteriormente, ao imposto.');
insert into opcoes (num_exame, num_questao, letra_opcao, texto)
values(16, 26, 'B', 'determinará o pagamento na ordem decrescente dos prazos prescricionais.');
insert into opcoes (num_exame, num_questao, letra_opcao, texto)
values(16, 26, 'C', 'determinará o pagamento na ordem crescente dos montantes.');
insert into opcoes (num_exame, num_questao, letra_opcao, texto)
values(16, 26, 'D', 'determinará, primeiramente, a imputação do pagamento ao imposto e, posteriormente, à taxa.');
insert into questoes (num_exame, num_questao, enunciado, opcao_correta)
values(16, 27, 'Uma obrigação tributária referente ao Imposto sobre Circulação de Mercadorias e Serviços (ICMS) teve seu fato gerador ocorrido em 1º de junho de 2012. O débito foi objeto de lançamento em 21 de janeiro de 2014. A inscrição em dívida ativa ocorreu em 02 de junho de 2014. A execução fiscal foi ajuizada em 21 de outubro de 2014 e, em 02 de março de 2015, o juiz proferiu despacho citatório nos autos da execução fiscal. Considerando que o contribuinte devedor alienou todos os seus bens sem reservar montante suficiente para o pagamento do tributo devido, assinale a opção que indica o marco temporal, segundo o CTN, caracterizador da fraude à execução fiscal, em termos de data de alienação.', 'A');
insert into opcoes (num_exame, num_questao, letra_opcao, texto)
values(16, 27, 'A', '21 de janeiro de 2014');
insert into opcoes (num_exame, num_questao, letra_opcao, texto)
values(16, 27, 'B', '02 de junho de 2014');
insert into opcoes (num_exame, num_questao, letra_opcao, texto)
values(16, 27, 'C', '02 de março de 2015');
insert into opcoes (num_exame, num_questao, letra_opcao, texto)
values(16, 27, 'D', '21 de outubro de 2014 9 AME DE ORDEM UNIFICADO – TIPO 01 – BRANCA anos, da fruição do ica.');
insert into questoes (num_exame, num_questao, enunciado, opcao_correta)
values(16, 28, 'Em 2007, a pessoa jurídica Y recebeu notificação para pagamento de débitos de Imposto sobre a Propriedade Predial e Territorial Urbana (IPTU). Em 2014, diante da constatação de que a contribuinte não havia apresentado qualquer impugnação e nem realizado o pagamento, o Município X ajuizou execução fiscal para a cobrança destes créditos. Considerando os fatos narrados e as disposições da Lei nº 6.830/80, o juiz, ao analisar a inicial da execução fiscal proposta pelo Fisco,', 'A');
insert into opcoes (num_exame, num_questao, letra_opcao, texto)
values(16, 28, 'A', 'poderá, de ofício, reconhecer e decretar a prescrição somente depois de ouvida a Fazenda Pública.');
insert into opcoes (num_exame, num_questao, letra_opcao, texto)
values(16, 28, 'B', 'poderá, de ofício, reconhecer e decretar a prescrição somente depois de ouvida a Fazenda Pública e a contribuinte.');
insert into opcoes (num_exame, num_questao, letra_opcao, texto)
values(16, 28, 'C', 'poderá decretar a prescrição de ofício, independentemente da prévia oitiva da Fazenda Pública.');
insert into opcoes (num_exame, num_questao, letra_opcao, texto)
values(16, 28, 'D', 'só poderá decretar a prescrição se esta vier a ser suscitada pela contribuinte.');
insert into questoes (num_exame, num_questao, enunciado, opcao_correta)
values(16, 29, 'Carlos, servidor público federal, utilizou dois servidores do departamento que chefia para o pagamento de agência bancária e para outras atividades particulares. Por essa razão, foi aberto processo administrativo disciplinar, que culminou na aplicação de penalidade de suspensão de 5 (cinco) dias. Sobre o caso apresentado, assinale a afirmativa corre', 'A');
insert into opcoes (num_exame, num_questao, letra_opcao, texto)
values(16, 29, 'A', 'Carlos procedeu de forma desidiosa e, por essa razão, a penalidade aplicável seria a de advertência, não a de suspensão.');
insert into opcoes (num_exame, num_questao, letra_opcao, texto)
values(16, 29, 'B', 'A infração praticada por Carlos dá ensejo à penalidade de demissão, razão pela qual se torna insubsistente a penalidade aplicada.');
insert into opcoes (num_exame, num_questao, letra_opcao, texto)
values(16, 29, 'C', 'Caso haja conveniência para o serviço, a penalidade de suspensão poderá ser convertida em multa, ficando o servidor obrigado a permanecer em serviço.');
insert into opcoes (num_exame, num_questao, letra_opcao, texto)
values(16, 29, 'D', 'A penalidade aplicada a Carlos terá seu registro cancelado após 3 (três) anos de efetivo exercício, caso e cometa, nesse período, nova infração disciplinar. contas em ta. le não XVI EX');
insert into questoes (num_exame, num_questao, enunciado, opcao_correta)
values(16, 30, 'O Estado X, após regular processo licitatório, celebrou contrato de concessão de serviço público de transporte intermunicipal de passageiros, por ônibus regular, com a sociedade empresária “F”, vencedora do certame, com prazo de 10 (dez) anos. Entretanto, apenas 5 (cinco) anos depois da assinatura do contrato, o Estado publicou edital de licitação para a concessão de serviço de transporte de passageiros, por ônibus do tipo executivo, para o mesmo trecho. Diante do exposto, assinale a afirmativa correta.', 'A');
insert into opcoes (num_exame, num_questao, letra_opcao, texto)
values(16, 30, 'A', 'A sociedade empresária “F” pode impedir a realização da nova licitação, uma vez que a lei atribui caráter de exclusividade à outorga da concessão de serviços públicos.');
insert into opcoes (num_exame, num_questao, letra_opcao, texto)
values(16, 30, 'B', 'A outorga de concessão ou permissão não terá caráter de exclusividade, salvo no caso de inviabilidade técnica ou econômica devidamente justificada.');
insert into opcoes (num_exame, num_questao, letra_opcao, texto)
values(16, 30, 'C', 'A lei atribui caráter de exclusividade à concessão de serviços públicos, mas a violação ao comando legal somente confere à sociedade empresária “F” direito à indenização por perdas e danos.');
insert into opcoes (num_exame, num_questao, letra_opcao, texto)
values(16, 30, 'D', 'A lei veda a atribuição do caráter de exclusividade à outorga de concessão, o que afasta qualquer pretensão por parte da concessionária, salvo o direito à rescisão unilateral do contrato pela concessionária, mediante notificação extrajudicial.');
insert into questoes (num_exame, num_questao, enunciado, opcao_correta)
values(16, 31, 'O Estado X está ampliando a sua rede de esgotamento sanitário. Para tanto, celebrou contrato de obra com a empresa “Enge-X-Sane”, no valor de R$ (cinquenta milhões de reais). A fim de permitir a conclusão das obras, com a extensão da rede de esgotamento a quatro comunidades carentes, o Estado celebrou termo aditivo com a referida empresa, no valor de R$ 10.000.000,00 (dez milhões de reais), custeados com recursos transferidos pela União, mediante convênio, elevando, assim, o valor total do contrato para R$ 60.000.000,00 (sessenta milhões de reais). Considerando que foram formuladas denúncias de sobrepreço ao Tribunal de Contas da União, assinale a afirmativa', 'A');
insert into opcoes (num_exame, num_questao, letra_opcao, texto)
values(16, 31, 'A', 'O Tribunal de Contas da União não tem competência para apurar eventual irregularidade, uma vez que se trata de obra pública estadual, devendo o interessado formular denúncia ao Tribunal de Contas do Estado.');
insert into opcoes (num_exame, num_questao, letra_opcao, texto)
values(16, 31, 'B', 'O Tribunal de Contas da União não tem apurar eventual irregularidade, mas pode, de ofício, remeter os elementos da denúncia para o Tribunal de Contas do Estado.');
insert into opcoes (num_exame, num_questao, letra_opcao, texto)
values(16, 31, 'C', 'O Tribunal de Contas da União é competente para fiscalizar a obra e pode determinar, diante de irregularidades, a imediata sustação da execução do contrato impugnado.');
insert into opcoes (num_exame, num_questao, letra_opcao, texto)
values(16, 31, 'D', 'O Tribunal de Contas da União é competente para fiscalizar a obra e pode indicar prazo para que o órgão ou a entidade adote as providências necessárias ao exato cumprimento da lei, se verificada ilegalidade. 10 AME DE ORDEM UNIFICADO – TIPO 01 – BRANCA 50.000.000,00 correta. competência para');
insert into questoes (num_exame, num_questao, enunciado, opcao_correta)
values(16, 32, 'Determinado município resolve aumentar a eficiência na aplicação das multas de trânsito. Após procedimento licitatório, contrata a sociedade empresária instalar câmeras do tipo “radar trânsito, bem como disponibilizar agentes de trânsito para orientar os cidadãos e aplicar multas. A mesma empresária ainda ficará encarregada de criar um Conselho de Apreciação das multas, com o objetivo de analisar infrações e julgar os recursos administrativos. Sobre o caso apresentado, assinale a afirmativa correta.', 'A');
insert into opcoes (num_exame, num_questao, letra_opcao, texto)
values(16, 32, 'A', 'É possível a contratação de equipamentos eletrônicos de fiscalização, mas o poder decisório não pode ser transferido à empresa.');
insert into opcoes (num_exame, num_questao, letra_opcao, texto)
values(16, 32, 'B', 'Não é cabível a terceirização de qualquer dessas atividades, por se tratar de atividade Administração.');
insert into opcoes (num_exame, num_questao, letra_opcao, texto)
values(16, 32, 'C', 'A contratação é, a princípio, legal, mas somente permanecerá válida se o município comprovar que a terceirização aumentou a eficiência da atividade.');
insert into opcoes (num_exame, num_questao, letra_opcao, texto)
values(16, 32, 'D', 'Não é possível delegar a instalação e gestão de câmeras do tipo “radar” à empresa contratada, mas é possível delegar a criação e gestão do Conselho de Apreciação de multas.');
insert into questoes (num_exame, num_questao, enunciado, opcao_correta)
values(16, 33, 'Após fortes chuvas, devido ao enorme volume de água, parte de uma rodovia federal sofreu rachaduras e cedeu, tornando necessária a interdição da pista e o desvio do fluxo de tráfego até a conclusão das obras de reparo. A exploração da rodovia havia sido concedida, mediante licitação, à sociedade empresária “Traffega”, e esta não situação, razão pela qual foi decretada a intervenção na concessão. Sobre a hipótese apresentada, assinale a afirmativa correta.', 'A');
insert into opcoes (num_exame, num_questao, letra_opcao, texto)
values(16, 33, 'A', 'A intervenção somente pode ser decretada após a conclusão de processo administrativo em que seja assegurada a ampla defesa.');
insert into opcoes (num_exame, num_questao, letra_opcao, texto)
values(16, 33, 'B', 'A administração do serviço será devolvida à concessionária, cessada a intervenção, se não for extinta a concessão.');
insert into opcoes (num_exame, num_questao, letra_opcao, texto)
values(16, 33, 'C', 'A intervenção decorre da supremacia do interesse público sobre o privado e dispensa a instauração de processo administrativo.');
insert into opcoes (num_exame, num_questao, letra_opcao, texto)
values(16, 33, 'D', 'A intervenção é causa obrigatória de extinção da concessão e assunção do serviço pelo poder concedente. Cobra Tudo para ”, que fotografam infrações de sociedade todas as -fim da foi capaz de lidar com a XVI EX');
insert into questoes (num_exame, num_questao, enunciado, opcao_correta)
values(16, 34, 'O prédio que abrigava a Biblioteca Pública do Município de Molhadinho foi parcialmente destruído em um incêndio, que arruinou quase metade do acervo e prejudicou gravemente a estrutura do prédio. Os livros restantes já foram transferidos para uma nova sede. O Prefeito de Molhadinho alienar o prédio antigo, ainda cheio de entulho e escombros. Sobre o caso descrito, assinale a afirmativa correta.', 'A');
insert into opcoes (num_exame, num_questao, letra_opcao, texto)
values(16, 34, 'A', 'Não é possível, no ordenamento jurídico atual, a alienação de bens públicos.');
insert into opcoes (num_exame, num_questao, letra_opcao, texto)
values(16, 34, 'B', 'O antigo prédio da biblioteca, bem público de uso especial, somente pode ser alienado após ato formal de desafetação.');
insert into opcoes (num_exame, num_questao, letra_opcao, texto)
values(16, 34, 'C', 'É possível a alienação do antigo prédio da biblioteca, por se tratar de bem público dominical.');
insert into opcoes (num_exame, num_questao, letra_opcao, texto)
values(16, 34, 'D', 'Por se tratar de um prédio com livre acesso do público em geral, trata-se de bem público de uso comum, insuscetível de alienação.');
insert into questoes (num_exame, num_questao, enunciado, opcao_correta)
values(16, 35, 'Miguel, empreendedor particular, tem interesse em dar início à construção de edifício comercial em área urbana de uma grande metrópole. Nesse sentido, consulta seu advogado e indaga sobre quais são as exigências legais para o empreendimento. Sobre a situação apresentada, assinale a afirmativa correta.', 'A');
insert into opcoes (num_exame, num_questao, letra_opcao, texto)
values(16, 35, 'A', 'Não é necessária a realização de estudo de impacto ambiental, por ser área urbana, ou estudo de impacto de vizinhança, uma vez que não foi editada até hoje lei complementar exigida pela Constituição para di matéria.');
insert into opcoes (num_exame, num_questao, letra_opcao, texto)
values(16, 35, 'B', 'É necessário o estudo prévio de impacto ambiental, anterior ao licenciamento ambiental, a ser efetivado pelo município, em razão de o potencial impacto ser de âmbito local.');
insert into opcoes (num_exame, num_questao, letra_opcao, texto)
values(16, 35, 'C', 'É necessária a realização de estudo de impacto de vizinhança, desde que o empreendimento esteja compreendido no rol de atividades estabelecidas em lei municipal.');
insert into opcoes (num_exame, num_questao, letra_opcao, texto)
values(16, 35, 'D', 'É necessária a realização de estudo de impacto ambiental, o qual não será precedido necessariamente por licenciamento ambiental, uma vez que a atividade não potencialmente causadora de impacto ambiental. 11 AME DE ORDEM UNIFICADO – TIPO 01 – BRANCA pretende sciplinar a é');
insert into questoes (num_exame, num_questao, enunciado, opcao_correta)
values(16, 36, 'Hugo, proprietário de imóvel rural, tem instituída Reserva Legal em parte de seu imóvel. Sobre a hipótese, considerando o instituto da Reserva Legal, de acordo com a disciplina do Novo Código Florestal (Lei nº 12.651/2012), assinale a afirmativa correta.', 'A');
insert into opcoes (num_exame, num_questao, letra_opcao, texto)
values(16, 36, 'A', 'As áreas de Reserva Legal são excluídas da base tributável do Imposto sobre a Propriedade Territorial Rural (ITR), compreendendo esta uma função extrafiscal do tributo.');
insert into opcoes (num_exame, num_questao, letra_opcao, texto)
values(16, 36, 'B', 'Caso Hugo transmita onerosamente a propriedade, o adquirente não tem o dever de recompor a área de Reserva Legal, mesmo que averbada, tendo em vista o caráter personalíssimo da obrigação.');
insert into opcoes (num_exame, num_questao, letra_opcao, texto)
values(16, 36, 'C', 'Hugo não pode explorar economicamente a área de Reserva Legal, conduta tipific Código Florestal (Lei nº 12.651/2012).');
insert into opcoes (num_exame, num_questao, letra_opcao, texto)
values(16, 36, 'D', 'A área compreendida pela Reserva Legal é considerada Unidade de Conservação de Uso Sustentável, admitindo exploração somente se inserida no plano de manejo instituído pelo Poder Público.');
insert into questoes (num_exame, num_questao, enunciado, opcao_correta)
values(16, 37, 'Os tutores de José consideram que o rapaz, aos 16 anos, tem maturidade e discernimento necessários para praticar os atos da vida civil. Por isso, decidem conferir ao rapaz a sua emancipação. Consultam, para tanto, um advogado, que lhes aconselha corretamente no seguinte sentido:', 'A');
insert into opcoes (num_exame, num_questao, letra_opcao, texto)
values(16, 37, 'A', 'José poderá ser emancipado em procedimento judicial, com a oitiva do tutor sobre as condições do tutelado.');
insert into opcoes (num_exame, num_questao, letra_opcao, texto)
values(16, 37, 'B', 'José poderá ser emancipado via instrumento público, sendo desnecessária a homologação judicial.');
insert into opcoes (num_exame, num_questao, letra_opcao, texto)
values(16, 37, 'C', 'José poderá ser emancipado via instrumento público ou particular, sendo necessário procedimento judicial.');
insert into opcoes (num_exame, num_questao, letra_opcao, texto)
values(16, 37, 'D', 'José poderá ser emancipado por instrumento público, com averbação no registro de pessoas naturais.');
insert into questoes (num_exame, num_questao, enunciado, opcao_correta)
values(16, 38, 'Márcia era viúva e tinha três filhos: Hugo, Aurora e F Aurora, divorciada, vivia sozinha e tinha dois filhos, Rui e Júlia. Márcia faleceu e Aurora renunciou à herança da mãe. Sobre a divisão da herança de Márcia, assinale a afirmativa correta.', 'A');
insert into opcoes (num_exame, num_questao, letra_opcao, texto)
values(16, 38, 'A', 'Diante da renúncia de Aurora, a herança de Márcia deve ser dividida entre Hugo e Fiona, cabendo a cada um metade da herança.');
insert into opcoes (num_exame, num_questao, letra_opcao, texto)
values(16, 38, 'B', 'Diante da renúncia de Aurora, a herança de Márcia deve ser dividida entre Hugo, Fiona, Rui e Júlia, em partes iguais, cabendo a cada um 1/4 da herança.');
insert into opcoes (num_exame, num_questao, letra_opcao, texto)
values(16, 38, 'C', 'Diante da renúncia de Aurora, a herança ser dividida entre Hugo, Fiona, Rui e Júlia, cabendo a Hugo e Fiona 1/3 da herança, e a Rui e Júlia 1/6 da herança para cada um.');
insert into opcoes (num_exame, num_questao, letra_opcao, texto)
values(16, 38, 'D', 'Aurora não pode renunciar à herança de sua mãe, uma vez que tal faculdade não é admitida quando se tem descendentes de primeiro grau. ada como crime pelo Novo iona. de Márcia deve XVI EX');
insert into questoes (num_exame, num_questao, enunciado, opcao_correta)
values(16, 39, 'Maria entregou à sociedade empresária JL Veículos Usados um veículo Vectra, ano 2008, de sua propriedade, para ser vendido pelo valor de R$ 18.000,00. Restou acordado que o veículo ficaria exposto na loja pelo prazo máximo de 30 dias. Considerando a hipótese acima e as regras do contrato estimatório, assinale a afirmativa correta.', 'A');
insert into opcoes (num_exame, num_questao, letra_opcao, texto)
values(16, 39, 'A', 'O veículo pode ser objeto de penhora pelos credores da JL Veículos Usados, mesmo que não pago integralmente o preço.');
insert into opcoes (num_exame, num_questao, letra_opcao, texto)
values(16, 39, 'B', 'A sociedade empresária JL Veículos Usados suportará a perda ou deterioração do veículo, não se eximindo da obrigação de pagar o preço ajustado, ainda que a restituição se impossibilite sem sua culpa.');
insert into opcoes (num_exame, num_questao, letra_opcao, texto)
values(16, 39, 'C', 'Ainda que não pago integralmente o preço a Maria, o veículo consignado poderá ser objeto de penhora, caso a sociedade empresária JL Veículos Usados seja acionada judicialmente por seus credores.');
insert into opcoes (num_exame, num_questao, letra_opcao, texto)
values(16, 39, 'D', 'Maria poderá dispor do veículo enquanto perdurar o contrato estimatório, com fundamento na manutenção da reserva do domínio e da posse indireta da coisa.');
insert into questoes (num_exame, num_questao, enunciado, opcao_correta)
values(16, 40, 'Mediante o emprego de violência, Mélvio esbulhou a posse da Fazenda Vila Feliz. A vítima do esbulho, Cassandra, ajuizou ação de reintegração de posse em face de Mélvio após um ano e meio, o que impediu a concessão de medida liminar em seu favor. Passados dois anos desde a invasão, Mélvio teve que trocar o telhado da casa situada na fazenda, pois estava danificado. Passados cinco anos desde a referida obra, a ação de reintegração de posse transitou em julgado e, na ocas telhado colocado por Mélvio já se encontrava severamente danificado. Diante de sua derrota, Mélvio argumentou que faria jus ao direito de retenção pelas benfeitorias erigidas, exigindo que Cassandra o reembolsasse. A respeito do pleito de Mélvio, assinale a afirmativa correta.', 'A');
insert into opcoes (num_exame, num_questao, letra_opcao, texto)
values(16, 40, 'A', 'Mélvio não faz jus ao direito de retenção por benfeitorias, pois sua posse é de má-fé e as benfeitorias, ainda que necessárias, não devem ser indenizadas, porque não mais existiam quando a ação de reintegração de posse transi em julgado.');
insert into opcoes (num_exame, num_questao, letra_opcao, texto)
values(16, 40, 'B', 'Mélvio é possuidor de boa-fé, fazendo jus ao direito de retenção por benfeitorias e devendo ser indenizado por Cassandra com base no valor delas.');
insert into opcoes (num_exame, num_questao, letra_opcao, texto)
values(16, 40, 'C', 'Mélvio é possuidor de má-fé, não fazendo jus ao direito de retenção por benfeitorias, mas deve ser indenizado por Cassandra com base no valor delas.');
insert into opcoes (num_exame, num_questao, letra_opcao, texto)
values(16, 40, 'D', 'Mélvio é possuidor de má-fé, fazendo jus ao direito de retenção por benfeitorias e devendo ser indenizado pelo valor atual delas. 12 AME DE ORDEM UNIFICADO – TIPO 01 – BRANCA ião, o tou');
insert into questoes (num_exame, num_questao, enunciado, opcao_correta)
values(16, 41, 'Daniel, morador do Condomínio Raio de Luz, após consultar a convenção do condomínio e constatar a permissão de animais de estimação, realizou um sonho antigo e adquiriu um cachorro da raça Beagle. Ocorre que o animal, muito travesso, precisou dos serviços de um adestrador, pois estava destruindo móveis e sapatos do dono. Assim, Daniel contratou Cleber, adestrador renomado, para um pacote de seis meses de sessões. Findo o período do treinamento, Daniel, satisfeito com o resultado, resolve levar o cachorro pa área de lazer do condomínio e, encontrando coleira e a guia para que o Minutos depois, a moradora Diana, com 80 (oitenta) anos de idade, chega à área de lazer com seu neto Theo. Ao percebe presença da octogenária, o cachorro pula em suas pernas, Diana perde o equilíbrio, cai e fratura o fêmur. Diana pretende ser indenizada pelos danos materiais e compensada pelos danos estéticos. Com base no caso narrado, assinale a opção correta.', 'A');
insert into opcoes (num_exame, num_questao, letra_opcao, texto)
values(16, 41, 'A', 'Há responsabilidade civil valorada pelo critério subjetivo e solidária de Daniel e Cleber, aquele por culpa na vigilância do animal e este por imperícia no adestramento do pelo fato de não evitarem que o cachorro avançasse em terceiros.');
insert into opcoes (num_exame, num_questao, letra_opcao, texto)
values(16, 41, 'B', 'Há responsabilidade civil valorada pelo critério objetivo e extracontratual de Daniel, havendo obrigação de indenizar e compensar os danos causados, haja vista a ausência de prova de alguma das causas legais excludentes do nexo causal, quais sejam, força maio vítima.');
insert into opcoes (num_exame, num_questao, letra_opcao, texto)
values(16, 41, 'C', 'Não há responsabilidade civil de Daniel valorada pelo critério subjetivo, em razão da ocorrência de força maior, isto é, da chegada inesperada da moradora Diana, caracterizando a inevitabilidade do ocorrido, com rompimento do nexo de causalidade.');
insert into opcoes (num_exame, num_questao, letra_opcao, texto)
values(16, 41, 'D', 'Há responsabilidade valorada pelo critério subjetivo e contratual apenas de Daniel em relação aos danos sofridos por Diana; subjetiva, em razão da evidente culpa na custódia do animal; e contratual, por serem ambos moradores do Condomínio Raio de Luz. ra se exercitar na -a vazia, solta a Beagle possa correr livremente. r a Beagle, r ou culpa exclusiva da XVI EX');
insert into questoes (num_exame, num_questao, enunciado, opcao_correta)
values(16, 42, 'Joana deu seu carro a Lúcia, em comodato, pelo prazo de 5 dias, findo o qual Lúcia não devolveu o veículo. Dois dias depois, forte tempestade danificou a lanterna e o parachoque dianteiro do carro de Joana. Inconformada com o Joana exigiu que Lúcia a indenizasse pelos danos causados ao veículo. Diante do fato narrado, assinale a afirmativa correta.', 'A');
insert into opcoes (num_exame, num_questao, letra_opcao, texto)
values(16, 42, 'A', 'Lúcia incorreu em inadimplemento absoluto, pois não cumpriu sua prestação no termo ajustado, o que inutilizou a prestação para Joana.');
insert into opcoes (num_exame, num_questao, letra_opcao, texto)
values(16, 42, 'B', 'Lúcia não está em mora, pois Joana não a interpelou, judicial ou extrajudicialmente.');
insert into opcoes (num_exame, num_questao, letra_opcao, texto)
values(16, 42, 'C', 'Lúcia deve indenizar Joana pelos danos causados ao veículo, salvo se provar que os mesmos ocorreriam ainda que tivesse adimplido sua prestação no termo ajusta');
insert into opcoes (num_exame, num_questao, letra_opcao, texto)
values(16, 42, 'D', 'Lúcia não responde pelos danos causados ao veículo, pois foram decorrentes de força maior.');
insert into questoes (num_exame, num_questao, enunciado, opcao_correta)
values(16, 43, 'A Companhia GAMA e o Banco RENDA celebraram entre si contrato de mútuo, por meio do qual a companhia recebeu do banco a quantia de R$ 500.000,00 (quinhentos mil reais), obrigando-se a restituí-la, acrescida dos juros convencionados, no prazo de três anos, contados da entrega do numerário. Em garantia do pagamento do débito, a Companhia GAMA constituiu, em favor do Banco RENDA, por meio de escritura pública levada ao cartório do registro de imóveis, direito real de hipoteca sobre determinado imóvel de sua pr Companhia GAMA, dois meses depois, celebrou outro contrato de mútuo com o Banco BETA R$ 200.000,00 (duzentos mil reais), obrigando quantia, acrescida dos juros convencionados, no prazo de dois anos, contados da entrega do numerário. Em garantia do pagamento do débito, a Companhia GAMA constituiu, em favor do Banco BETA, por meio de escritura pública levada ao cartório do registro de imóveis, uma segunda hipoteca sobre o mesmo imóvel gravado pela hipoteca do Banco RENDA. Chegado o dia do vencimento do mútuo celebrado com o Banco BETA, a Companhia GAMA não reembolsou a quantia devida ao banco, muito embora tivesse bens suficientes para honrar todas as suas dívidas. Nesse caso, é correto afirmar que', 'A');
insert into opcoes (num_exame, num_questao, letra_opcao, texto)
values(16, 43, 'A', 'o Banco BETA tem direito a promover imediatamente a execução judicial da hipoteca que lhe foi conferida.');
insert into opcoes (num_exame, num_questao, letra_opcao, texto)
values(16, 43, 'B', 'a hipoteca constituída pela companhia GAMA em favor do Banco BETA é nula, uma vez que o bem objeto da garantia já se encontrava gravado por outra hipoteca.');
insert into opcoes (num_exame, num_questao, letra_opcao, texto)
values(16, 43, 'C', 'a hipoteca constituída pela GAMA em favor do Banco é nula, uma vez que tal hipoteca garante dívida cujo vencimento é inferior ao da dívida garantida pela primeira hipoteca, constituída em favor do Banco RENDA.');
insert into opcoes (num_exame, num_questao, letra_opcao, texto)
values(16, 43, 'D', 'o Banco BETA não poderá promover a execução hipoteca que lhe foi conferida antes de vencida a dívida contraída pela Companhia GAMA junto ao Banco RENDA. 13 AME DE ORDEM UNIFICADO – TIPO 01 – BRANCA ocorrido, do. opriedade. A , no valor de -se a restituir a BETA judicial da');
insert into questoes (num_exame, num_questao, enunciado, opcao_correta)
values(16, 44, 'O Estatuto da Criança e do Adolescente estabelece que pessoas com até doze anos de idade incompletos são consideradas crianças e aquelas entre doze e dezoito anos incompletos, adolescentes. Estabelece, ainda, o Art. 2º, parágrafo único, que “Nos casos expressos em lei, aplica excepcionalmente este Estatuto às pessoas entre dezoito e vinte e um anos de idade”. Partindo da análise do caráter etário descrito no enunciado, assinale a afirmativa correta.', 'A');
insert into opcoes (num_exame, num_questao, letra_opcao, texto)
values(16, 44, 'A', 'O texto foi derrogado, não tendo qualquer aplicabilidade no aspecto penal, que considera a maioridade penal aos dezoito anos, não podendo, portanto, ser qualquer medida socioeducativa a pessoas entre dezoito e vinte e um anos incompletos, pois o critério utilizado para a incidência é a idade na data do julgamento e não a idade na data do fato.');
insert into opcoes (num_exame, num_questao, letra_opcao, texto)
values(16, 44, 'B', 'A proteção integral às crianças e adolescentes, primad ECA, estendeu a proteção da norma especial aos que ainda não tenham completado a maioridade civil, nisso havendo a proteção especialmente destinada aos menores de vinte e um anos, nos âmbitos do Direito Civil e do Direito Penal.');
insert into opcoes (num_exame, num_questao, letra_opcao, texto)
values(16, 44, 'C', 'O texto destacado no parágrafo único desarmoniza regra do Código Civil de 2002 que estabelece que a maioridade civil dá-se aos dezoito anos; por esse motivo, a regra indicada no enunciado não tem mais aplicabilidade no âmbito civil.');
insert into opcoes (num_exame, num_questao, letra_opcao, texto)
values(16, 44, 'D', 'Ao menor emancipado não se aplicam os p normas previstas no ECA; por isso, o estabelecido no texto transcrito, desde a entrada em vigor da norma especial em 1990, não era aplicada aos menores emancipados, exceto para fins de Direito Penal. -se aplicada o do -se da rincípios e as XVI EX');
insert into questoes (num_exame, num_questao, enunciado, opcao_correta)
values(16, 45, 'B e P, vizinhos da criança Y, cuidam do menino desde a tenra idade, quando o pai da criança faleceu e sua genitora, por motivos profissionais, mudou-se para localidade distante, fazendo visitas esporádicas ao infante, mas sempre enviando ajuda de custo para a alimentação do filho. Quando a criança completou um ano de idade, a genitora alcançou patamar financeiro estável, passando a ter meios para custear os gastos da criança também com educação, lazer, saúde etc. Assim, buscou a restituição do convívio diário levando-a para morar consigo, o que gerou discordância dos vizinhos B e P, que ingressaram com Ação de Guarda e Tutela do menor, argumentando a construção de laços afetivos intensos e que a criança iria sofrer com a distância. Analise a situação e, sob o ponto de vista jurídico, assinale a afirmativa correta.', 'A');
insert into opcoes (num_exame, num_questao, letra_opcao, texto)
values(16, 45, 'A', 'O afastamento da genitora do convívio cotidiano com a criança Y impede a reconstrução de laços afetivos, devendo ser, de pronto, conferida a guarda provisória aos vizinhos que o criaram e, ao final, a tutela do menor aos demandantes B e P.');
insert into opcoes (num_exame, num_questao, letra_opcao, texto)
values(16, 45, 'B', 'A reintegração à família natural, no caso, junto à mãe, deve ser priorizada em relação a outra providência, não havendo justo motivo para a que a criança seja posta sob tutela na hipótese narrada, uma vez que isso demandaria a perda ou suspensão do poder familiar, o que não encontra aplicabilidade nos estritos termos do enunciado.');
insert into opcoes (num_exame, num_questao, letra_opcao, texto)
values(16, 45, 'C', 'Os vizinhos que detinham a guarda de fato da criança Y têm prioridade no exercício do encargo de tutores, considerando esse o atendimento ao melhor interesse da criança, podendo eles assumir a função mesmo que a mãe mantenha o poder familiar, ante a precariedade e provisoriedade do referido encargo jurídico.');
insert into opcoes (num_exame, num_questao, letra_opcao, texto)
values(16, 45, 'D', 'A mãe da criança Y pode anuir com o pedido de colocação da criança sob tutela se considerar que atenderá ao melhor interesse do infante, hipótese em que a sentença homologatória poderá ser revogada a qualquer tempo, caso mudem as circunstâncias que a justificaram, não fazendo, pois, coisa julgada material. 14 AME DE ORDEM UNIFICADO – TIPO 01 – BRANCA com a criança Y,');
insert into questoes (num_exame, num_questao, enunciado, opcao_correta)
values(16, 46, 'A responsabilidade civil dos fornecedores de serviços e produtos, estabelecida pelo Código do Consumidor, reconheceu a relação jurídica qualificada pela presença de uma parte vulnerável, devendo ser observados os princípios da boa-fé, lealdade contratual, dignidade da pessoa humana e equidade. A respeito da temática, assinale a afirmativa correta.', 'A');
insert into opcoes (num_exame, num_questao, letra_opcao, texto)
values(16, 46, 'A', 'A responsabilidade civil subjetiva dos fabricantes impõe ao consumidor a comprovação da existência de nexo de causalidade que o vincule ao comprovação da culpa, invertendo que tange ao resultado danoso suportado.');
insert into opcoes (num_exame, num_questao, letra_opcao, texto)
values(16, 46, 'B', 'A responsabilidade civil do fabricante é subjetiva e subsidiária quando o comerciante é identificado e encontrado para responder pelo vício cabendo ao segundo a responsabilidade civil objetiva.');
insert into opcoes (num_exame, num_questao, letra_opcao, texto)
values(16, 46, 'C', 'A responsabilidade civil objetiva do fabricante somente poderá ser imputada se houver demostração dos elementos mínimos que comprovem o nexo de causalidade que justifique a ação pro consumidor.');
insert into opcoes (num_exame, num_questao, letra_opcao, texto)
values(16, 46, 'D', 'A inversão do ônus da prova nas relações de consumo é questão de ordem pública e de imputação imediata, cabendo ao fabricante a carga probatória frente ao consumidor, em razão da responsabilidade civil objetiva.');
insert into questoes (num_exame, num_questao, enunciado, opcao_correta)
values(16, 47, 'As negociações mercantis adotaram uma nova ordem quando o Código de Defesa do Consumidor foi implementado no sistema jurídico nacional. A norma visa a frágil econômica e tecnicamente de práticas abusivas conferindo-lhe a tutela do Art. 4º, I, do CDC, que consagra a presunção de vulnerabilidade absoluta geral inerente a todos os consumidores. Essa nova ordem ainda conferiu especial atenção à Convenção Coletiva adotada em outros ramos do Direito, passando também a constituir forma de equacionamento de conflitos nas relações de consumo antes mesmo da judicialização das questões, ou mesmo se antecipando à instalação dos litígios. A respeito da Convenção Coletiva de Consumo, prevista no microssistema do Código de Defesa do Consumidor, ass afirmativa correta.', 'A');
insert into opcoes (num_exame, num_questao, letra_opcao, texto)
values(16, 47, 'A', 'A Convenção regularmente constituída torna obrigatória a partir da assinatura dos legitimados, dispensando-se o registro do instrumento em cartório de títulos e documentos.');
insert into opcoes (num_exame, num_questao, letra_opcao, texto)
values(16, 47, 'B', 'A Convenção não poderá consumo no que diz respeito ao preço e às garantias de produtos e serviços, atribuições do Departamento de Proteção e Defesa do Consumidor.');
insert into opcoes (num_exame, num_questao, letra_opcao, texto)
values(16, 47, 'C', 'A Convenção regularmente constituída vincula os signatários, mas, caso o fornecedor se desligue da entidade celebrante à qual estava vinculado, eximir do cumprimento do estabelecido.');
insert into opcoes (num_exame, num_questao, letra_opcao, texto)
values(16, 47, 'D', 'A Convenção firmada por entidades civis de consumidores e associações de fornecedores somente obrigará os filiados às entidades signatárias. fornecedor, mediante -se o ônus da prova no ou fato do produto, posta, ônus esse do proteger a parte mais , inale a -se regulamentar as relações de -se-á XVI EX');
insert into questoes (num_exame, num_questao, enunciado, opcao_correta)
values(16, 48, 'A sociedade empresária Calçados Montalvânia Ltda. celebrou contrato de faturização com Miravânia Fomento Mercantil Ltda. para que a segunda antecipasse para a primeira créditos contidos em cheques, notas promissórias, duplicatas de venda e outros documentos de dívida, além da prestação de assessoria mercadológica, creditícia e de gestão de riscos. Sobre este contrato, assinale a afirmativa correta.', 'A');
insert into opcoes (num_exame, num_questao, letra_opcao, texto)
values(16, 48, 'A', 'Na modalidade tradicional (ou convencional) da faturização, a faturizadora se obriga a efetuar o pagamento das faturas e de outros documentos referentes aos créditos cedidos apenas na data do vencimento, razão pela qual o contrato em questão não pode ser considerado faturização típica.');
insert into opcoes (num_exame, num_questao, letra_opcao, texto)
values(16, 48, 'B', 'As sociedades de fomento comercial estão obrigadas a arquivar seus contratos e suas alterações n de Pessoas Jurídicas, uma vez que o objeto por elas exercido inclui a prestação de serviços ao faturizado, sendo essa atividade estranha ao objeto das sociedades empresárias.');
insert into opcoes (num_exame, num_questao, letra_opcao, texto)
values(16, 48, 'C', 'As sociedades faturizadoras dependem de autorização do Banco Central do Brasil para funcionamento, podendo realizar operações de crédito em favor dos faturizados, não estando tais operações sujeitas ao limite máximo de juros previsto no Código Civil.');
insert into opcoes (num_exame, num_questao, letra_opcao, texto)
values(16, 48, 'D', 'As sociedades que exercem as atividades de fomento comercial, mesmo não sendo consideradas instituições financeiras para efeitos legais, estão obrigadas a conservar sigilo em suas operações ativas e passivas e serviços prestados aos faturizados.');
insert into questoes (num_exame, num_questao, enunciado, opcao_correta)
values(16, 49, 'Uma letra de câmbio no valor de R$ 13.000,00 (treze mil reais) foi endossada por Pilar com cláusula de mandato para o Banco Poxim S/A. Não tendo havido pagamento no vencimento, a cambial foi apresentada a protesto pelo endossatário mandatário, tendo sido lavrado e registrado o protesto pelo tabelião. Dez dias após o protesto, Rui Palmeira, aceitante da letra de câmbio, compareceu ao tabelionato e apresentou declaração de anuência firmada apenas pelo endossante da letra de câmbio, com identificação do título e firma reconhecida. Não houve apresentação do título no origina em sua cópia. À luz das disposições da Lei nº 9.492/97 sobre o cancelamento do protesto, é correto afirmar que o tabelião', 'A');
insert into opcoes (num_exame, num_questao, letra_opcao, texto)
values(16, 49, 'A', 'não poderá realizar o cancelamento do protesto por faltar no documento apresentado a anuência do endossatário mandatário.');
insert into opcoes (num_exame, num_questao, letra_opcao, texto)
values(16, 49, 'B', 'não poderá realizar o cancelamento do protesto, porque esse ato é privativo do juiz, diferentemente da sustação do protesto.');
insert into opcoes (num_exame, num_questao, letra_opcao, texto)
values(16, 49, 'C', 'poderá realizar o cancelamento do protesto, porque é suficiente a declaração de anuência firmada pelo endossante-mandante.');
insert into opcoes (num_exame, num_questao, letra_opcao, texto)
values(16, 49, 'D', 'poderá realizar o cancelamento do protesto, porque o pedido foi feito no prazo legal (30 dias) e pelo aceitante, obrigado principal. 15 AME DE ORDEM UNIFICADO – TIPO 01 – BRANCA de serviços o Registro Civil - l ou -');
insert into questoes (num_exame, num_questao, enunciado, opcao_correta)
values(16, 50, 'Terezinha, sócia minoritária e administradora da sociedade Z & Cia. Ltda., com participação de 23% no capital social, foi excluída da sociedade por ter se apropriado de bens sociais e alienado-os de forma fraudulenta. A exclusão extrajudicial observou todos os requisitos legais, tendo sido inclusive, aprovada em assembleia própria, com quórum superior à metade do capital social. Após a deliberação, foi alterado o contrato social com a nova composição societária e realizado o arquivamento na Junta Comercial. Efetuado o registro da alteração contratual, Deverá', 'A');
insert into opcoes (num_exame, num_questao, letra_opcao, texto)
values(16, 50, 'A', 'realizar a liquidação das quotas de Terezinha, com b último balanço aprovado; a ex obrigações sociais anteriores porque, na sociedade limitada, sua responsabilidade é restrita ao valor do capital social.');
insert into opcoes (num_exame, num_questao, letra_opcao, texto)
values(16, 50, 'B', 'ser dissolvida, cabendo aos sócios remanescentes investir o liquidante em suas funções; a ex de suas quotas, apurado com base em balanço especial, no curso da liquidação, após o pagamento aos credores.');
insert into opcoes (num_exame, num_questao, letra_opcao, texto)
values(16, 50, 'C', 'reduzir compulsoriamente o capital, sendo vedado aos demais sócios suprir o valor da quota de Terezinh responderá subsidiariamente pelas obrigações sociais até dois anos contados da data da deliberação que a excluiu da sociedade.');
insert into opcoes (num_exame, num_questao, letra_opcao, texto)
values(16, 50, 'D', 'realizar a liquidação das quotas de Terezinha, com base em balanço especial; a ex-sócia responderá pelas obrigações sociais anteriores, até dois anos após a averbação da resolução da sociedade na Junta Comercial.');
insert into questoes (num_exame, num_questao, enunciado, opcao_correta)
values(16, 51, 'Uma das obrigações da sociedade empresária é seguir um sistema de contabilidade, mecanizado ou não, com base na escrituração uniforme de seus livros, a documentação respectiva, e levantar anualmente o balanço patrimonial e o de resultado econômico. A partir do exposto, assinale a afirmativa correta.', 'A');
insert into opcoes (num_exame, num_questao, letra_opcao, texto)
values(16, 51, 'A', 'A ausência de autenticação dos instrumentos de escrituração na Junta Comercial da sociedade empresária sejam utilizados em juízo como prova documental a seu favor.');
insert into opcoes (num_exame, num_questao, letra_opcao, texto)
values(16, 51, 'B', 'Em razão da evolução tecnológica, passou a ser vedada a escrituração manual do Livro Diário, devendo a sociedade empresária adotar livros digitais suas operações.');
insert into opcoes (num_exame, num_questao, letra_opcao, texto)
values(16, 51, 'C', 'O balanço patrimonial deverá exprimir, com fidelidade e clareza, a situação real da empresa e indicará o ativo e o passivo distintamente.');
insert into opcoes (num_exame, num_questao, letra_opcao, texto)
values(16, 51, 'D', 'Os assentos lançados nos livros da sociedade empresária, por qualquer dos cont escrituração, não obrigam a pessoa jurídica, se tais livros não estiverem autenticados na Junta Comercial. Z & Cia. Ltda. ase no -sócia não responderá pelas -sócia receberá o valor a; esta em correspondência com não impede que os livros para a escrituração de abilistas encarregados de sua XVI EX');
insert into questoes (num_exame, num_questao, enunciado, opcao_correta)
values(16, 52, 'A respeito dos legitimados, assinale a opção que indica as pessoas que podem requerer patente de invenção ou modelo de utilidade, de acordo com a Lei nº 9.279/96.', 'A');
insert into opcoes (num_exame, num_questao, letra_opcao, texto)
values(16, 52, 'A', 'O próprio autor, se maior de 18 anos, os herdeiros ou sucessores do autor, o cessionário ou o empregador ou tomador de serviços, no caso de patente desenvolvida por empregado ou prestador de serviço.');
insert into opcoes (num_exame, num_questao, letra_opcao, texto)
values(16, 52, 'B', 'O próprio autor, os herdeiros ou sucessores do autor, o cessionário ou aquele a quem a lei ou o contrato de trabalho ou de prestação de serviços determinar que pertença a titularidade da patente ou do modelo de utilidade.');
insert into opcoes (num_exame, num_questao, letra_opcao, texto)
values(16, 52, 'C', 'O próprio autor, pessoa natural ou sociedade empresária, o cessionário da patente ou aquele a quem a lei ou o contrato de trabalho ou de prestação de serviços determinar que pertença a titularidade da patente ou do modelo de utilidade.');
insert into opcoes (num_exame, num_questao, letra_opcao, texto)
values(16, 52, 'D', 'O próprio autor, os herdeiros ou sucessores (cinco) anos da data do óbito, o cessionário ou o empregador ou tomador de serviços, no caso de patente desenvolvida por empregado ou prestador de serviço.');
insert into questoes (num_exame, num_questao, enunciado, opcao_correta)
values(16, 53, 'Daniel possui uma pequena mercearia e costuma aceitar cheques de seus clientes, como forma de pagamento. Ocorre que, no último mês, três dos cheques apresentados no prazo foram devolvidos por insuficiência de fundos. Daniel não obteve êxito na cobrança amigável, não lhe restando, portanto, outra alternativa senão recorrer ao Com base nessa situação hipotética, assinale a afirmativa correta.', 'A');
insert into opcoes (num_exame, num_questao, letra_opcao, texto)
values(16, 53, 'A', 'Daniel pode cumular várias execuções, sendo o mesmo devedor, ainda que fundadas em títulos diferentes e diversa a forma do processo, desde que o juízo seja competente para todas.');
insert into opcoes (num_exame, num_questao, letra_opcao, texto)
values(16, 53, 'B', 'É vedado ao juiz examinar de ofício os requisitos que autorizam a cumulação de execuções.');
insert into opcoes (num_exame, num_questao, letra_opcao, texto)
values(16, 53, 'C', 'Daniel pode cumular várias execuções, fundadas em títulos diferentes, ainda que diversos os devedores, desde que para todas elas seja competente o juízo e do processo.');
insert into opcoes (num_exame, num_questao, letra_opcao, texto)
values(16, 53, 'D', 'Daniel pode cumular várias execuções, sendo o mesmo devedor, ainda que fundadas em títulos diversos, desde que seja competente o juízo e haja identidade na forma do processo. 16 AME DE ORDEM UNIFICADO – TIPO 01 – BRANCA do autor até 5 Poder Judiciário. idêntica a forma');
insert into questoes (num_exame, num_questao, enunciado, opcao_correta)
values(16, 54, 'O processo eletrônico disciplinado pela Lei nº 11.419/2006 vem sendo implementado em larga escala no território nacional, com o propósito de conferir maior celeridade e proporcionar economia processual. normatizando internamente algumas questões peculiares no que tange a essa sistemática virtual da prestação jurisdicional, conforme vão surgindo controvérsias procedimentais. Entretanto, alguns pontos são claros e precisos no texto legal. A esse respeito, é correto afirmar que', 'A');
insert into opcoes (num_exame, num_questao, letra_opcao, texto)
values(16, 54, 'A', 'os atos processuais por meio realizados no dia e na hora de seu envio ao sistema do Poder Judiciário, motivo pelo qual, para atender o prazo processual, as petições eletrônicas serão consideradas tempestivas se enviadas nos dias úteis, até as 20 (vinte) horas, nos termos estabelecidos no Código de Processo Civil.');
insert into opcoes (num_exame, num_questao, letra_opcao, texto)
values(16, 54, 'B', 'os documentos produzidos eletronicamente, atendidas as formalidades impostas por lei, serão considerados originais para todos os efeitos legais, e qualquer arguição de falsidade do documento origina obrigatoriamente processada na forma de processo físico, sem suspensão do processo eletrônico.');
insert into opcoes (num_exame, num_questao, letra_opcao, texto)
values(16, 54, 'C', 'os autos de processos eletrônicos somente poderão ser remetidos a outro juízo se houver sistema compatível, sendo expressamente vedada a conversão do eletrônico em material impresso em papel e a nova autuação, salvo se de natureza criminal ou trabalhista.');
insert into opcoes (num_exame, num_questao, letra_opcao, texto)
values(16, 54, 'D', 'os atos judiciais publicados eletronicamente substituem qualquer outro meio de publicação oficial para efeito legal, salvo os casos em que, po ser realizadas a intimação ou a vista pessoal, ou em casos excepcionais e urgentes que justifiquem a realização do ato processual por outro meio determinado pelo juiz, considerando-se como data da publicação eletrônica o primeiro dia útil seguinte ao da sua disponibilização, dando-se início ao prazo processual no primeiro dia útil seguinte à data da publicação.');
insert into questoes (num_exame, num_questao, enunciado, opcao_correta)
values(16, 55, 'Rodolfo ingressou com ação rescisória de sentença prolatada em ação de cobrança, fundada na obtenção, após a sentença, de documento novo capaz de lhe assegurar pronunciamento favorável. Entretanto, o pedido foi julgado Tribunal de Justiça, por acórdão não unânime. A maioria dos julgadores entendeu que a parte sabia da existência do documento apresentado como novo e não conseguiu demonstrar o motivo de sua não utilização na ação original. Assinale a opção que contém o(s) recurso(s) o referido provimento jurisdicional.', 'A');
insert into opcoes (num_exame, num_questao, letra_opcao, texto)
values(16, 55, 'A', 'Embargos infringentes.');
insert into opcoes (num_exame, num_questao, letra_opcao, texto)
values(16, 55, 'B', 'Recursos especial e extraordinário.');
insert into opcoes (num_exame, num_questao, letra_opcao, texto)
values(16, 55, 'C', 'Recurso ordinário constitucional.');
insert into opcoes (num_exame, num_questao, letra_opcao, texto)
values(16, 55, 'D', 'O provimento judicial em questão é irrecorrível. Os Tribunais vêm eletrônico são considerados l deve ser sistema r imposição legal, tenham que improcedente pelo cabível(is) contra XVI EX');
insert into questoes (num_exame, num_questao, enunciado, opcao_correta)
values(16, 56, 'A repressão à má-fé processual é disciplinada em diversas fontes normativas que orientam a aplicação do direito. A multa por litigância de má-fé pode ser aplicada ao autor, réu e interveniente e mesmo ao causídico, o que deve ser apurado em ação própria, baseada no Estatuto da OAB. Partindo do tema em questão, analise as situações do cotidiano forense apresentadas a seguir e assinale a única em que restou caracterizada a ocorrência de má', 'A');
insert into opcoes (num_exame, num_questao, letra_opcao, texto)
values(16, 56, 'A', 'A propositura de várias ações idênticas quanto às partes, à causa de pedir e ao pedido, distribuídas a juízos distintos, com nomen iuris diversos, objetivando concessão de medida liminar e revisão de cláusulas de um mesmo contrato, configura má-fé processu temerária.');
insert into opcoes (num_exame, num_questao, letra_opcao, texto)
values(16, 56, 'B', 'A propositura de ação cautelar de exibição de documentos e, sucessivamente, a propositura de ação de revisão de contrato, gerando a perda do objeto da primeira por motivo superveniente, caracteriza conduta despida de probidade e merece a aplicação da multa por litigância de má-fé.');
insert into opcoes (num_exame, num_questao, letra_opcao, texto)
values(16, 56, 'C', 'O protocolo intempestivo de petição intercorrente e de recurso geram, indubitavelmente, a presunção de má do signatário, ao buscar postergar o feito e gerar tumulto processual, cabendo a aplicação de mu hipóteses.');
insert into opcoes (num_exame, num_questao, letra_opcao, texto)
values(16, 56, 'D', 'Na impugnação ao cumprimento de sentença, quando o fundamento do pedido disser respeito a excesso na execução, a lei estabelece ser imprescindível que o impugnante aponte o valor que entende correto, sob pena de rejeição da medida impugnativa e a presunção de litigância de má-fé pela postergação do feito.');
insert into questoes (num_exame, num_questao, enunciado, opcao_correta)
values(16, 57, 'Márcio faleceu, deixando bens imóveis e móveis a inventariar, assim como filho capaz e Antonieta, viúva, então casada regime de comunhão parcial de bens. Além dos bens, Márcio deixou dívidas tributárias e débito vencido e exigível em favor de Carlos. Analisando os aspectos processuais do inventário, assinale a afirmativa correta.', 'A');
insert into opcoes (num_exame, num_questao, letra_opcao, texto)
values(16, 57, 'A', 'Carlos possui legitimidade para requerer a habilitação de seu crédito junto ao juízo do inventário a qualquer tempo no processo de inventário.');
insert into opcoes (num_exame, num_questao, letra_opcao, texto)
values(16, 57, 'B', 'É dado a Carlos requerer o recebimento de seu crédito por meio da adjudicação dos bens já reservados, mediante concordância dos herdeiros.');
insert into opcoes (num_exame, num_questao, letra_opcao, texto)
values(16, 57, 'C', 'O Ministério Público e a Fazenda Pública não possuem legitimidade concorrente para requerer a abertura do inventário judicial por ocasião do falecimento de Márcio.');
insert into opcoes (num_exame, num_questao, letra_opcao, texto)
values(16, 57, 'D', 'O credor de Antonieta não goza de legitimidade concorrente para requerer a abertura do inventário judicial. 17 AME DE ORDEM UNIFICADO – TIPO 01 – BRANCA -fé processual. al de conduta -fé lta em tais pelo');
insert into questoes (num_exame, num_questao, enunciado, opcao_correta)
values(16, 58, 'Ludmila é proprietária de imóvel residencial locado a Renato por mais de três anos, não chegando a um acordo para fixação do valor do aluguel no momento do seu reajuste impasse quanto ao valor, Renato ajuizou ação revisional de aluguel sem pedido de fixação de aluguel provisório, atendendo a todos os requisitos da petição inicial, bem como colacionando documentação consistente em vários laudos de corretores de imóveis atestando qual seria o novo valor de mercado pretendido para o aluguel mensal. C respondeu apresentando contestação, colacionando vários laudos de corretores de imóveis atestando que o valor de mercado seria duas vezes superior ao indicado por Renato em sua petição inicial. Acerca da ação revisional de aluguel, assinale correta.', 'A');
insert into opcoes (num_exame, num_questao, letra_opcao, texto)
values(16, 58, 'A', 'Diante do impasse contratual, tanto Ludmila quanto Renato têm legitimidade para ajuizamento da ação revisional de aluguel.');
insert into opcoes (num_exame, num_questao, letra_opcao, texto)
values(16, 58, 'B', 'O valor fixado pela sentença proferida na ação revisional ajuizada por Renato não produzirá retroativos à cit');
insert into opcoes (num_exame, num_questao, letra_opcao, texto)
values(16, 58, 'C', 'Na ação revisional de aluguel ajuizada por Renato, é dado ao magistrado liminarmente fixar alugueres provisórios de ofício, quando fornecidos pelas partes elementos suficientes.');
insert into opcoes (num_exame, num_questao, letra_opcao, texto)
values(16, 58, 'D', 'No caso narrado, a fixação de alugueres provisórios pelo magistrado não pode ser objeto de pedido de revisão por Ludmila, em nenhuma hipótese, antes da audiência de conciliação.');
insert into questoes (num_exame, num_questao, enunciado, opcao_correta)
values(16, 59, 'Maria Joaquina, empregada doméstica de uma residência, profundamente apaixonada pelo vizinho Fernando, sem que este soubesse, escuta sua conversa com uma terceira pessoa acordando o furto da casa em que ela trabalha durante os dias de semana à tarde. Para facilitar o sucesso da operação de amado, ela deixa a porta aberta ao sair do trabalho. Durante a empreitada criminosa, sem saber que a porta da frente se encontrava destrancada, Fernando e seu comparsa arrombam a porta dos fundos, ingressam na residên diversos objetos. Diante desse quadro fático, assinale a opção que apresenta a correta responsabilidade penal de Maria Joaquina.', 'A');
insert into opcoes (num_exame, num_questao, letra_opcao, texto)
values(16, 59, 'A', 'Deverá responder pelo mesmo crime de Fernando, na qualidade de partícipe, eis que contribuiu de alguma forma para o sucesso da empreitada criminosa ao não denunciar o plano.');
insert into opcoes (num_exame, num_questao, letra_opcao, texto)
values(16, 59, 'B', 'Deverá responder pelo crime de furto qualificado pelo concurso de agentes, afastada a qualificadora do rompimento de obstáculo, por esta não se encontrar na linha de seu conhecimento.');
insert into opcoes (num_exame, num_questao, letra_opcao, texto)
values(16, 59, 'C', 'Não deverá responder por qualquer infração penal, sendo a sua participação irrelevante para o sucesso da empreitada criminosa.');
insert into opcoes (num_exame, num_questao, letra_opcao, texto)
values(16, 59, 'D', 'Deverá responder pelo crime de omissão de socorro.. Diante do itada, Ludmila a afirmativa ação. seu cia e subtraem XVI EX');
insert into questoes (num_exame, num_questao, enunciado, opcao_correta)
values(16, 60, 'Patrício e Luiz estavam em um bar, quando o primeiro, mediante ameaça de arma de fogo, obriga o último a beber dois copos de tequila. Luiz ficou inteiramente embriagado. A dupla, então, deixou o local, sendo que Patrício conduzia Luiz, que caminhava com muitas dificuldades. Ao encontrarem Juliana, que caminhava sozinha pela calçada, Patrício e Luiz, se utilizando da arma que era portada pelo primeiro, constrangeram-na a com eles praticar sexo oral, sendo flagrados por populares que passavam ocasionalmente pelo local, ocorrendo a prisão em flagrante. Denunciados pelo crime de estupro, no curso da instrução, mediante perícia, restou constatado que Patrício era possuidor de doença mental grave e que, quando da prática do fato, era inteiramente incapaz de entender o caráter ilícito do seu comportamento, situação, aliás, que perma momento do julgamento. Também ficou demonstrado que, no momento do crime, Luiz estava completamente embriagado. O Ministério Público requereu a condenação dos acusados. Não havendo dúvida com relação ao injusto, tecnicamente, a defesa técnica dos acusados deverá requerer, nas alegações finais,', 'A');
insert into opcoes (num_exame, num_questao, letra_opcao, texto)
values(16, 60, 'A', 'a absolvição dos acusados por força da inimputabilidade, aplicando, porém, medida de segurança para ambos.');
insert into opcoes (num_exame, num_questao, letra_opcao, texto)
values(16, 60, 'B', 'a absolvição de Luiz por ausência de culpabilidade em razão da embriaguez culposa e a absolvição Patrício, com aplicação, para este, de medida de segurança.');
insert into opcoes (num_exame, num_questao, letra_opcao, texto)
values(16, 60, 'C', 'a absolvição de Luiz por ausência de culpabilidade em razão da embriaguez completa decorrente de força maior e a absolvição imprópria de Patrício, com aplicação, para este, de medida de segurança.');
insert into opcoes (num_exame, num_questao, letra_opcao, texto)
values(16, 60, 'D', 'a absolvição imprópria de Patrício, com a aplicação de medida de segurança, e a condenação de Luiz na pena mínima, porque a embriaguez nunca exclui a culpabilidade.');
insert into questoes (num_exame, num_questao, enunciado, opcao_correta)
values(16, 61, 'Felipe, menor de 21 anos de idade e reincidente, no dia 10 de abril de 2009, foi preso em flagrante pela prática do crime de roubo. Foi solto no curso da instrução e acabou condenado em 08 de julho de 2010, nos termos do pedido inicial, ficando a pena acomodada em 04 anos de reclusão em regime fechado e multa de 10 dias, certo que houve a compensação da agravante da reincidência com a atenuante da menoridade. A decisão transitou em julgado para ambas as partes em 20 de julho de 2010. Foi expedido mandado de prisão e Felipe nunca veio a ser preso. Considerando a questão fática, assinale a afirmativa correta.', 'A');
insert into opcoes (num_exame, num_questao, letra_opcao, texto)
values(16, 61, 'A', 'A extinção da punibilidade pela prescrição da pretensão executória ocorrerá em 20 de julho de 2016.');
insert into opcoes (num_exame, num_questao, letra_opcao, texto)
values(16, 61, 'B', 'A extinção da punibilidade pela prescrição da pretensão executória ocorreu em 20 de julho de 2014.');
insert into opcoes (num_exame, num_questao, letra_opcao, texto)
values(16, 61, 'C', 'A extinção da punibilidade pela prescrição da pretensão executória ocorrerá em 20 de julho de 2022.');
insert into opcoes (num_exame, num_questao, letra_opcao, texto)
values(16, 61, 'D', 'A extinção da punibilidade pela prescrição da pretensão executória ocorrerá em 20 de novembro de 2015. 18 AME DE ORDEM UNIFICADO – TIPO 01 – BRANCA nece até o imprópria de');
insert into questoes (num_exame, num_questao, enunciado, opcao_correta)
values(16, 62, 'Carlos e seu filho de dez anos caminhavam por uma rua com pouco movimento e bastante escura, já de madrugada, quando são surpreendidos com a vinda de um cão direção deles. Quando o animal iniciou o ataque contra a criança, Carlos, que estava arm assim se encontrar, efetuou um disparo na direção do cão, que não foi atingido, ricocheteando a bala em uma pedra e acabando por atingir o dono do animal, Leandro, que chegava correndo em sua busca, pois notou que ele fugira clandestinamente da casa. A vítima atingida veio a falecer, ficando constatado que Carlos não teria outro modo de agir para evitar o ataque do cão contra o seu filho, não sendo sua conduta tachada de descuidada. Diante desse quadro, assinale a opção que apr situação jurídica de Carlos.', 'A');
insert into opcoes (num_exame, num_questao, letra_opcao, texto)
values(16, 62, 'A', 'Carlos atuou em legítima defesa de seu filho, devendo responder, porém, pela morte de Leandro.');
insert into opcoes (num_exame, num_questao, letra_opcao, texto)
values(16, 62, 'B', 'Carlos atuou em estado de necessidade defensivo, devendo responder, porém, pela morte de Leandro.');
insert into opcoes (num_exame, num_questao, letra_opcao, texto)
values(16, 62, 'C', 'Carlos atuou em estado responder pela morte de Leandro.');
insert into opcoes (num_exame, num_questao, letra_opcao, texto)
values(16, 62, 'D', 'Carlos atuou em estado de necessidade putativo, razão pela qual não deve responder pela morte de Leandro.');
insert into questoes (num_exame, num_questao, enunciado, opcao_correta)
values(16, 63, 'Moura, maior de 70 anos, primário e de bons antecedentes, mediante grave ameaça, subtraiu o relógio da vítima Lúcia, avaliado em R$ 550,00 (quinhentos e cinquenta reais). Cerca de 45 minutos após a subtração, Moura foi procurado e localizado pelos policiais que foram avisados do ocorrido, sendo a coisa subtraída recuperada, não sofr qualquer prejuízo patrimonial. O fato foi confessado e Moura foi condenado pela prática do crime de roubo simples, ficando a pena acomodada em 04 anos de reclusão em regime aberto e multa de 10 dias. Procurado pela família do acusado, você, poderá apelar, buscando', 'A');
insert into opcoes (num_exame, num_questao, letra_opcao, texto)
values(16, 63, 'A', 'o reconhecimento da forma tentada do roubo.');
insert into opcoes (num_exame, num_questao, letra_opcao, texto)
values(16, 63, 'B', 'a aplicação do sursis da pena.');
insert into opcoes (num_exame, num_questao, letra_opcao, texto)
values(16, 63, 'C', 'o reconhecimento da atipicidade comportamental por força da insignificância.');
insert into opcoes (num_exame, num_questao, letra_opcao, texto)
values(16, 63, 'D', 'a redução da pena abaixo do mínimo legal, em razão das atenuantes da confissão espontânea e da senilidade. pitbull na ado e tinha autorização para esenta a de necessidade e não deve endo a vítima como advogado XVI EX');
insert into questoes (num_exame, num_questao, enunciado, opcao_correta)
values(16, 64, 'Paloma, sob o efeito do estado puerperal, logo após o parto, durante a madrugada, vai até o berçário onde acredita encontrar-se seu filho recém-nascido e o sufoca até a morte, retornando ao local de origem sem ser notada. No dia seguinte, foi descoberta a morte da criança e, pelo circuito interno do hospital, é verificado que Paloma foi a autora do crime. Todavia, constatou-se que a criança morta não era o seu filho, que se encontrava no berçário ao lado, tendo ela se equivocado quanto à vítima desejada. Diante desse quadro, Paloma deverá responder pelo crime de', 'A');
insert into opcoes (num_exame, num_questao, letra_opcao, texto)
values(16, 64, 'A', 'homicídio culposo.');
insert into opcoes (num_exame, num_questao, letra_opcao, texto)
values(16, 64, 'B', 'homicídio doloso simples.');
insert into opcoes (num_exame, num_questao, letra_opcao, texto)
values(16, 64, 'C', 'infanticídio.');
insert into opcoes (num_exame, num_questao, letra_opcao, texto)
values(16, 64, 'D', 'homicídio doloso qualificado.');
insert into questoes (num_exame, num_questao, enunciado, opcao_correta)
values(16, 65, 'O inquérito policial pode ser definido como um procedimento investigatório prévio, cuja principal finalidade é a obtenção de indícios para que o titular da ação penal possa propô o suposto autor da infração penal. Sobre o tema, assinale a afirmativa correta.', 'A');
insert into opcoes (num_exame, num_questao, letra_opcao, texto)
values(16, 65, 'A', 'A exigência de indícios de autoria e materialidade para oferecimento de denúncia torna o inquérito policial um procedimento indispensável.');
insert into opcoes (num_exame, num_questao, letra_opcao, texto)
values(16, 65, 'B', 'O despacho que indeferir o requerimento de abertura de inquérito policial é irrecorrível.');
insert into opcoes (num_exame, num_questao, letra_opcao, texto)
values(16, 65, 'C', 'O inquérito policial é inquisitivo, logo o defensor não poderá ter acesso aos elementos informativos que nele constem, ainda que já documentados.');
insert into opcoes (num_exame, num_questao, letra_opcao, texto)
values(16, 65, 'D', 'A autoridade policial, ainda que convencida da inexistência do crime, não poderá mandar arquivar os autos do inquérito já instaurado.');
insert into questoes (num_exame, num_questao, enunciado, opcao_correta)
values(16, 66, 'Melinda Cunha foi denunciada pela prática bigamia. Ocorre que existe ação em curso no juízo cível onde se discute a validade do primeiro casamento celebrado pela denunciada. Entendendo o magistrado penal que a existência da infração penal depende da solução da controvérsia no juízo cível e que esta é séria e fundada, estaremos diante de', 'A');
insert into opcoes (num_exame, num_questao, letra_opcao, texto)
values(16, 66, 'A', 'prejudicial obrigatória, o que levará à suspensão do processo criminal e do prazo prescricional.');
insert into opcoes (num_exame, num_questao, letra_opcao, texto)
values(16, 66, 'B', 'prejudicial facultativa, podendo o magistrado suspender o processo por, no máximo, 06 meses.');
insert into opcoes (num_exame, num_questao, letra_opcao, texto)
values(16, 66, 'C', 'prejudicial obrigatória, o que levará à suspensão do processo criminal, mas não do curso do prazo prescricional.');
insert into opcoes (num_exame, num_questao, letra_opcao, texto)
values(16, 66, 'D', 'prejudicial facultativa, podendo o magistrado suspender o processo por, no máximo, 01 ano. 19 AME DE ORDEM UNIFICADO – TIPO 01 – BRANCA -la contra do crime de');
insert into questoes (num_exame, num_questao, enunciado, opcao_correta)
values(16, 67, 'Juan da Silva foi autor de uma contravenção penal, em detrimento dos interesses da Caixa Econômica Federal, empresa pública. Praticou, ainda, outra contravenção em conexão, dessa vez em detrimento dos bens do Banco do Brasil, sociedade de economia mista. Dessa forma, para julgá-lo será competente', 'A');
insert into opcoes (num_exame, num_questao, letra_opcao, texto)
values(16, 67, 'A', 'a Justiça Estadual, pelas duas infrações.');
insert into opcoes (num_exame, num_questao, letra_opcao, texto)
values(16, 67, 'B', 'a Justiça Federal, no caso da contravenção praticada em detrimento da Caixa Econômica Federal, e Justiça Estadual, no caso da infração em detrimento do Banco do Brasil.');
insert into opcoes (num_exame, num_questao, letra_opcao, texto)
values(16, 67, 'C', 'a Justiça Federal, pelas duas infrações.');
insert into opcoes (num_exame, num_questao, letra_opcao, texto)
values(16, 67, 'D', 'a Justiça Federal, no caso de contravenção praticada em detrimento do Banco do Brasil, e Justiça Estadual pela infração em detrimento da Caixa Econômica Federal.');
insert into questoes (num_exame, num_questao, enunciado, opcao_correta)
values(16, 68, 'A prisão temporária pode ser definida como cautelar restritiva, decretada por tempo determinado, destinada a possibilitar as investigações de certos crimes considerados pelo legislador como graves, antes da propositura da ação penal. Sobre o tema, assinale a afirmativa correta.', 'A');
insert into opcoes (num_exame, num_questao, letra_opcao, texto)
values(16, 68, 'A', 'Assim como a prisão preventiva, pode ser decretada de ofício pelo juiz, após requerimento do Ministério Público ou representação da autoridade policial.');
insert into opcoes (num_exame, num_questao, letra_opcao, texto)
values(16, 68, 'B', 'Sendo o crime investigado hediondo, o prazo poderá ser fixado em, no máximo, 15 dias, prorrogáveis uma vez pe mesmo período.');
insert into opcoes (num_exame, num_questao, letra_opcao, texto)
values(16, 68, 'C', 'Findo o prazo da temporária sem prorrogação, o preso deve ser imediatamente solto.');
insert into opcoes (num_exame, num_questao, letra_opcao, texto)
values(16, 68, 'D', 'O preso, em razão de prisão temporária, poderá ficar detido no mesmo local em que se encontram os presos provisórios ou os condenados definitivos.');
insert into questoes (num_exame, num_questao, enunciado, opcao_correta)
values(16, 69, 'Scott procurou um advogado, pois tinha a intenção de ingressar com queixa-crime contra dois vizinhos que vinham lhe injuriando constantemente. Narrados os fatos e conferida procuração com poderes especiais, o patrono da vítima ingressou com a ação penal no Juizado Especial Criminal, órgão efetivamente competente, contudo o magistrado rejeitou a queixa apresentada. Dessa decisão do magistrado caberá', 'A');
insert into opcoes (num_exame, num_questao, letra_opcao, texto)
values(16, 69, 'A', 'recurso em sentido estrito, no prazo de 05 dias.');
insert into opcoes (num_exame, num_questao, letra_opcao, texto)
values(16, 69, 'B', 'apelação, no prazo de 05 dias.');
insert into opcoes (num_exame, num_questao, letra_opcao, texto)
values(16, 69, 'C', 'recurso em sentido estrito, no prazo de 02 dias.');
insert into opcoes (num_exame, num_questao, letra_opcao, texto)
values(16, 69, 'D', 'apelação, no prazo de 10 dias. uma medida lo XVI EX');
insert into questoes (num_exame, num_questao, enunciado, opcao_correta)
values(16, 70, 'Paulo é operador de máquinas de uma montadora de automóveis. Seu horário de trabalho é das 7:00 às 16:00, dispondo de uma hora de intervalo. O aparelho para registro do ponto eletrônico fica situado ao lado da máquina operada por Paulo e os controles são marcados no início e no fim da efetiva jornada de trabalho. Paulo diariamente chega ao trabalho às 6:15, horário em que sai da condução que o deixa na porta da empresa. Porém, tem que caminhar por cerca de trinta minutos até o local de início efetivo do trabalho. Insatisfeito, Paulo decidiu mover uma reclamação trabalhista em face de seu empregador. Considerando o caso acima, assinale a afirmativa correta.', 'A');
insert into opcoes (num_exame, num_questao, letra_opcao, texto)
values(16, 70, 'A', 'Paulo não tem direito às horas extras, pois não havia excesso de jornada.');
insert into opcoes (num_exame, num_questao, letra_opcao, texto)
values(16, 70, 'B', 'Tendo havido extrapolação de 5 (cinco) minutos no tempo de deslocamento entre o portão e o local de trabalho, Paulo faz jus a 10 (dez) minutos extras no início e no fim da jornada.');
insert into opcoes (num_exame, num_questao, letra_opcao, texto)
values(16, 70, 'C', 'Paulo tem direito às horas extras (minutos) no início e no fim da jornada, dada a distância entre o portão da empresa e o local de trabalho, que supera 10 (dez) minutos de deslocamento.');
insert into opcoes (num_exame, num_questao, letra_opcao, texto)
values(16, 70, 'D', 'Paulo tem direito às horas extras registradas em seu cartão de ponto.');
insert into questoes (num_exame, num_questao, enunciado, opcao_correta)
values(16, 71, 'Hugo, José e Luiz são colegas de trabalho na mesma empresa. Hugo trabalha diretamente com o transporte de material inflamável, de modo permanente, nas dependências da empresa. José faz a rendição de Hugo durante o intervalo para alimentação e, no restante do tempo, exerce a função de teleoperador. Luiz também exerce a função de teleoperador. Acontece que, no intervalo para a alimentação, Luiz pega carona com José no transporte de inflamáveis, cujo trajeto dura cerca de dois minutos. Diante dessa situação, assinale a afirmativa correta.', 'A');
insert into opcoes (num_exame, num_questao, letra_opcao, texto)
values(16, 71, 'A', 'Como Hugo, José e Luiz têm contato com inflamáveis, os três têm direito ao adicional de periculosidade.');
insert into opcoes (num_exame, num_questao, letra_opcao, texto)
values(16, 71, 'B', 'Apenas Hugo, que lida diretamente com os inflamáveis em toda a jornada, tem direito ao adicional de periculosidade.');
insert into opcoes (num_exame, num_questao, letra_opcao, texto)
values(16, 71, 'C', 'Hugo faz jus ao adicional de periculosidade integral; José, ao proporcional ao tempo de exposição ao inflamável; e Luiz não tem direito ao adicional, sendo certo que a empresa não exerce qualquer atividade na área de eletricidade.');
insert into opcoes (num_exame, num_questao, letra_opcao, texto)
values(16, 71, 'D', 'Hugo e José têm direito ao adicional de periculosidade. Luiz não faz jus ao direito respectivo. 20 AME DE ORDEM UNIFICADO – TIPO 01 – BRANCA');
insert into questoes (num_exame, num_questao, enunciado, opcao_correta)
values(16, 72, 'Patrícia recebeu a comunicação de sua dispensa em 05/05/2013, e na carta constava que o aviso prévio seria trabalhado. Após 15 (quinze) dias do curso do aviso prévio, Patrícia adoeceu gravemente, entrando em gozo de benefício previdenciário de auxílio-doença por 60 (sessenta) dias. Entretanto, ao que seria o prazo final do aviso prévio, Patrícia foi dispensada e a empresa consignou as verbas rescisórias, não pagando o reajuste da data curso do aviso prévio. Sobre o caso apresentado, assinale a afirmativa correta.', 'A');
insert into opcoes (num_exame, num_questao, letra_opcao, texto)
values(16, 72, 'A', 'Os efeitos da dispensa, no caso de concessão de auxílio doença no curso do aviso prévio, só se concretizam depois de expirado o benefício previdenciário. Portanto, a empresa só poderia dispensar Patrícia depois disso devendo pagar a diferença salarial decorrente do reajuste da data-base, com reflexos nas verbas rescisórias.');
insert into opcoes (num_exame, num_questao, letra_opcao, texto)
values(16, 72, 'B', 'A empresa errou apenas diferenças salariais do reajuste da data no curso do contrato de emprego, dada a projeção do aviso prévio. No mais, não há efeitos, já que o auxílio doença não tem o condão de prorrogar o contrato de trabalho já terminado.');
insert into opcoes (num_exame, num_questao, letra_opcao, texto)
values(16, 72, 'C', 'A empresa está correta, já que a manifestação de vontade da dispensa se deu antes do auxílio data-base da categoria, logo configurado ato jurídico perfeito.');
insert into opcoes (num_exame, num_questao, letra_opcao, texto)
values(16, 72, 'D', 'A dispensa fica prorrogada, mas não há alteração pecuniária, pois a comunicação da dispensa já ocorrido e a projeção do aviso prévio é mera ficção jurídica.');
insert into questoes (num_exame, num_questao, enunciado, opcao_correta)
values(16, 73, 'Determinado empregado foi contratado para criar e desenvolver programas de software para as demandas dos clientes do seu empregador. Em sua atividade normal, esse empregado inventou um programa original, muito útil e prático, para que os empresários controlassem à distância seus estoques, o que possibilitou um aumento nas vendas. Diante da situação retratada, assinale a afirmativa correta.', 'A');
insert into opcoes (num_exame, num_questao, letra_opcao, texto)
values(16, 73, 'A', 'O empregado terá direito, conforme a Lei, a uma participação sobre o lucro obtido nessas vendas.');
insert into opcoes (num_exame, num_questao, letra_opcao, texto)
values(16, 73, 'B', 'A Lei é omissa a esse respeito, de modo que, caso não haja consenso entre as partes, será necessário o ajuizamento de ação trabalhista para resolver o impasse.');
insert into opcoes (num_exame, num_questao, letra_opcao, texto)
values(16, 73, 'C', 'Todo o lucro obtido pelo invento será do empregado.');
insert into opcoes (num_exame, num_questao, letra_opcao, texto)
values(16, 73, 'D', 'O empregado terá direito apenas ao seu salário normal, exceto se o seu contrato de trabalho tiver previsão de participação no lucro do seu invento. -base da categoria, ocorrida no - , com relação a não pagar as -base, pois ocorreu - -doença e antes da havia , criando novas soluções XVI EX');
insert into questoes (num_exame, num_questao, enunciado, opcao_correta)
values(16, 74, 'João trabalha na área de vendas em uma empresa Recebe do empregador, em razão do seu cargo, moradia e pagamento da conta de luz do apartamento, além de ter veículo cedido com combustível. Tal se dá em razão da necessidade do trabalho, dado que João trabalha em local distante de grande centro, sendo responsável pela distribuição e venda dos produtos na região. Além disso, João recebe uma quota mensal de 10 pacotes de cigarro por mês, independentemente de sua remuneração, não sendo necessário prestar contas do que faz com os cigarros. A partir do caso narrado, assinale a afirmativa correta.', 'A');
insert into opcoes (num_exame, num_questao, letra_opcao, texto)
values(16, 74, 'A', 'Os valores relativos à habitação, à energia elétrica e ao veículo integram a remuneração de João, por serem salário-utilidade, mas não o cigarro, por ser nocivo à saúde.');
insert into opcoes (num_exame, num_questao, letra_opcao, texto)
values(16, 74, 'B', 'Os valores de habitação e veículo integram a remuneração de João. A energia elétrica e o combustível, não, pois já incorporados, respectivamente, na habitação e no veículo. O valor do cigarro não é integrado, face à nocividade à saúde.');
insert into opcoes (num_exame, num_questao, letra_opcao, texto)
values(16, 74, 'C', 'Nenhum dos valores da utilidade integram a remuneração de João.');
insert into opcoes (num_exame, num_questao, letra_opcao, texto)
values(16, 74, 'D', 'Tratando-se de salário in natura, todos os valores integram a remuneração de João, pois são dados com a ideia de contraprestação aos serviços.');
insert into questoes (num_exame, num_questao, enunciado, opcao_correta)
values(16, 75, 'As sociedades empresárias ALFA e BETA, que atuam no ramo hoteleiro, foram fiscalizadas pela autoridade competente e multadas porque concediam intervalo de 30 minutos para refeição aos empregados que tinham carga horária de trabalho superior a 6 horas diárias. Ambas recorreram administrativamente da multa aplicada, sendo que a sociedade empresária ALFA alegou e comprovou que a redução da pausa alimentar havia sido acertada em acordo individual feito diretamente com todos os empregados, e a sociedade empresária BETA alegou e comprovou que a redução havia sido autorizada pela Superintendência Re do Trabalho. De acordo com a Constituição, a CLT e o entendimento sumulado pelo TST, assinale a afirmativa correta.', 'A');
insert into opcoes (num_exame, num_questao, letra_opcao, texto)
values(16, 75, 'A', 'As duas sociedades empresárias estão erradas, pois o intervalo mínimo a ser respeitado seria de uma hora para refeição e descanso.');
insert into opcoes (num_exame, num_questao, letra_opcao, texto)
values(16, 75, 'B', 'A sociedade empresária BETA não deveria ser multada, pois a autoridade administrativa autorizou no seu caso a redução do intervalo.');
insert into opcoes (num_exame, num_questao, letra_opcao, texto)
values(16, 75, 'C', 'As duas sociedades empresárias estão corretas, pois a diminuição da pausa alimentar tem justificativa jurídica e deve ser respeitada.');
insert into opcoes (num_exame, num_questao, letra_opcao, texto)
values(16, 75, 'D', 'A sociedade empresária ALFA não deveria ser multada, pois a Constituição Federal reconhece os acordos individuais em razão da autonomia privada. 21 AME DE ORDEM UNIFICADO – TIPO 01 – BRANCA de cigarros. gional');
insert into questoes (num_exame, num_questao, enunciado, opcao_correta)
values(16, 76, 'Antônio é assistente administrativo na sociedade empresária Setler Conservação Ltda., que presta serviços terceirizados à União. Ele está com o seu contrato em vigor, mas não recebeu o ticket refeição dos últimos doze meses, o que alcança o valor de R$ 2.400,00 (R$ 200,00 em cada mês). Em razão dessa irregularidade, estimulada pela ausência de fiscalização por parte da União, Antônio pretende cobrar o reclamação trabalhista contra a empregadora e o tomador dos serviços, objetivando garantir deste a responsabilidade subsidiária, na forma da Súmula 331 do TST. Diante da hipótese, assinale a afirmativa correta.', 'A');
insert into opcoes (num_exame, num_questao, letra_opcao, texto)
values(16, 76, 'A', 'A ação deverá seguir o procedimento ordinário, vez que há litisconsórcio passivo, sendo, em razão disso, obrigatório o rito comum.');
insert into opcoes (num_exame, num_questao, letra_opcao, texto)
values(16, 76, 'B', 'A ação deverá seguir o procedimento sumaríssimo, uma vez que o valor do pedido é inferior a 40 salários mínimos.');
insert into opcoes (num_exame, num_questao, letra_opcao, texto)
values(16, 76, 'C', 'A ação tramitará pelo rito ordinário porque um dos réus é ente público.');
insert into opcoes (num_exame, num_questao, letra_opcao, texto)
values(16, 76, 'D', 'O autor poderá optar pelo procedimento que lhe seja mais vantajoso.');
insert into questoes (num_exame, num_questao, enunciado, opcao_correta)
values(16, 77, 'Julgado dissídio coletivo entre uma categoria profissional e a patronal, em que foram concedidas algumas vantagens econômicas à categoria dos empregados, estas não foram cumpridas de imediato pela empresa Alfa Ltda.. Diante disso, o sindicato profissional decidiu ajuizar ação de cumprimento em face da empresa. Sobre o caso apresentado, assinale a afirmativa correta.', 'A');
insert into opcoes (num_exame, num_questao, letra_opcao, texto)
values(16, 77, 'A', 'Deverá aguardar o trânsito em julgado da decisão, para ajuizar a referida ação.');
insert into opcoes (num_exame, num_questao, letra_opcao, texto)
values(16, 77, 'B', 'Poderá ajuizar a ação, pois o trânsito em julgado da sentença normativa é dispensável.');
insert into opcoes (num_exame, num_questao, letra_opcao, texto)
values(16, 77, 'C', 'Não juntada a certidão de trânsito em julgado da sentença normativa, o feito será extinto sem resolução de mérito.');
insert into opcoes (num_exame, num_questao, letra_opcao, texto)
values(16, 77, 'D', 'Incabível a ação de cumprimento, no caso.');
insert into questoes (num_exame, num_questao, enunciado, opcao_correta)
values(16, 78, 'O Desembargador Relator de um recurso ordinário, ao verificar que a matéria posta em debate já era sumulada pelo TRT do qual é integrante, resolveu julgar, monocraticamente, o recurso. Diante do caso e da jurisprudência consolidada do TST, assinale a afirmativa correta.', 'A');
insert into opcoes (num_exame, num_questao, letra_opcao, texto)
values(16, 78, 'A', 'A atitude está equivocada, pois, na Justiça do Trabalho, não cabe julgamento monocrático pelo TRT.');
insert into opcoes (num_exame, num_questao, letra_opcao, texto)
values(16, 78, 'B', 'O julgamento monocrático está correto e dessa decisão não caberá recurso, com o objetivo de abreviar o trânsito em julgado.');
insert into opcoes (num_exame, num_questao, letra_opcao, texto)
values(16, 78, 'C', 'É possível o uso subsidiário do Art. 557 do CPC, de modo que a decisão monocrática é válida na hipótese, e caberá recurso contra a decisão.');
insert into opcoes (num_exame, num_questao, letra_opcao, texto)
values(16, 78, 'D', 'A única possibilidade de julgamento monocrático válido é aquele feito pelo TST. ticket por meio de XVI EX');
insert into questoes (num_exame, num_questao, enunciado, opcao_correta)
values(16, 79, 'Jairo requereu adicional de periculosidade em ação trabalhista movida em face de seu empregador. A gratuidade de justiça foi deferida e o perito realizou o laudo para receber ao final da demanda, tudo nos termos e nas limitações de valores fixados pelo Conselho Superior da Justiça do Trabalho. Contudo, não foi constatada atividade em situação que ensejasse o pagamento do adicional pretendido. Diante disso, assinale a afirmativa correta.', 'A');
insert into opcoes (num_exame, num_questao, letra_opcao, texto)
values(16, 79, 'A', 'A União fica responsável pelo pagamento dos honorários periciais.');
insert into opcoes (num_exame, num_questao, letra_opcao, texto)
values(16, 79, 'B', 'Como Jairo é beneficiário da gratuidade de justiça, está isento do pagamento de custas; logo, não poderá custear os honorários do perito, que ficam dispensados.');
insert into opcoes (num_exame, num_questao, letra_opcao, texto)
values(16, 79, 'C', 'A parte ré fica responsável pelo custeio da perícia, face à inversão do ônus da prova pela hip empregado.');
insert into opcoes (num_exame, num_questao, letra_opcao, texto)
values(16, 79, 'D', 'Jairo deverá custear os honorários parceladamente ou compensá-los com o que vier a receber no restante da demanda.');
insert into questoes (num_exame, num_questao, enunciado, opcao_correta)
values(16, 80, 'No momento em que a sociedade empresária estava fazendo o recolhimento do preparo relativo ao recurso de revista que iria interpor em face de um acórdão, houve um lapso do departamento financeiro e o depósito recursal foi feito com uma diferença a menor, de R$ 5,00, o que somente foi verificado após o término do prazo. Diante da situação retratada e de acordo com o entendimento consolidado do TST, assinale a afirmativa correta.', 'A');
insert into opcoes (num_exame, num_questao, letra_opcao, texto)
values(16, 80, 'A', 'A diferença é ínfima e deve ser desprezada, não prejudicando a apreciação imediata do recurso.');
insert into opcoes (num_exame, num_questao, letra_opcao, texto)
values(16, 80, 'B', 'Apesar de pequena, a diferença existe, cabendo, então, ao Ministro Relator, no TST, intimar a parte complementação do preparo, sob pena de deserção.');
insert into opcoes (num_exame, num_questao, letra_opcao, texto)
values(16, 80, 'C', 'O recurso não será conhecido por deserto, mesmo que a diferença seja de pequeno valor.');
insert into opcoes (num_exame, num_questao, letra_opcao, texto)
values(16, 80, 'D', 'Não havendo nenhuma disciplina a respeito, caberá a cada magistrado, valendo-se do seu poder diretivo do processo, determinar o que deve ser feito. 22 AME DE ORDEM UNIFICADO – TIPO 01 – BRANCA ossuficiência do à XVI EX QUESTIONÁRIO DE PERCEPÇÃO SOBRE A PROVA Este questionário é de preenchimento facultativo pelo examinando. Como se trata de mera pesquisa, não influi no resultado final do exame. As questões têm como objetivo avaliar a qualidade e a adequação da prova que você acabou de realizar. Assinale suas respostas nos espaços próprios (canto inferior direito) da sua folha de respostas. A OAB e a FGV agradecem sua colaboração. 1 Na sua avaliação, o grau de dificuldade desta prova, quanto ao conteúdo programático abordado, foi (');
commit;
insert into exames (num_exame, url_exame, url_gabarito, data)
values(17, 'https://dpmzos25m8ivg.cloudfront.net/616/19072015182947_CADERNO_TIPO_1_XVII_EXAME.pdf', 'https://dpmzos25m8ivg.cloudfront.net/616/21082015081947_GABARITOS_DEFINITIVOS_XVII_EXAME_DE_ORDEM.pdf', 'Sun Jul 19 00:00:00 BRT 2015');
insert into questoes (num_exame, num_questao, enunciado, opcao_correta)
values(17, 1, 'Leôncio é estagiário de escritório especializado na área cível e testemunha o descumprimento de norma legal por funcionário público, imediatamente comunicando a situação ao seu advogado supervisor. Ambos dirigem-se ao órgão diretor administrativo competente e reclamam pelo descumprimento de lei, o que foi reduzido a termo. A referida reclamação veio a ser sumariamente arquivada por não ter sido feita na forma escrita. Nos termos do Estatuto da Advocacia, reclamações por descumprimento de lei', 'A');
insert into opcoes (num_exame, num_questao, letra_opcao, texto)
values(17, 1, 'A', 'devem ser necessariamente escritas.');
insert into opcoes (num_exame, num_questao, letra_opcao, texto)
values(17, 1, 'B', 'devem ser formuladas pela OAB, exclusivamente.');
insert into opcoes (num_exame, num_questao, letra_opcao, texto)
values(17, 1, 'C', 'podem ser verbais.');
insert into opcoes (num_exame, num_questao, letra_opcao, texto)
values(17, 1, 'D', 'são de atribuição privativa de Conselheiro da OAB.');
insert into questoes (num_exame, num_questao, enunciado, opcao_correta)
values(17, 2, 'Os atos e contratos constitutivos de pessoas jurídicas, para sua admissão em registro, em não se tratando de empresas de pequeno porte e de microempresas, consoante o Estatuto da Advocacia, devem', 'A');
insert into opcoes (num_exame, num_questao, letra_opcao, texto)
values(17, 2, 'A', 'apresentar os dados do contador responsável.');
insert into opcoes (num_exame, num_questao, letra_opcao, texto)
values(17, 2, 'B', 'permitir a participação de outros profissionais liberais.');
insert into opcoes (num_exame, num_questao, letra_opcao, texto)
values(17, 2, 'C', 'conter o visto do advogado.');
insert into opcoes (num_exame, num_questao, letra_opcao, texto)
values(17, 2, 'D', 'indicar o advogado que representará a sociedade.');
insert into questoes (num_exame, num_questao, enunciado, opcao_correta)
values(17, 3, 'Patrícia foi aprovada em concurso público e tomou posse como Procuradora do Município em que reside. Como não pretendia mais exercer a advocacia privada, mas apenas atuar como Procuradora do Município, pediu o cancelamento de sua inscrição na OAB. A partir da hipótese apresentada, assinale a afirmativa correta.', 'A');
insert into opcoes (num_exame, num_questao, letra_opcao, texto)
values(17, 3, 'A', 'Patrícia não agiu corretamente, pois os advogados públicos estão obrigados à inscrição na OAB para o exercício de suas atividades.');
insert into opcoes (num_exame, num_questao, letra_opcao, texto)
values(17, 3, 'B', 'Patrícia não agiu corretamente, pois deveria ter requerido apenas o licenciamento do exercício da advocacia e não o cancelamento de sua inscrição.');
insert into opcoes (num_exame, num_questao, letra_opcao, texto)
values(17, 3, 'C', 'Patrícia poderia ter pedido o licenciamento do exercício da advocacia, mas nada a impede de pedir o cancelamento de sua inscrição, caso não deseje mais exercer a advocacia privada.');
insert into opcoes (num_exame, num_questao, letra_opcao, texto)
values(17, 3, 'D', 'Patrícia agiu corretamente, pois, uma vez que os advogados públicos não podem exercer a advocacia privada, estão obrigados a requerer o cancelamento de suas inscrições.');
insert into questoes (num_exame, num_questao, enunciado, opcao_correta)
values(17, 4, 'A advogada Maria foi presa em flagrante por furto cometido no interior de uma loja de departamentos. Na Delegacia, teve a assistência de advogado por ela constituído. O auto de prisão foi lavrado sem a presença de representante da Ordem dos Advogados do Brasil, fato que levou o advogado de Maria a arguir sua nulidade. Sobre a hipótese, assinale a afirmativa correta.', 'A');
insert into opcoes (num_exame, num_questao, letra_opcao, texto)
values(17, 4, 'A', 'O auto de prisão em flagrante não é nulo, pois só é obrigatória a presença de representante da OAB quando a prisão decorre de motivo ligado ao exercício da advocacia.');
insert into opcoes (num_exame, num_questao, letra_opcao, texto)
values(17, 4, 'B', 'O auto de prisão em flagrante não é nulo, pois a presença de representante da OAB é facultativa em qualquer caso, podendo sempre ser suprida pela presença de advogado indicado pelo preso.');
insert into opcoes (num_exame, num_questao, letra_opcao, texto)
values(17, 4, 'C', 'O auto de prisão em flagrante é nulo, pois advogados não podem ser presos por crimes afiançáveis.');
insert into opcoes (num_exame, num_questao, letra_opcao, texto)
values(17, 4, 'D', 'O auto de prisão em flagrante é nulo, pois a presença de representante da OAB em caso de prisão em flagrante de advogado é sempre obrigatória.');
insert into questoes (num_exame, num_questao, enunciado, opcao_correta)
values(17, 5, 'O advogado Márcio, sócio de determinado escritório de advocacia, contratou novos advogados para a sociedade e substabeleceu, com reserva em favor dos novos contratados, os poderes que lhe haviam sido outorgados por diversos clientes. O mandato possuía poderes para substabelecer. Um dos clientes do escritório, quando percebeu que havia novos advogados trabalhando na causa, os quais não eram por ele conhecidos, não apenas resolveu contratar outro escritório para atuar em sua demanda como ofereceu representação disciplinar contra Márcio, afirmando que o advogado não agira com lealdade e honestidade. A esse respeito, assinale a afirmativa correta.', 'A');
insert into opcoes (num_exame, num_questao, letra_opcao, texto)
values(17, 5, 'A', 'A representação oferecida não deve ser enquadrada como infração disciplinar, pois apenas o substabelecimento do mandato sem reserva de poderes deve ser comunicado previamente ao cliente.');
insert into opcoes (num_exame, num_questao, letra_opcao, texto)
values(17, 5, 'B', 'A representação oferecida não deve ser enquadrada como infração disciplinar, pois o substabelecimento do mandato, com ou sem reserva de poderes, é ato pessoal do advogado da causa.');
insert into opcoes (num_exame, num_questao, letra_opcao, texto)
values(17, 5, 'C', 'A representação oferecida deve ser enquadrada como infração disciplinar, pois o substabelecimento do mandato, com ou sem reserva de poderes, deve ser comunicado previamente ao cliente.');
insert into opcoes (num_exame, num_questao, letra_opcao, texto)
values(17, 5, 'D', 'A representação oferecida deve ser enquadrada como infração disciplinar, pois o advogado deve avisar previamente ao cliente acerca de todas as petições que apresentará nos autos do processo, inclusive sobre as de juntada de substabelecimentos.');
insert into questoes (num_exame, num_questao, enunciado, opcao_correta)
values(17, 6, 'Deise é uma próspera advogada e passou a buscar novos desafios, sendo eleita Deputada Estadual. Por força de suas raras habilidades políticas, foi eleita integrante da Mesa Diretora da Assembleia Legislativa do Estado Z. Ao ocupar esse honroso cargo procurou conciliar sua atividade parlamentar com o exercício da advocacia, sendo seu escritório agora administrado pela filha. Nos termos do Estatuto da Advocacia, assinale a afirmativa correta.', 'A');
insert into opcoes (num_exame, num_questao, letra_opcao, texto)
values(17, 6, 'A', 'A atividade parlamentar de Deise é incompatível com o exercício da advocacia.');
insert into opcoes (num_exame, num_questao, letra_opcao, texto)
values(17, 6, 'B', 'A participação de Deise na Mesa Diretora a torna incompatível com o exercício da advocacia.');
insert into opcoes (num_exame, num_questao, letra_opcao, texto)
values(17, 6, 'C', 'A função de Deise como integrante da Mesa Diretora do Parlamento Estadual é conciliável com o exercício da advocacia.');
insert into opcoes (num_exame, num_questao, letra_opcao, texto)
values(17, 6, 'D', 'A atividade parlamentar de Deise na Mesa Diretora pode ser conciliada com o exercício da advocacia em prol dos necessitados.');
insert into questoes (num_exame, num_questao, enunciado, opcao_correta)
values(17, 7, 'O advogado F recebe do seu cliente WW determinada soma em dinheiro para aplicação em instrumentos necessários à exploração de jogo não autorizado por lei. Nos termos do Estatuto da Advocacia, a infração disciplinar', 'A');
insert into opcoes (num_exame, num_questao, letra_opcao, texto)
values(17, 7, 'A', 'decorre somente se o advogado exige o valor para aplicação ilícita.');
insert into opcoes (num_exame, num_questao, letra_opcao, texto)
values(17, 7, 'B', 'surge diante do recebimento para aplicação ilícita.');
insert into opcoes (num_exame, num_questao, letra_opcao, texto)
values(17, 7, 'C', 'inocorre, pois se trata de mero ilícito moral.');
insert into opcoes (num_exame, num_questao, letra_opcao, texto)
values(17, 7, 'D', 'é descaracterizada por ausência de previsão legal.');
insert into questoes (num_exame, num_questao, enunciado, opcao_correta)
values(17, 8, 'O advogado Nelson, após estabelecer seu escritório em local estratégico nas proximidades dos prédios que abrigam os órgãos judiciários representantes de todas as esferas da Justiça, resolve publicar anúncio em que, além dos seus títulos acadêmicos, expõe a sua vasta experiência profissional, indicando os vários cargos governamentais ocupados, inclusive o de Ministro de prestigiada área social. Nos termos do Código de Ética da Advocacia, assinale a afirmativa correta.', 'A');
insert into opcoes (num_exame, num_questao, letra_opcao, texto)
values(17, 8, 'A', 'O anúncio está adequado aos termos do Código, pois indica os títulos acadêmicos e a experiência profissional.');
insert into opcoes (num_exame, num_questao, letra_opcao, texto)
values(17, 8, 'B', 'O anúncio está adequado aos termos do Código, por não conter adjetivações ou referências elogiosas ao profissional.');
insert into opcoes (num_exame, num_questao, letra_opcao, texto)
values(17, 8, 'C', 'O anúncio colide com as normas do Código, pois a referência a títulos acadêmicos é vedada por indicar a possibilidade de captação de clientela.');
insert into opcoes (num_exame, num_questao, letra_opcao, texto)
values(17, 8, 'D', 'O anúncio colide com as normas do Código, que proíbem a referência a cargos públicos capazes de gerar captação de clientela.');
insert into questoes (num_exame, num_questao, enunciado, opcao_correta)
values(17, 9, 'Gisella é advogada recém-aprovada no Exame de Ordem e herda diversas causas de um colega de classe que resolveu trilhar outros caminhos, deixando numerosos processos para acompanhamento nos Juízos de primeiro grau. Ao acompanhar uma sessão de julgamento na Câmara Cível do Tribunal W, tem necessidade de apresentar, antes de iniciar o julgamento, alegações escritas aos integrantes do órgão julgador, que somente foram completadas no dia da sessão. Aguardando o início dos trabalhos, assim que os julgadores se apresentaram para o julgamento, a jovem advogada dirigiu-se a eles no sentido de entregar as alegações escritas, sendo admoestada quanto à sua presença no interior da sala de julgamento, na parte reservada aos magistrados. Nos termos do Estatuto da Advocacia, o ingresso dos advogados nas salas de sessões', 'A');
insert into opcoes (num_exame, num_questao, letra_opcao, texto)
values(17, 9, 'A', 'está restrito ao espaço da plateia.');
insert into opcoes (num_exame, num_questao, letra_opcao, texto)
values(17, 9, 'B', 'depende de autorização do Presidente da Câmara.');
insert into opcoes (num_exame, num_questao, letra_opcao, texto)
values(17, 9, 'C', 'é livre inclusive na parte reservada aos magistrados.');
insert into opcoes (num_exame, num_questao, letra_opcao, texto)
values(17, 9, 'D', 'depende de concordância dos julgadores.');
insert into questoes (num_exame, num_questao, enunciado, opcao_correta)
values(17, 10, 'Laura formou-se em prestigiada Faculdade de Direito, mas sua prática advocatícia foi limitada, o que a impediu de ter experiência maior no trato com os clientes. Realizou seus primeiros processos para amigos e parentes, cobrando módicas quantias referentes a honorários advocatícios. Ao receber a cliente Telma, próspera empresária, e aceitar defender os seus interesses judicialmente, fica em dúvida quanto aos termos de cobrança inicial dos honorários pactuados. Em razão disso, consulta o advogado Luciano, que lhe informa, segundo os termos do Estatuto da Advocacia, que salvo estipulação em contrário,', 'A');
insert into opcoes (num_exame, num_questao, letra_opcao, texto)
values(17, 10, 'A', 'metade dos honorários é devida no início do serviço.');
insert into opcoes (num_exame, num_questao, letra_opcao, texto)
values(17, 10, 'B', 'um quinto dos honorários é devido ao início do processo judicial.');
insert into opcoes (num_exame, num_questao, letra_opcao, texto)
values(17, 10, 'C', 'a integralidade dos honorários é devida até a decisão de primeira instância.');
insert into opcoes (num_exame, num_questao, letra_opcao, texto)
values(17, 10, 'D', 'um terço dos honorários é devido no início do serviço.');
insert into questoes (num_exame, num_questao, enunciado, opcao_correta)
values(17, 11, 'Hans Kelsen, ao abordar o tema da interpretação jurídica no seu livro Teoria Pura do Direito, fala em ato de vontade e ato de conhecimento. Em relação à aplicação do Direito por um órgão jurídico, assinale a afirmativa correta da interpretação.', 'A');
insert into opcoes (num_exame, num_questao, letra_opcao, texto)
values(17, 11, 'A', 'Prevalece como ato de conhecimento, pois o Direito é atividade científica e, assim, capaz de prover precisão técnica no âmbito de sua aplicação por agentes competentes.');
insert into opcoes (num_exame, num_questao, letra_opcao, texto)
values(17, 11, 'B', 'Predomina como puro ato de conhecimento, em que o agente escolhe, conforme seu arbítrio, qualquer norma que entenda como válida e capaz de regular o caso concreto.');
insert into opcoes (num_exame, num_questao, letra_opcao, texto)
values(17, 11, 'C', 'A interpretação cognoscitiva combina-se a um ato de vontade em que o órgão aplicador efetua uma escolha entre as possibilidades reveladas por meio da mesma interpretação cognoscitiva.');
insert into opcoes (num_exame, num_questao, letra_opcao, texto)
values(17, 11, 'D', 'A interpretação gramatical prevalece como sendo a única capaz de revelar o conhecimento apropriado da mens legis.');
insert into questoes (num_exame, num_questao, enunciado, opcao_correta)
values(17, 12, '“Mister é não olvidar que a compreensão do direito como ‘fato histórico-cultural’ implica o conhecimento de que estamos perante uma realidade essencialmente dialética, isto é, que não é concebível senão como ‘processus’, cujos elementos ou momentos constitutivos são fato, valor e norma (...)” (Miguel Reale, in Teoria Tridimensional do Direito) Assinale a opção que corretamente explica a natureza da dialética de complementaridade que, segundo Miguel Reale, caracteriza a Teoria Tridimensional do Direito.', 'A');
insert into opcoes (num_exame, num_questao, letra_opcao, texto)
values(17, 12, 'A', 'A relação entre os polos opostos que são o fato, a norma e o valor, produz uma síntese conclusiva entre tais polos.');
insert into opcoes (num_exame, num_questao, letra_opcao, texto)
values(17, 12, 'B', 'A implicação dos opostos na medida em que se desoculta e se revela a aparência da contradição, sem que, com esse desocultamento, os termos cessem de ser contrários.');
insert into opcoes (num_exame, num_questao, letra_opcao, texto)
values(17, 12, 'C', 'A síntese conclusiva que se estabelece entre diferentes termos, conforme o modelo hegeliano de tese, antítese e síntese.');
insert into opcoes (num_exame, num_questao, letra_opcao, texto)
values(17, 12, 'D', 'A estrutura estática que resulta da lógica de subsunção entre os três termos que constituem a experiência jurídica: fato, norma e valor.');
insert into questoes (num_exame, num_questao, enunciado, opcao_correta)
values(17, 13, 'Pedro, reconhecido advogado na área do direito público, é contratado para produzir um parecer sobre situação que envolve o pacto federativo entre Estados brasileiros. Ao estudar mais detidamente a questão, conclui que, para atingir seu objetivo, é necessário analisar o alcance das chamadas cláusulas pétreas. Com base na ordem constitucional brasileira vigente, assinale, dentre as opções abaixo, a única que expressa uma premissa correta sobre o tema e que pode ser usada pelo referido advogado no desenvolvimento de seu parecer.', 'A');
insert into opcoes (num_exame, num_questao, letra_opcao, texto)
values(17, 13, 'A', 'As cláusulas pétreas podem ser invocadas para sustentar a existência de normas constitucionais superiores em face de normas constitucionais inferiores, o que possibilita a existência de normas constitucionais inconstitucionais.');
insert into opcoes (num_exame, num_questao, letra_opcao, texto)
values(17, 13, 'B', 'Norma introduzida por emenda à constituição se integra plenamente ao texto constitucional, não podendo, portanto, ser submetida a controle de constitucionalidade, ainda que sob alegação de violação à cláusula pétrea.');
insert into opcoes (num_exame, num_questao, letra_opcao, texto)
values(17, 13, 'C', 'Mudanças propostas por constituinte derivado reformador estão sujeitas ao controle de constitucionalidade, sendo que as normas ali propostas não podem afrontar cláusulas pétreas estabelecidas na Constituição da República.');
insert into opcoes (num_exame, num_questao, letra_opcao, texto)
values(17, 13, 'D', 'Os direitos e as garantias individuais considerados como cláusulas pétreas estão localizados exclusivamente nos dispositivos do Art. 5º, de modo que é inconstitucional atribuir essa qualidade (cláusula pétrea) a normas fundadas em outros dispositivos constitucionais.');
insert into questoes (num_exame, num_questao, enunciado, opcao_correta)
values(17, 14, 'Dois advogados, com grande experiência profissional e com a justa preocupação de se manterem atualizados, concluem que algumas ideias vêm influenciando mais profundamente a percepção dos operadores do direito a respeito da ordem jurídica. Um deles lembra que a Constituição brasileira vem funcionando como verdadeiro “filtro”, de forma a influenciar todas as normas do ordenamento pátrio com os seus valores. O segundo, concordando, adiciona que o crescente reconhecimento da natureza normativo-jurídica dos princípios pelos tribunais, especialmente pelo Supremo Tribunal Federal, tem aproximado as concepções de direito e justiça (buscada no diálogo racional) e oferecido um papel de maior destaque aos magistrados. As posições apresentadas pelos advogados mantêm relação com uma concepção teórico-jurídica que, no Brasil e em outros países, vem sendo denominada de', 'A');
insert into opcoes (num_exame, num_questao, letra_opcao, texto)
values(17, 14, 'A', 'neoconstitucionalismo.');
insert into opcoes (num_exame, num_questao, letra_opcao, texto)
values(17, 14, 'B', 'positivismo-normativista.');
insert into opcoes (num_exame, num_questao, letra_opcao, texto)
values(17, 14, 'C', 'neopositivismo.');
insert into opcoes (num_exame, num_questao, letra_opcao, texto)
values(17, 14, 'D', 'jusnaturalismo.');
insert into questoes (num_exame, num_questao, enunciado, opcao_correta)
values(17, 15, 'Determinado Tribunal de Justiça vem tendo dificuldades para harmonizar os procedimentos de suas câmaras, órgãos fracionários, em relação à análise, em caráter incidental, da inconstitucionalidade de certas normas como pressuposto para o enfrentamento do mérito propriamente dito. A Presidência do referido Tribunal manifestou preocupação com o fato de o procedimento adotado por três dos órgãos fracionários estar conflitando com aquele tido como correto pela ordem constitucional brasileira. Apenas uma das câmaras adotou procedimento referendado pelo sistema jurídico-constitucional brasileiro. Assinale a opção que o apresenta.', 'A');
insert into opcoes (num_exame, num_questao, letra_opcao, texto)
values(17, 15, 'A', 'A 1ª Câmara, ao reformar a decisão de 1º grau em sede recursal, reconheceu, incidentalmente, a inconstitucionalidade da norma que dava suporte ao direito pleiteado, entendendo que, se o sistema jurídico reconhece essa possibilidade ao juízo monocrático, por razões lógicas, deve estendê-la aos órgãos recursais.');
insert into opcoes (num_exame, num_questao, letra_opcao, texto)
values(17, 15, 'B', 'A 2ª Câmara, ao analisar o recurso interposto, reconheceu, incidentalmente, a inconstitucionalidade da norma que concedia suporte ao direito pleiteado, fundamentando-se em cristalizada jurisprudência do Superior Tribunal de Justiça sobre o tema.');
insert into opcoes (num_exame, num_questao, letra_opcao, texto)
values(17, 15, 'C', 'A 3ª Câmara, ao analisar o recurso interposto, reconheceu, incidentalmente, a inconstitucionalidade da norma que concedia suporte ao direito pleiteado, fundamentando-se em pronunciamentos anteriores do Órgão Especial do próprio Tribunal.');
insert into opcoes (num_exame, num_questao, letra_opcao, texto)
values(17, 15, 'D', 'A 4ª Câmara, embora não tenha declarado a inconstitucionalidade da norma que conferia suporte ao direito pleiteado, solucionou a questão de mérito afastando a aplicação da referida norma, apesar de estarem presentes os seus pressupostos de incidência.');
insert into questoes (num_exame, num_questao, enunciado, opcao_correta)
values(17, 16, 'Determinado Estado da Federação vivencia sérios problemas de segurança pública, sendo frequentes as fugas dos presos transportados para participar de atos processuais realizados no âmbito do Poder Judiciário. Para remediar essa situação, foi editada uma lei estadual estabelecendo a possibilidade de utilização do sistema de videoconferência no âmbito do Estado. Diante de tal quadro, assinale a afirmativa que se ajusta à ordem constitucional.', 'A');
insert into opcoes (num_exame, num_questao, letra_opcao, texto)
values(17, 16, 'A', 'A lei estadual é constitucional, pois a matéria se insere na competência local dos Estados-membros, versando sobre assunto de interesse local.');
insert into opcoes (num_exame, num_questao, letra_opcao, texto)
values(17, 16, 'B', 'A lei estadual é inconstitucional, pois afrontou a competência privativa da União de legislar sobre Direito Processual Penal.');
insert into opcoes (num_exame, num_questao, letra_opcao, texto)
values(17, 16, 'C', 'A lei estadual é constitucional, pois a matéria se insere no âmbito da competência delegada da União, versando sobre direito processual.');
insert into opcoes (num_exame, num_questao, letra_opcao, texto)
values(17, 16, 'D', 'A lei estadual é inconstitucional, pois comando normativo dessa natureza, por força do princípio da simetria, deveria estar previsto na Constituição Estadual.');
insert into questoes (num_exame, num_questao, enunciado, opcao_correta)
values(17, 17, 'Um representante da sociedade civil, apresentando indícios de que o Presidente da República teria ultrapassado os gastos autorizados pela lei orçamentária e, portanto, cometido crime de responsabilidade, denuncia o Chefe do Poder Executivo Federal à Câmara dos Deputados. Protocolizada a denúncia na Câmara, foram observados os trâmites legais e regimentais de modo que o Plenário pudesse ou não autorizar a instauração de processo contra o Presidente da República. Do total de 513 deputados da Câmara, apenas 400 estiveram presentes à sessão, sendo que 260 votaram a favor da instauração do processo. Diante desse fato,', 'A');
insert into opcoes (num_exame, num_questao, letra_opcao, texto)
values(17, 17, 'A', 'o processo será enviado ao Senado Federal para que este, sob a presidência do Presidente do STF, proceda ao julgamento do Presidente da República.');
insert into opcoes (num_exame, num_questao, letra_opcao, texto)
values(17, 17, 'B', 'o processo será enviado ao Supremo Tribunal Federal, a fim de que a Corte Maior proceda ao julgamento do Presidente da República.');
insert into opcoes (num_exame, num_questao, letra_opcao, texto)
values(17, 17, 'C', 'o processo deverá ser arquivado, tendo em vista o fato de a decisão da Câmara dos Deputados não ter contado com a manifestação favorável de dois terços dos seus membros.');
insert into opcoes (num_exame, num_questao, letra_opcao, texto)
values(17, 17, 'D', 'dá-se o impeachment do Presidente da República, que perde o cargo e fica inabilitado para o exercício de outra função pública por oito anos.');
insert into questoes (num_exame, num_questao, enunciado, opcao_correta)
values(17, 18, 'A discussão a respeito das funções executiva, legislativa e judiciária parece se acirrar em torno dos limites do seu exercício pelos três tradicionais Poderes. Nesse sentido, sobre a estrutura adotada pela Constituição brasileira de 1988, assinale a afirmativa correta.', 'A');
insert into opcoes (num_exame, num_questao, letra_opcao, texto)
values(17, 18, 'A', 'O exercício da função legislativa é uma atribuição concedida exclusivamente ao Poder Legislativo, como decorrência natural de ser considerado o Poder que mais claramente representa o regime democrático.');
insert into opcoes (num_exame, num_questao, letra_opcao, texto)
values(17, 18, 'B', 'O exercício da função jurisdicional é atribuição privativa do Poder Judiciário, embora se possa dizer que o Poder Executivo, no uso do seu poder disciplinar, também faça uso da função jurisdicional.');
insert into opcoes (num_exame, num_questao, letra_opcao, texto)
values(17, 18, 'C', 'O exercício de funções administrativas, judiciárias e legislativas deve respeitar a mais estrita divisão de funções, não existindo possibilidade de que um Poder venha a exercer, atipicamente, funções afetas a outro Poder.');
insert into opcoes (num_exame, num_questao, letra_opcao, texto)
values(17, 18, 'D', 'A produção de efeitos pelas normas elaboradas pelos Poderes Legislativo e Executivo pode ser limitada pela atuação do Poder Judiciário, no âmbito de sua atuação típica de controlar a constitucionalidade ou a legalidade das normas do sistema.');
insert into questoes (num_exame, num_questao, enunciado, opcao_correta)
values(17, 19, 'Ocorreu um grande escândalo de desvio de verbas públicas na administração pública federal, o que ensejou a instauração de uma Comissão Parlamentar de Inquérito (CPI), requerida pelos deputados federais de oposição. Surpreendentemente, os oponentes da CPI conseguem que o inexperiente deputado M seja alçado à condição de Presidente da Comissão. Por não possuir formação jurídica e desconhecer o trâmite das atividades parlamentares, o referido Presidente, sem consultar os assessores jurídicos da Casa, toma uma série de iniciativas, expedindo ofícios e requisitando informações a diversos órgãos. Posteriormente, veio à tona que apenas uma de suas providências prescindiria de efetivo mandado judicial. Assinale a opção que indica a única providência que o deputado M poderia ter tomado, prescindindo de ordem judicial.', 'A');
insert into opcoes (num_exame, num_questao, letra_opcao, texto)
values(17, 19, 'A', 'Determinação de prisão preventiva de pessoas por condutas que, embora sem flagrância, configuram crime e há comprovado risco de que voltem a ser praticadas.');
insert into opcoes (num_exame, num_questao, letra_opcao, texto)
values(17, 19, 'B', 'Autorização, ao setor de inteligência da Polícia Judiciária, para que realize a interceptação das comunicações telefônicas (“escuta”) de prováveis envolvidos.');
insert into opcoes (num_exame, num_questao, letra_opcao, texto)
values(17, 19, 'C', 'Quebra de sigilo fiscal dos servidores públicos que, sem aparente motivo, apresentaram público e notório aumento do seu padrão de consumo.');
insert into opcoes (num_exame, num_questao, letra_opcao, texto)
values(17, 19, 'D', 'Busca e apreensão de documentos nas residências de sete pessoas supostamente envolvidas no esquema de desvio de verba.');
insert into questoes (num_exame, num_questao, enunciado, opcao_correta)
values(17, 20, 'A Comissão Interamericana de Direitos Humanos é competente para examinar comunicações encaminhadas por indivíduos ou grupos de indivíduos que contenham denúncia de violação de direitos previstos na Convenção Americana de Direitos Humanos, violação essa que tenha sido cometida por um Estado-parte. Após receber a denúncia e considerá-la admissível, a Comissão deverá requerer mais informações e buscar uma solução amistosa. Em não ocorrendo tal solução, enviará um informe ao Estado, concedendo-lhe três meses para cumprir suas exigências. Caso o Estado não atenda às exigências deliberadas pela Comissão, esta poderá', 'A');
insert into opcoes (num_exame, num_questao, letra_opcao, texto)
values(17, 20, 'A', 'encaminhar o caso para deliberação pela Assembleia Geral da OEA.');
insert into opcoes (num_exame, num_questao, letra_opcao, texto)
values(17, 20, 'B', 'proceder ao desligamento do Estado violador da Organização dos Estados Americanos.');
insert into opcoes (num_exame, num_questao, letra_opcao, texto)
values(17, 20, 'C', 'enviar o caso à Corte Interamericana de Justiça ou à Corte Internacional de Haia, desde que escolha apenas uma das duas Cortes para evitar litispendência no sistema internacional de proteção dos Direitos Humanos.');
insert into opcoes (num_exame, num_questao, letra_opcao, texto)
values(17, 20, 'D', 'elaborar um segundo informe ao Estado ou enviar o caso à Corte Interamericana de Justiça.');
insert into questoes (num_exame, num_questao, enunciado, opcao_correta)
values(17, 21, 'A Lei nº 12.986/14 transformou o antigo Conselho de Defesa dos Direitos da Pessoa Humana – CDDPH – em Conselho Nacional dos Direitos Humanos – CNDH. A respeito da finalidade desse Conselho, de acordo com a lei mencionada, assinale a afirmativa correta.', 'A');
insert into opcoes (num_exame, num_questao, letra_opcao, texto)
values(17, 21, 'A', 'Deve apresentar as demandas brasileiras relativas aos direitos humanos junto aos organismos internacionais e multilaterais de proteção dos Direitos Humanos.');
insert into opcoes (num_exame, num_questao, letra_opcao, texto)
values(17, 21, 'B', 'Deve representar o Estado brasileiro em todas as notificações que este venha a receber em função de procedimentos, como parte da Comissão Interamericana de Direitos Humanos, ou de processos movidos contra o Brasil na Corte Interamericana de Direitos Humanos.');
insert into opcoes (num_exame, num_questao, letra_opcao, texto)
values(17, 21, 'C', 'Deve elaborar um projeto nacional de Educação para os Direitos Humanos.');
insert into opcoes (num_exame, num_questao, letra_opcao, texto)
values(17, 21, 'D', 'Deve promover e defender os direitos humanos mediante ações preventivas, protetivas, reparadoras e sancionadoras das condutas e situações de ameaça ou da violação desses direitos.');
insert into questoes (num_exame, num_questao, enunciado, opcao_correta)
values(17, 22, 'Segundo dados do CONARE (Comitê Nacional para os Refugiados), o Brasil possuía, no fim de 2014, 6.492 refugiados de 80 nacionalidades. Como é sabido, o Brasil ratificou a Convenção das Nações Unidas sobre o Estatuto dos Refugiados, assim como promulgou a Lei nº 9.474/97, que define os mecanismos para a implementação dessa Convenção. Assinale a opção que, conforme a lei mencionada, define a condição jurídica do refugiado no Brasil.', 'A');
insert into opcoes (num_exame, num_questao, letra_opcao, texto)
values(17, 22, 'A', 'Possui os direitos e deveres dos estrangeiros no Brasil, bem como direito a cédula de identidade comprobatória de sua condição jurídica, carteira de trabalho e documento de viagem.');
insert into opcoes (num_exame, num_questao, letra_opcao, texto)
values(17, 22, 'B', 'Está sujeito aos deveres dos estrangeiros no Brasil e tem direito a documento de viagem para deixar o país quando for de sua vontade.');
insert into opcoes (num_exame, num_questao, letra_opcao, texto)
values(17, 22, 'C', 'Sendo acolhido como refugiado, tem todos os direitos previstos no seu país de origem, mas deve acatar os deveres impostos a todos os brasileiros. Também tem direito à cédula de identidade.');
insert into opcoes (num_exame, num_questao, letra_opcao, texto)
values(17, 22, 'D', 'Possui os direitos e deveres dos estrangeiros no Brasil, bem como direito a cédula de identidade comprobatória de sua condição jurídica, carteira de trabalho, documento de viagem e título de eleitor.');
insert into questoes (num_exame, num_questao, enunciado, opcao_correta)
values(17, 23, 'Carlos, brasileiro naturalizado, tendo renunciado à sua anterior nacionalidade, casou-se com Tatiana, de nacionalidade alemã. Em razão do trabalho na iniciativa privada, Carlos foi transferido para o Chile, indo residir lá com sua mulher. Em 15/07/2011, em território chileno, nasceu a primeira filha do casal, Cláudia, que foi registrada na Repartição Consular do Brasil. A teor das regras contidas na Constituição Brasileira de 1988, assinale qual a situação de Cláudia quanto à sua nacionalidade.', 'A');
insert into opcoes (num_exame, num_questao, letra_opcao, texto)
values(17, 23, 'A', 'Cláudia não pode ser considerada brasileira nata, em virtude de a nacionalidade brasileira de seu pai ter sido adquirida de modo derivado e pelo fato de sua mãe ser estrangeira.');
insert into opcoes (num_exame, num_questao, letra_opcao, texto)
values(17, 23, 'B', 'Cláudia é brasileira nata, pelo simples fato de o seu pai, brasileiro, ter se mudado por motivo de trabalho.');
insert into opcoes (num_exame, num_questao, letra_opcao, texto)
values(17, 23, 'C', 'Cláudia somente será brasileira nata se vier a residir no Brasil e fizer a opção pela nacionalidade brasileira após atingir a maioridade.');
insert into opcoes (num_exame, num_questao, letra_opcao, texto)
values(17, 23, 'D', 'Cláudia é brasileira nata, não constituindo óbice o fato de o seu pai ser brasileiro naturalizado e sua mãe, estrangeira.');
insert into questoes (num_exame, num_questao, enunciado, opcao_correta)
values(17, 24, 'A sociedade empresária brasileira do ramo de comunicação, Personalidades, celebrou contrato internacional de prestação de serviços de informática, no Brasil, com a sociedade empresária uruguaia Sacramento. O contrato foi celebrado em Caracas, capital venezuelana, tendo sido estabelecido pelas partes, como foro de eleição, Montevidéu. Diante da situação exposta, à luz das regras do Direito Internacional Privado veiculadas na Lei de Introdução às Normas do Direito Brasileiro (LIND', 'A');
insert into opcoes (num_exame, num_questao, letra_opcao, texto)
values(17, 24, 'B', 'e no Código de Processo Civil, assinale a afirmativa correta.');
insert into opcoes (num_exame, num_questao, letra_opcao, texto)
values(17, 24, 'A', 'No tocante à regência das obrigações previstas no contrato, aplica-se a legislação uruguaia, já que Montevidéu foi eleito o foro competente para se dirimir eventual controvérsia.');
insert into opcoes (num_exame, num_questao, letra_opcao, texto)
values(17, 24, 'B', 'Para qualificar e reger as obrigações do presente contrato, aplicar-se-á a lei venezuelana.');
insert into opcoes (num_exame, num_questao, letra_opcao, texto)
values(17, 24, 'C', 'Como a execução da obrigação avençada entre as partes se dará no Brasil, aplica-se, obrigatoriamente, no tocante ao cumprimento do contrato, a legislação brasileira.');
insert into questoes (num_exame, num_questao, enunciado, opcao_correta)
values(17, 25, 'Após ser intimada da lavratura de um auto de infração visando à cobrança da Contribuição para o Financiamento da Seguridade Social (COFINS) dos últimos cinco anos, a pessoa jurídica XYZ Participações Ltda. verificou que o tributo não era devido e ofereceu impugnação ao auto de infração. Como irá participar de uma licitação, a pessoa jurídica em questão irá precisar de certidão de regularidade fiscal – no caso, Certidão Positiva de Débito com Efeito de Negativa (CPD-EN). Na hipótese, considerando que o contribuinte não possui outros débitos, assinale a afirmativa correta.', 'A');
insert into opcoes (num_exame, num_questao, letra_opcao, texto)
values(17, 25, 'A', 'A impugnação ao auto de infração exclui o crédito tributário, sendo possível a emissão da CPD-EN.');
insert into opcoes (num_exame, num_questao, letra_opcao, texto)
values(17, 25, 'B', 'A impugnação ao auto de infração, sem o pagamento do crédito, impede a emissão da CPD-EN.');
insert into opcoes (num_exame, num_questao, letra_opcao, texto)
values(17, 25, 'C', 'A pessoa jurídica XYZ Participações Ltda. somente terá direito à CPD-EN caso realize o depósito do montante integral.');
insert into opcoes (num_exame, num_questao, letra_opcao, texto)
values(17, 25, 'D', 'A impugnação ao auto de infração suspende a exigibilidade do crédito, sendo possível a emissão da CPD-EN.');
insert into questoes (num_exame, num_questao, enunciado, opcao_correta)
values(17, 26, 'A União ajuizou execução fiscal em face da pessoa jurídica XYZ Ltda., devedora de tributos federais. No curso da execução fiscal, a falência da pessoa jurídica foi decretada. Após requerimento da União, deferido pelo Juízo, Francisco, sócio da pessoa jurídica XYZ Ltda., é incluído no polo passivo da execução fiscal, em razão da decretação de falência. Sobre a hipótese, é possível afirmar que', 'A');
insert into opcoes (num_exame, num_questao, letra_opcao, texto)
values(17, 26, 'A', 'a decretação de falência autoriza o redirecionamento da execução fiscal para Francisco, por ser considerada hipótese de infração à lei, que enseja responsabilidade tributária.');
insert into opcoes (num_exame, num_questao, letra_opcao, texto)
values(17, 26, 'B', 'o fato de Francisco ser sócio da XYZ Ltda. acarreta, por si só, responsabilidade pessoal pelos créditos correspondentes a obrigações tributárias da pessoa jurídica.');
insert into opcoes (num_exame, num_questao, letra_opcao, texto)
values(17, 26, 'C', 'Francisco não poderia ser incluído no polo passivo, ainda que fosse administrador da XYZ Ltda. e tivesse encerrado ilegalmente as atividades da pessoa jurídica.');
insert into opcoes (num_exame, num_questao, letra_opcao, texto)
values(17, 26, 'D', 'Francisco não poderia, unicamente em razão da decretação de falência de XYZ Ltda., ser incluído no polo passivo da execução fiscal.');
insert into questoes (num_exame, num_questao, enunciado, opcao_correta)
values(17, 27, 'A pessoa jurídica X foi contemplada com isenção do Imposto sobre a Propriedade Predial e Territorial Urbana (IPTU) do imóvel utilizado para suas atividades comerciais. A referida isenção foi concedida pelo prazo de 5 (cinco) anos e sob a condição de que o imóvel seja utilizado para a produção de artesanato regional. Com base no caso apresentado, sobre a referida isenção assinale a opção correta.', 'A');
insert into opcoes (num_exame, num_questao, letra_opcao, texto)
values(17, 27, 'A', 'Poderá ser suprimida por lei, a qualquer tempo, ainda que o contribuinte atenda à condição de utilizar o imóvel para a produção de artesanato regional.');
insert into opcoes (num_exame, num_questao, letra_opcao, texto)
values(17, 27, 'B', 'Não poderá ser suprimida no prazo de 5 (cinco) anos, caso o contribuinte cumpra a condição de utilizar o imóvel para a produção de artesanato regional.');
insert into opcoes (num_exame, num_questao, letra_opcao, texto)
values(17, 27, 'C', 'Não poderá ser suprimida no prazo de 5 (cinco) anos, ainda que o contribuinte utilize o imóvel para a realização de atividades comerciais diversas da produção de artesanato regional.');
insert into opcoes (num_exame, num_questao, letra_opcao, texto)
values(17, 27, 'D', 'Poderá ser suprimida por decreto, a qualquer tempo, ainda que o contribuinte cumpra a condição de utilizar o imóvel para a produção de artesanato regional.');
insert into questoes (num_exame, num_questao, enunciado, opcao_correta)
values(17, 28, 'Em 17/07/2014, o Tribunal de Justiça do Estado X da Federação instituiu, por meio de Provimento da Corregedoria Geral da Justiça, as custas judiciais e os emolumentos cartorários vigentes a partir da data da publicação. Sobre a hipótese, assinale a afirmativa correta.', 'A');
insert into opcoes (num_exame, num_questao, letra_opcao, texto)
values(17, 28, 'A', 'As custas judiciais e os emolumentos cartorários têm natureza jurídica de preço público e, portanto, não estão sujeitos às limitações constitucionais ao poder de tributar.');
insert into opcoes (num_exame, num_questao, letra_opcao, texto)
values(17, 28, 'B', 'As custas judiciais e os emolumentos cartorários têm natureza jurídica de taxa de serviço. Sendo assim, o provimento da Corregedoria Geral viola os princípios da legalidade, da anterioridade de exercício e nonagesimal.');
insert into opcoes (num_exame, num_questao, letra_opcao, texto)
values(17, 28, 'C', 'As custas judiciais e os emolumentos cartorários têm natureza jurídica de contribuição social. Sendo assim, o provimento da Corregedoria Geral viola os princípios da legalidade, da anterioridade de exercício e nonagesimal.');
insert into opcoes (num_exame, num_questao, letra_opcao, texto)
values(17, 28, 'D', 'As custas judiciais e os emolumentos cartorários têm natureza jurídica de taxa de poder de polícia. Sendo assim, o provimento da Corregedoria Geral viola os princípios da legalidade e da anterioridade de exercício.');
insert into questoes (num_exame, num_questao, enunciado, opcao_correta)
values(17, 29, 'O Governador do Estado Y criticou, por meio da imprensa, o Diretor-Presidente da Agência Reguladora de Serviços Delegados de Transportes do Estado, autarquia estadual criada pela Lei nº 1.234, alegando que aquela entidade, ao aplicar multas às empresas concessionárias por supostas falhas na prestação do serviço, “não estimula o empresário a investir no Estado”. Ainda, por essa razão, o Governador ameaçou, também pela imprensa, substituir o Diretor- Presidente da agência antes de expirado o prazo do mandato daquele dirigente. Considerando o exposto, assinale a afirmativa correta.', 'A');
insert into opcoes (num_exame, num_questao, letra_opcao, texto)
values(17, 29, 'A', 'A adoção do mandato fixo para os dirigentes de agências reguladoras contribui para a necessária autonomia da entidade, impedindo a livre exoneração pelo chefe do Poder Executivo.');
insert into opcoes (num_exame, num_questao, letra_opcao, texto)
values(17, 29, 'B', 'A agência reguladora, como órgão da Administração Direta, submete-se ao poder disciplinar do chefe do Poder Executivo estadual.');
insert into opcoes (num_exame, num_questao, letra_opcao, texto)
values(17, 29, 'C', 'A agência reguladora possui personalidade jurídica própria, mas está sujeita, obrigatoriamente, ao poder hierárquico do chefe do Poder Executivo.');
insert into opcoes (num_exame, num_questao, letra_opcao, texto)
values(17, 29, 'D', 'Ainda que os dirigentes da agência reguladora exerçam mandato fixo, pode o chefe do Poder Executivo exonerá- los, por razões políticas não ligadas ao interesse público, caso discorde das decisões tomadas pela entidade.');
insert into questoes (num_exame, num_questao, enunciado, opcao_correta)
values(17, 30, 'Fernando, servidor público de uma autarquia federal há nove anos, foi acusado de participar de um esquema para favorecer determinada empresa em uma dispensa de licitação, razão pela qual foi instaurado processo administrativo disciplinar, que resultou na aplicação da penalidade de demissão. Sobre a situação apresentada, considerando que Fernando é ocupante de cargo efetivo, por investidura após prévia aprovação em concurso, assinale a afirmativa correta.', 'A');
insert into opcoes (num_exame, num_questao, letra_opcao, texto)
values(17, 30, 'A', 'Fernando não pode ser demitido do serviço público federal, uma vez que é servidor público estável.');
insert into opcoes (num_exame, num_questao, letra_opcao, texto)
values(17, 30, 'B', 'Fernando somente pode ser demitido mediante sentença judicial transitada em julgado, uma vez que a vitaliciedade é garantida aos servidores públicos.');
insert into opcoes (num_exame, num_questao, letra_opcao, texto)
values(17, 30, 'C', 'É possível a aplicação de penalidade de demissão a Fernando, servidor estável, mediante processo administrativo em que lhe seja assegurada ampla defesa.');
insert into opcoes (num_exame, num_questao, letra_opcao, texto)
values(17, 30, 'D', 'A aplicação de penalidade de demissão ao servidor público que pratica ato de improbidade independe de processo administrativo ou de sentença judicial.');
insert into questoes (num_exame, num_questao, enunciado, opcao_correta)
values(17, 31, 'O Município W, durante a construção de avenida importante, ligando a região residencial ao centro comercial da cidade, verifica a necessidade de ampliação da área a ser construída, mediante a incorporação de terrenos contíguos à área já desapropriada, a fim de permitir o prosseguimento das obras. Assim, expede novo decreto de desapropriação, declarando a utilidade pública dos imóveis indicados, adjacentes ao plano da pista. Diante deste caso, assinale a opção correta.', 'A');
insert into opcoes (num_exame, num_questao, letra_opcao, texto)
values(17, 31, 'A', 'É válida a desapropriação, pelo Município W, de imóveis a serem demolidos para a construção da obra pública, mas não a dos terrenos contíguos à obra.');
insert into opcoes (num_exame, num_questao, letra_opcao, texto)
values(17, 31, 'B', 'Não é válida a desapropriação, durante a realização da obra, pelo Município W, de novos imóveis, qualquer que seja a finalidade.');
insert into opcoes (num_exame, num_questao, letra_opcao, texto)
values(17, 31, 'C', 'É válida, no curso da obra, a desapropriação, pelo Município W, de novos imóveis em área contígua necessária ao desenvolvimento da obra.');
insert into opcoes (num_exame, num_questao, letra_opcao, texto)
values(17, 31, 'D', 'Em relação às áreas contíguas à obra, a única forma de intervenção estatal da qual pode se valer o Município W é a ocupação temporária.');
insert into questoes (num_exame, num_questao, enunciado, opcao_correta)
values(17, 32, 'O Estado X publicou edital de concurso público de provas e títulos para o cargo de analista administrativo. O edital prevê a realização de uma primeira fase, com questões objetivas, e de uma segunda fase com questões discursivas, e que os 100 (cem) candidatos mais bem classificados na primeira fase avançariam para a realização da segunda fase. No entanto, após a divulgação dos resultados da primeira fase, é publicado um edital complementar estabelecendo que os 200 (duzentos) candidatos mais bem classificados avançariam à segunda fase e prevendo uma nova forma de composição da pontuação global. Nesse caso,', 'A');
insert into opcoes (num_exame, num_questao, letra_opcao, texto)
values(17, 32, 'A', 'a alteração não é válida, por ofensa ao princípio da impessoalidade, advindo da adoção de novos critérios de pontuação e da ampliação do número de candidatos na segunda fase.');
insert into opcoes (num_exame, num_questao, letra_opcao, texto)
values(17, 32, 'B', 'a alteração é válida, pois a aprovação de mais candidatos na primeira fase não gera prejuízo aos candidatos e ainda permite que mais interessados realizem a prova de segunda fase.');
insert into opcoes (num_exame, num_questao, letra_opcao, texto)
values(17, 32, 'C', 'a alteração não é válida, porque o edital de um concurso público não pode conter cláusulas ambíguas.');
insert into opcoes (num_exame, num_questao, letra_opcao, texto)
values(17, 32, 'D', 'a alteração é válida, pois foi observada a exigência de provimento dos cargos mediante concurso público de provas e títulos.');
insert into questoes (num_exame, num_questao, enunciado, opcao_correta)
values(17, 33, 'Após autorização em lei, o Estado X constituiu empresa pública para atuação no setor bancário e creditício. Por não possuir, ainda, quadro de pessoal, foi iniciado concurso público com vistas à seleção de 150 empregados, entre economistas, administradores e advogados. A respeito da situação descrita, assinale a afirmativa correta.', 'A');
insert into opcoes (num_exame, num_questao, letra_opcao, texto)
values(17, 33, 'A', 'Não é possível a constituição de empresa pública para exploração direta de atividade econômica pelo Estado.');
insert into opcoes (num_exame, num_questao, letra_opcao, texto)
values(17, 33, 'B', 'A lei que autorizou a instituição da empresa pública é, obrigatoriamente, uma lei complementar, por exigência do texto constitucional.');
insert into opcoes (num_exame, num_questao, letra_opcao, texto)
values(17, 33, 'C', 'Após a Constituição de 1988, cabe às empresas públicas a prestação de serviços públicos e às sociedades de economia mista cabe a exploração de atividade econômica.');
insert into opcoes (num_exame, num_questao, letra_opcao, texto)
values(17, 33, 'D', 'A empresa pública que explora atividade econômica sujeita-se ao regime trabalhista próprio das empresas privadas, o que não afasta a exigência de concurso público.');
insert into questoes (num_exame, num_questao, enunciado, opcao_correta)
values(17, 34, 'Manoel da Silva é comerciante, proprietário de uma padaria e confeitaria de grande movimento na cidade ABCD. A fim de oferecer ao público um serviço diferenciado, Manoel formulou pedido administrativo de autorização de uso de bem público (calçada), para a colocação de mesas e cadeiras. Com a autorização concedida pelo Município, Manoel comprou mobiliário de alto padrão para colocá-lo na calçada, em frente ao seu estabelecimento. Uma semana depois, entretanto, a Prefeitura revogou a autorização, sem apresentar fundamentação. A respeito do ato da prefeitura, que revogou a autorização, assinale a afirmativa correta.', 'A');
insert into opcoes (num_exame, num_questao, letra_opcao, texto)
values(17, 34, 'A', 'Por se tratar de ato administrativo discricionário, a autorização e sua revogação não podem ser investigadas na via judicial.');
insert into opcoes (num_exame, num_questao, letra_opcao, texto)
values(17, 34, 'B', 'A despeito de se tratar de ato administrativo discricionário, é admissível o controle judicial do ato.');
insert into opcoes (num_exame, num_questao, letra_opcao, texto)
values(17, 34, 'C', 'A autorização de uso de bem público é ato vinculado, de modo que, uma vez preenchidos os pressupostos, não poderia ser negado ao particular o direito ao seu uso, por meio da revogação do ato.');
insert into opcoes (num_exame, num_questao, letra_opcao, texto)
values(17, 34, 'D', 'A autorização de uso de bem público é ato discricionário, mas, uma vez deferido o uso ao particular, passa-se a estar diante de ato vinculado, que não admite revogação.');
insert into questoes (num_exame, num_questao, enunciado, opcao_correta)
values(17, 35, 'O Município Z deseja implementar política pública ambiental, no sentido de combater a poluição das vias públicas. Sobre as competências ambientais distribuídas pela Constituição, assinale a afirmativa correta.', 'A');
insert into opcoes (num_exame, num_questao, letra_opcao, texto)
values(17, 35, 'A', 'União, Estados, Distrito Federal e Municípios têm competência material ambiental comum, devendo leis complementares fixar normas de cooperação entre os entes.');
insert into opcoes (num_exame, num_questao, letra_opcao, texto)
values(17, 35, 'B', 'Em relação à competência material ambiental, em não sendo exercida pela União e nem pelo Estado,o Município pode exercê-la plenamente.');
insert into opcoes (num_exame, num_questao, letra_opcao, texto)
values(17, 35, 'C', 'O Município só pode exercer sua competência material ambiental nos limites das normas estaduais sobre o tema.');
insert into opcoes (num_exame, num_questao, letra_opcao, texto)
values(17, 35, 'D', 'O Município não tem competência material em direito ambiental, por falta de previsão constitucional, podendo, porém, praticar atos por delegação da União ou do Estado.');
insert into questoes (num_exame, num_questao, enunciado, opcao_correta)
values(17, 36, 'Determinado Município, por intermédio de lei que contemplou questões como potencial construtivo, zoneamento de bairros e complexos esportivos, reduziu os limites de uma determinada Unidade de Conservação. Considerando o caso hipotético em tela, assinale a opção que se harmoniza com a legislação ambiental.', 'A');
insert into opcoes (num_exame, num_questao, letra_opcao, texto)
values(17, 36, 'A', 'A lei municipal em questão será considerada válida e eficaz, pois a redução dos limites de uma Unidade de Conservação pode ser feita até mesmo por Decreto.');
insert into opcoes (num_exame, num_questao, letra_opcao, texto)
values(17, 36, 'B', 'A redução de limites, assim como a desafetação de uma Unidade de Conservação, não demanda lei específica, exigindo apenas a necessária e prévia aprovação de Estudo de Impacto Ambiental e respectivo relatório (EIA-RIMA).');
insert into opcoes (num_exame, num_questao, letra_opcao, texto)
values(17, 36, 'C', 'A redução operada pela lei, para produzir efeitos, dependerá da aprovação do Conselho Gestor da Unidade de Conservação impactada, garantindo-se a participação pública direta no referido procedimento de deliberação e aprovação.');
insert into opcoes (num_exame, num_questao, letra_opcao, texto)
values(17, 36, 'D', 'A redução dos limites da Unidade de Conservação, conquanto possa evidenciar os efeitos concretos da lei, somente pode ser feita mediante lei específica, regra esta que também se aplica à desafetação.');
insert into questoes (num_exame, num_questao, enunciado, opcao_correta)
values(17, 37, 'Angélica concede a Otávia, pelo prazo de vinte anos, direito real de usufruto sobre imóvel de que é proprietária. O direito real é constituído por meio de escritura pública, que é registrada no competente Cartório do Registro de Imóveis. Cinco anos depois da constituição do usufruto, Otávia falece, deixando como única herdeira sua filha Patrícia. Sobre esse caso, assinale a afirmativa correta.', 'A');
insert into opcoes (num_exame, num_questao, letra_opcao, texto)
values(17, 37, 'A', 'Patrícia herda o direito real de usufruto sobre o imóvel.');
insert into opcoes (num_exame, num_questao, letra_opcao, texto)
values(17, 37, 'B', 'Patrícia adquire somente o direito de uso sobre o imóvel.');
insert into opcoes (num_exame, num_questao, letra_opcao, texto)
values(17, 37, 'C', 'O direito real de usufruto extingue-se com o falecimento de Otávia.');
insert into opcoes (num_exame, num_questao, letra_opcao, texto)
values(17, 37, 'D', 'Patrícia deve ingressar em juízo para obter sentença constitutiva do seu direito real de usufruto sobre o imóvel.');
insert into questoes (num_exame, num_questao, enunciado, opcao_correta)
values(17, 38, 'Gilvan (devedor) contrai empréstimo com Haroldo (credor) para o pagamento com juros do valor do mútuo no montante de R$ 10.000,00. Para facilitar a percepção do crédito, a parte do polo ativo obrigacional ainda facultou, no instrumento contratual firmado, o pagamento do montante no termo avençado ou a entrega do único cavalo da raça manga larga marchador da fazenda, conforme escolha a ser feita pelo devedor. Ante os fatos narrados, assinale a afirmativa correta.', 'A');
insert into opcoes (num_exame, num_questao, letra_opcao, texto)
values(17, 38, 'A', 'Trata-se de obrigação alternativa.');
insert into opcoes (num_exame, num_questao, letra_opcao, texto)
values(17, 38, 'B', 'Cuida-se de obrigação de solidariedade em que ambas as prestações são infungíveis.');
insert into opcoes (num_exame, num_questao, letra_opcao, texto)
values(17, 38, 'C', 'Acaso o animal morra antes da concentração, extingue-se a obrigação.');
insert into opcoes (num_exame, num_questao, letra_opcao, texto)
values(17, 38, 'D', 'O contrato é eivado de nulidade, eis que a escolha da prestação cabe ao credor.');
insert into questoes (num_exame, num_questao, enunciado, opcao_correta)
values(17, 39, 'Flávia vendeu para Quitéria seu apartamento e incluiu, no contrato de compra e venda, cláusula pela qual se reservava o direito de recomprá-lo no prazo máximo de 2 (dois) anos. Antes de expirado o referido prazo, Flávia pretendeu exercer seu direito, mas Quitéria se recusou a receber o preço. Sobre o fato narrado, assinale a afirmativa correta.', 'A');
insert into opcoes (num_exame, num_questao, letra_opcao, texto)
values(17, 39, 'A', 'A cláusula pela qual Flávia se reservava o direito de recomprar o imóvel é ilícita e abusiva, uma vez que Quitéria, ao se tornar proprietária do bem, passa a ter total e irrestrito poder de disposição sobre ele.');
insert into opcoes (num_exame, num_questao, letra_opcao, texto)
values(17, 39, 'B', 'A cláusula pela qual Flávia se reservava o direito de recomprar o imóvel é válida, mas se torna ineficaz diante da justa recusa de Quitéria em receber o preço devido.');
insert into opcoes (num_exame, num_questao, letra_opcao, texto)
values(17, 39, 'C', 'A disposição incluída no contrato é uma cláusula de preferência, a impor ao comprador a obrigação de oferecer ao vendedor a coisa, mas somente quando decidir vendê- la.');
insert into opcoes (num_exame, num_questao, letra_opcao, texto)
values(17, 39, 'D', 'A disposição incluída no contrato é uma cláusula de retrovenda, entendida como o ajuste por meio do qual o vendedor se reserva o direito de resolver o contrato de compra e venda mediante pagamento do preço recebido e das despesas, recuperando a coisa imóvel.');
insert into questoes (num_exame, num_questao, enunciado, opcao_correta)
values(17, 40, 'Ester, viúva, tinha duas filhas muito ricas, Marina e Carina. Como as filhas não necessitam de seus bens, Ester deseja beneficiar sua irmã, Ruth, por ocasião de sua morte, destinando-lhe toda a sua herança, bens que vieram de seus pais, também pais de Ruth. Ester o(a) procura como advogado(a), indagando se é possível deixar todos os seus bens para sua irmã. Deseja fazê-lo por meio de testamento público, devidamente lavrado em Cartório de Notas, porque suas filhas estão de acordo com esse seu desejo. Assinale a opção que indica a orientação correta a ser transmitida a Ester.', 'A');
insert into opcoes (num_exame, num_questao, letra_opcao, texto)
values(17, 40, 'A', 'Em virtude de ter descendentes, Ester não pode dispor de seus bens por testamento.');
insert into opcoes (num_exame, num_questao, letra_opcao, texto)
values(17, 40, 'B', 'Ester só pode dispor de 1/3 de seu patrimônio em favor de Ruth, cabendo o restante de sua herança às suas filhas Marina e Carina, dividindo-se igualmente o patrimônio.');
insert into opcoes (num_exame, num_questao, letra_opcao, texto)
values(17, 40, 'C', 'Ester pode dispor de todo o seu patrimônio em favor de Ruth, já que as filhas estão de acordo.');
insert into opcoes (num_exame, num_questao, letra_opcao, texto)
values(17, 40, 'D', 'Ester pode dispor de 50% de seu patrimônio em favor de Ruth, cabendo os outros 50% necessariamente às suas filhas, Marina e Carina, na proporção de 25% para cada uma.');
insert into questoes (num_exame, num_questao, enunciado, opcao_correta)
values(17, 41, 'Mateus é proprietário de um terreno situado em área rural do estado de Minas Gerais. Por meio de escritura pública levada ao cartório do registro de imóveis, Mateus concede, pelo prazo de vinte anos, em favor de Francisco, direito real de superfície sobre o aludido terreno. A escritura prevê que Francisco deverá ali construir um edifício que servirá de escola para a população local. A escritura ainda prevê que, em contrapartida à concessão da superfície, Francisco deverá pagar a Mateus a quantia de R$ 30.000,00 (trinta mil reais). A escritura também prevê que, em caso de alienação do direito de superfície por Francisco, Mateus terá direito a receber quantia equivalente a 3% do valor da transação. Nesse caso, é correto afirmar que', 'A');
insert into opcoes (num_exame, num_questao, letra_opcao, texto)
values(17, 41, 'A', 'é nula a concessão de direito de superfície por prazo determinado, haja vista só se admitir, no direito brasileiro, a concessão perpétua.');
insert into opcoes (num_exame, num_questao, letra_opcao, texto)
values(17, 41, 'B', 'é nula a cláusula que prevê o pagamento de remuneração em contrapartida à concessão do direito de superfície, haja vista ser a concessão ato essencialmente gratuito.');
insert into opcoes (num_exame, num_questao, letra_opcao, texto)
values(17, 41, 'C', 'é nula a cláusula que estipula em favor de Mateus o pagamento de determinada quantia em caso de alienação do direito de superfície.');
insert into opcoes (num_exame, num_questao, letra_opcao, texto)
values(17, 41, 'D', 'é nula a cláusula que obriga Francisco a construir um edifício no terreno.');
insert into questoes (num_exame, num_questao, enunciado, opcao_correta)
values(17, 42, 'Carlos Pacheco e Marco Araújo, advogados recém-formados, constituem a sociedade P e A Advogados. Para fornecer e instalar todo o equipamento de informática, a sociedade contrata José Antônio, que, apesar de não realizar essa atividade de forma habitual e profissional, comprometeu-se a adimplir sua obrigação até o dia 20/02/2015, mediante o pagamento do valor de R$ 50.000,00 (cinquenta mil reais) no ato da celebração do contrato. O contrato celebrado é de natureza paritária, não sendo formado por adesão. A cláusula oitava do referido contrato estava assim redigida: “O total inadimplemento deste contrato por qualquer das partes ensejará o pagamento, pelo infrator, do valor de R$ 50.000,00 (cinquenta mil reais)”. Não havia, no contrato, qualquer outra cláusula que se referisse ao inadimplemento ou suas consequências. No dia 20/02/2015, José Antônio telefona para Carlos Pacheco e lhe comunica que não vai cumprir o avençado, pois celebrou com outro escritório de advocacia contrato por valor superior, a lhe render maiores lucros. Sobre os fatos narrados, assinale a afirmativa correta.', 'A');
insert into opcoes (num_exame, num_questao, letra_opcao, texto)
values(17, 42, 'A', 'Diante da recusa de José Antônio a cumprir o contrato, a sociedade poderá persistir na exigência do cumprimento obrigacional ou, alternativamente, satisfazer-se com a pena convencional.');
insert into opcoes (num_exame, num_questao, letra_opcao, texto)
values(17, 42, 'B', 'A sociedade pode pleitear o pagamento de indenização superior ao montante fixado na cláusula oitava, desde que prove, em juízo, que as perdas e os danos efetivamente sofridos foram superiores àquele valor.');
insert into opcoes (num_exame, num_questao, letra_opcao, texto)
values(17, 42, 'C', 'A sociedade pode exigir o cumprimento da cláusula oitava, classificada como cláusula penal moratória, juntamente com o desempenho da obrigação principal.');
insert into opcoes (num_exame, num_questao, letra_opcao, texto)
values(17, 42, 'D', 'Para exigir o pagamento do valor fixado na cláusula oitava, a sociedade deverá provar o prejuízo sofrido.');
insert into questoes (num_exame, num_questao, enunciado, opcao_correta)
values(17, 43, 'Maria, solteira, após a morte de seus pais em acidente automobilístico, propõe demanda por alimentos em face de Pedro, seu parente colateral de segundo grau. Diante dos fatos narrados e considerando as normas de Direito Civil, assinale a opção correta.', 'A');
insert into opcoes (num_exame, num_questao, letra_opcao, texto)
values(17, 43, 'A', 'Como Pedro é parente colateral de Maria, não tem obrigação de prestar alimentos a esta, ainda que haja necessidade por parte dela.');
insert into opcoes (num_exame, num_questao, letra_opcao, texto)
values(17, 43, 'B', 'Pedro só será obrigado a prestar alimentos caso Maria não possua ascendentes nem descendentes, ou, se os possuir, estes não tiverem condições de prestá-los ou complementá-los.');
insert into opcoes (num_exame, num_questao, letra_opcao, texto)
values(17, 43, 'C', 'A obrigação de prestar alimentos é solidária entre ascendentes, descendentes e colaterais, em havendo necessidade do alimentando e possibilidade do alimentante.');
insert into opcoes (num_exame, num_questao, letra_opcao, texto)
values(17, 43, 'D', 'Pedro não tem obrigação de prestar alimentos, pois não é irmão de Maria.');
insert into questoes (num_exame, num_questao, enunciado, opcao_correta)
values(17, 44, 'O adolescente N. ficou conhecido no bairro onde mora por praticar roubos e furtos e ter a suposta habilidade de nunca ter sido apreendido. Certa noite, N. saiu com o propósito de praticar novos atos de subtração de coisa alheia. Diante da reação de uma vítima a quem ameaçava, N. disparou sua arma de fogo, levando a vítima a óbito. N. não conseguiu fugir, sendo apreendido por policiais que passavam pelo local, no momento em que praticava o ato infracional. Sobre o caso narrado, assinale a opção correta.', 'A');
insert into opcoes (num_exame, num_questao, letra_opcao, texto)
values(17, 44, 'A', 'A medida de internação não terá cabimento contra N., uma vez que somente poderá ser aplicada em caso de reincidência no cometimento de infrações graves.');
insert into opcoes (num_exame, num_questao, letra_opcao, texto)
values(17, 44, 'B', 'Mesmo estando privado de liberdade, N. poderá entrevistar-se pessoalmente com o representante do Ministério Público, mas não terá direito a peticionar diretamente a este ou a qualquer autoridade que seja.');
insert into opcoes (num_exame, num_questao, letra_opcao, texto)
values(17, 44, 'C', 'A medida de internação de N. é cabível por se tratar de ato infracional praticado com ameaça e violência contra pessoa, mesmo que não seja caso de reincidência.');
insert into opcoes (num_exame, num_questao, letra_opcao, texto)
values(17, 44, 'D', 'Caso N. seja condenado por sentença ao cumprimento de medida de internação, e somente nesse caso, tornam-se obrigatórias as intimações do seu defensor e dos pais ou responsáveis, mesmo que o adolescente tenha sido intimado pessoalmente.');
insert into questoes (num_exame, num_questao, enunciado, opcao_correta)
values(17, 45, 'Um conselheiro tutelar, ao passar por um parquinho, observa Ana corrigindo o filho, João, por ele não permitir que os amigos brinquem com o seu patinete. Para tanto, a genitora grita, puxa o cabelo e dá beliscões no infante, na presença das outras crianças e mães, que assistem a tudo assustadas. Assinale a opção que indica o procedimento correto do Conselheiro Tutelar.', 'A');
insert into opcoes (num_exame, num_questao, letra_opcao, texto)
values(17, 45, 'A', 'Requisitar a Polícia Militar para conduzir Ana à Delegacia de Polícia e, após a atuação policial, dar o caso por encerrado.');
insert into opcoes (num_exame, num_questao, letra_opcao, texto)
values(17, 45, 'B', 'Não intervir, já que Ana está exercendo o seu poder de correção, decorrência do atributo do poder familiar.');
insert into opcoes (num_exame, num_questao, letra_opcao, texto)
values(17, 45, 'C', 'Intervir imediatamente, orientando Ana para que não corrija o filho dessa forma, e analisar se não seria recomendável a aplicação de uma das medidas previstas no ECA.');
insert into opcoes (num_exame, num_questao, letra_opcao, texto)
values(17, 45, 'D', 'Apenas colher elementos para ingressar em Juízo com uma representação administrativa por descumprimento dos deveres inerentes ao poder familiar.');
insert into questoes (num_exame, num_questao, enunciado, opcao_correta)
values(17, 46, 'Saulo e Bianca são casados há quinze anos e, há dez, decidiram ingressar no ramo das festas de casamento, produzindo os chamados “bem-casados”, deliciosos doces recheados oferecidos aos convidados ao final da festa. Saulo e Bianca não possuem registro da atividade empresarial desenvolvida, sendo essa a fonte única de renda da família. No mês passado, os noivos Carla e Jair encomendaram ao casal uma centena de “bem-casados” no sabor doce de leite. A encomenda foi entregue conforme contratado, no dia do casamento. Contudo, diversos convidados que ingeriram os quitutes sofreram infecção gastrointestinal, já que o produto estava estragado. A impropriedade do produto para o consumo foi comprovada por perícia técnica. Com base no caso narrado, assinale a alternativa correta.', 'A');
insert into opcoes (num_exame, num_questao, letra_opcao, texto)
values(17, 46, 'A', 'O casal Saulo e Bianca se enquadra no conceito de fornecedor do Código do Consumidor, pois fornecem produtos com habitualidade e onerosidade, sendo que apenas Carla e Jair, na qualidade de consumidores indiretos, poderão pleitear indenização.');
insert into opcoes (num_exame, num_questao, letra_opcao, texto)
values(17, 46, 'B', 'Embora a empresa do casal Saulo e Bianca não esteja devidamente registrada na Junta Comercial, pode ser considerada fornecedora à luz do Código do Consumidor, e os convidados do casamento, na qualidade de consumidores por equiparação, poderão pedir indenização diretamente àqueles.');
insert into opcoes (num_exame, num_questao, letra_opcao, texto)
values(17, 46, 'C', 'O Código de Defesa do Consumidor é aplicável ao caso, sendo certo que tanto Carla e Jair quanto seus convidados intoxicados são consumidores por equiparação e poderão pedir indenização, porém a inversão do ônus da prova só se aplica em favor de Carla e Jair, contratantes diretos.');
insert into opcoes (num_exame, num_questao, letra_opcao, texto)
values(17, 46, 'D', 'A atividade desenvolvida pelo casal Saulo e Bianca não está oficialmente registrada na Junta Comercial e, portanto, por ser ente despersonalizado, não se enquadra no conceito legal de fornecedor da lei do consumidor, aplicando-se ao caso as regras atinentes aos vícios redibitórios do Código Civil.');
insert into questoes (num_exame, num_questao, enunciado, opcao_correta)
values(17, 47, 'Tommy adquiriu determinado veículo junto a um revendedor de automóveis usados. Para tanto, fez o pagamento de 60% do valor do bem e financiou os 40% restantes com garantia de alienação fiduciária, junto ao banco com o qual mantém vínculo de conta-corrente. A negociação transcorreu normalmente e o veículo foi entregue. Ocorre que Tommy, alguns meses depois, achou que a obrigação assumida estava lhe sendo excessivamente onerosa. Procurou então você como advogado(a) a fim de saber se ainda assim seria possível questionar o negócio jurídico realizado e pedir revisão do contrato que Tommy sequer possuía. A esse respeito, assinale a afirmativa correta.', 'A');
insert into opcoes (num_exame, num_questao, letra_opcao, texto)
values(17, 47, 'A', 'A questão versa sobre alienação fiduciária em garantia que transfere ao credor o domínio resolúvel e a posse indireta do bem alienado, não havendo aplicabilidade do Código de Defesa do Consumidor e, portanto, nem o pedido de revisão na hipótese, haja vista que a questão jurídica está submetida unicamente à leitura da norma geral civil, sem a inversão do ônus da prova.');
insert into opcoes (num_exame, num_questao, letra_opcao, texto)
values(17, 47, 'B', 'A questão comporta aplicação do CDC, mas para propor ação revisional, a parte deve ingressar com medida cautelar preparatória de exibição de documentos, sob pena de extinção da medida cognitiva revisional por falta de interesse de agir.');
insert into opcoes (num_exame, num_questao, letra_opcao, texto)
values(17, 47, 'C', 'A questão versa sobre alienação fiduciária em garantia, que transfere para o devedor a posse direta do bem, tornando-o depositário, motivo pelo qual a questão jurídica rege-se exclusivamente pelas regras impostas pelo Decreto-lei nº 911, de 1969, que estabelece normas de processo sobre alienação fiduciária.');
insert into opcoes (num_exame, num_questao, letra_opcao, texto)
values(17, 47, 'D', 'A questão comporta aplicação do CDC, e a ação revisional pode ser proposta independentemente de medida cautelar preparatória de exibição de documentos, já que o pleito de exibição do contrato poderá ser formulado incidentalmente e nos próprios autos.');
insert into questoes (num_exame, num_questao, enunciado, opcao_correta)
values(17, 48, 'Paulo, casado no regime de comunhão parcial com Jacobina, é empresário enquadrado como microempreendedor individual (MEI). O varão pretende gravar com hipoteca o imóvel onde está situado seu estabelecimento, que serve exclusivamente aos fins da empresa. De acordo com o Código Civil, assinale a opção correta.', 'A');
insert into opcoes (num_exame, num_questao, letra_opcao, texto)
values(17, 48, 'A', 'Paulo pode, sem necessidade de outorga conjugal, qualquer que seja o regime de bens, gravar com hipoteca os imóveis que integram o seu estabelecimento.');
insert into opcoes (num_exame, num_questao, letra_opcao, texto)
values(17, 48, 'B', 'Paulo não pode, sem a outorga conjugal, gravar com hipoteca os imóveis que integram o seu estabelecimento, salvo no regime de separação de bens.');
insert into opcoes (num_exame, num_questao, letra_opcao, texto)
values(17, 48, 'C', 'Paulo, qualquer que seja o regime de bens, depende de outorga conjugal para gravar com hipoteca os imóveis que integram o seu estabelecimento.');
insert into opcoes (num_exame, num_questao, letra_opcao, texto)
values(17, 48, 'D', 'Paulo pode, sem necessidade de outorga conjugal, gravar com hipoteca os imóveis que integram o seu estabelecimento, salvo no regime da comunhão universal.');
insert into questoes (num_exame, num_questao, enunciado, opcao_correta)
values(17, 49, 'Assinale a alternativa correta em relação aos conceitos de empresa e empresário no Direito Empresarial.', 'A');
insert into opcoes (num_exame, num_questao, letra_opcao, texto)
values(17, 49, 'A', 'Empresa é a sociedade com ou sem personalidade jurídica; empresário é o sócio da empresa, pessoa natural ou jurídica com responsabilidade limitada ao valor das quotas integralizadas.');
insert into opcoes (num_exame, num_questao, letra_opcao, texto)
values(17, 49, 'B', 'Empresa é qualquer atividade econômica destinada à produção de bens; empresário é a pessoa natural que exerce profissionalmente a empresa e tenha receita bruta anual de até R$ 100.000,00 (cem mil reais).');
insert into opcoes (num_exame, num_questao, letra_opcao, texto)
values(17, 49, 'C', 'Empresa é a atividade econômica organizada para a produção e/ou a circulação de bens e de serviços; empresário é o titular da empresa, quem a exerce em caráter profissional.');
insert into opcoes (num_exame, num_questao, letra_opcao, texto)
values(17, 49, 'D', 'Empresa é a repetição profissional dos atos de comércio ou mercancia; empresário é a pessoa natural ou jurídica que pratica de modo habitual tais atos de comércio.');
insert into questoes (num_exame, num_questao, enunciado, opcao_correta)
values(17, 50, 'José adquiriu dois refrigeradores a prazo numa das filiais de Comércio de Eletrodomésticos Ltda., tendo efetuado pagamento de entrada no valor de 50% do preço. Foi decretada a falência da vendedora e esta não entregou a mercadoria. Interpelado o administrador judicial, este resolveu não executar o contrato. De acordo com as informações do enunciado e as disposições da Lei nº 11.101/2005 (Lei de Falências e Recuperação de Empresas), assinale a afirmativa correta.', 'A');
insert into opcoes (num_exame, num_questao, letra_opcao, texto)
values(17, 50, 'A', 'O comprador poderá pedir ao juiz da falência a reserva do valor de seu crédito.');
insert into opcoes (num_exame, num_questao, letra_opcao, texto)
values(17, 50, 'B', 'O comprador poderá pedir a restituição em dinheiro do valor pago a título de entrada.');
insert into opcoes (num_exame, num_questao, letra_opcao, texto)
values(17, 50, 'C', 'O comprador poderá ajuizar ação em face da massa para o cumprimento compulsório do contrato.');
insert into opcoes (num_exame, num_questao, letra_opcao, texto)
values(17, 50, 'D', 'O comprador terá seu crédito relativo ao valor pago habilitado como quirografário na falência.');
insert into questoes (num_exame, num_questao, enunciado, opcao_correta)
values(17, 51, 'Perseu, em 2012, ingressa numa sociedade simples, constituída em 2008, formada por cinco pessoas naturais e com sede na cidade de Primeira Cruz. De acordo com as disposições do Código Civil sobre a sociedade simples, assinale a afirmativa correta.', 'A');
insert into opcoes (num_exame, num_questao, letra_opcao, texto)
values(17, 51, 'A', 'Perseu é responsável por todas as dívidas sociais anteriores à admissão.');
insert into opcoes (num_exame, num_questao, letra_opcao, texto)
values(17, 51, 'B', 'Perseu responde apenas pelas dívidas sociais posteriores à admissão.');
insert into opcoes (num_exame, num_questao, letra_opcao, texto)
values(17, 51, 'C', 'Perseu responde apenas pelas dívidas sociais contraídas no ano anterior à admissão.');
insert into opcoes (num_exame, num_questao, letra_opcao, texto)
values(17, 51, 'D', 'Perseu não responde pelas dívidas sociais anteriores e posteriores à admissão.');
insert into questoes (num_exame, num_questao, enunciado, opcao_correta)
values(17, 52, 'Lauro emitiu uma nota promissória com vencimento a dia certo em favor da sociedade empresária W Corretora de Imóveis Ltda. Embora o título esteja assinado pelo emitente, nele não constam a data e o lugar de emissão. Há cláusula de juros remuneratórios, com fixação de taxa anual de 12%. Antes do vencimento, o título recebeu aval em branco prestado por Pedro, irmão de Lauro. Sendo certo que os dados omitidos na nota promissória não foram preenchidos pela sociedade empresária antes da cobrança judicial, assinale a afirmativa correta.', 'A');
insert into opcoes (num_exame, num_questao, letra_opcao, texto)
values(17, 52, 'A', 'Por se tratar de nota promissória com vencimento a dia certo, é válida a cláusula de juros remuneratórios.');
insert into opcoes (num_exame, num_questao, letra_opcao, texto)
values(17, 52, 'B', 'O avalista em branco poderá alegar vício de forma como exceção ao pagamento perante a sociedade empresária.');
insert into opcoes (num_exame, num_questao, letra_opcao, texto)
values(17, 52, 'C', 'A ausência do lugar de emissão na nota promissória acarreta sua nulidade, em razão da autonomia das obrigações cambiais.');
insert into opcoes (num_exame, num_questao, letra_opcao, texto)
values(17, 52, 'D', 'Todos os dados omitidos na nota promissória deveriam ter sido preenchidos pela sociedade empresária até o dia do vencimento. Portanto, a ação de cobrança deverá observar o procedimento da ação monitória.');
insert into questoes (num_exame, num_questao, enunciado, opcao_correta)
values(17, 53, 'Em ação de alimentos promovida por Yolanda em face de Aurélio, o Juiz determinou que Aurélio deveria arcar, na condição de futuro pai, com os valores devidos à gestante durante a gravidez, destinados a cobrir as despesas adicionais decorrentes da gestação, fixando para tal a quantia “x”. A legislação atinente ao tema dá a Aurélio a possibilidade de defesa. Assinale a opção que indica os termos em que a defesa será exercida.', 'A');
insert into opcoes (num_exame, num_questao, letra_opcao, texto)
values(17, 53, 'A', 'Além dos alimentos gravídicos, o Juiz designará a data para a realização da audiência, que será considerada o termo a quo para o curso do prazo de cinco dias para a defesa do réu.');
insert into opcoes (num_exame, num_questao, letra_opcao, texto)
values(17, 53, 'B', 'O réu deverá ser informado da fixação dos alimentos gravídicos, de modo que o prazo de cinco dias será contado a partir da juntada do mandado de citação devidamente cumprido.');
insert into opcoes (num_exame, num_questao, letra_opcao, texto)
values(17, 53, 'C', 'O momento para apresentação da defesa do réu, nesse caso, será a audiência de instrução e julgamento, que terá a data determinada na decisão que fixa os alimentos provisórios.');
insert into opcoes (num_exame, num_questao, letra_opcao, texto)
values(17, 53, 'D', 'O prazo de 15 dias para o oferecimento de defesa terá início no dia da juntada do mandado que fixou e determinou o pagamento de alimentos gravídicos.');
insert into questoes (num_exame, num_questao, enunciado, opcao_correta)
values(17, 54, 'O Banco Financeiro S.A. ajuizou contra Marco Antônio ação de busca e apreensão de veículo, em razão do inadimplemento de contrato de financiamento garantido por cláusula de alienação fiduciária. A primeira tentativa de citação foi infrutífera, uma vez que o réu não mais residia no endereço constante da inicial. O Juízo, então, determinou a indicação de novo endereço para a realização da diligência, por decisão devidamente publicada na imprensa oficial. Considerando que o advogado do autor se manteve inerte por prazo superior a 30 dias, o processo foi julgado extinto, sem resolução do mérito, por abandono. Sabendo da impossibilidade de extinção do processo por abandono sem a prévia intimação pessoal da parte para dar regular andamento ao feito, o advogado do autor interpôs recurso de apelação. Assinale a opção que contém a correta natureza do vício apontado e o pedido adequado à pretensão recursal.', 'A');
insert into opcoes (num_exame, num_questao, letra_opcao, texto)
values(17, 54, 'A', 'Por se tratar de error in procedendo e a causa não estar madura para julgamento, o pedido recursal deve ser de anulação da sentença.');
insert into opcoes (num_exame, num_questao, letra_opcao, texto)
values(17, 54, 'B', 'Trata-se de erro material, que justifica o pedido de integração da sentença pelo Tribunal.');
insert into opcoes (num_exame, num_questao, letra_opcao, texto)
values(17, 54, 'C', 'Em se tratando de error in judicando, o pedido adequado, no caso sob exame, é de reforma da sentença.');
insert into opcoes (num_exame, num_questao, letra_opcao, texto)
values(17, 54, 'D', 'Trata-se de erro de procedimento, que justifica o pedido de julgamento do mérito da lide no estado em que se encontra.');
insert into questoes (num_exame, num_questao, enunciado, opcao_correta)
values(17, 55, 'Aloísio ajuizou ação de anulação de casamento em face de Júlia. No curso do processo, o juiz designou audiência de instrução e julgamento para colheita dos depoimentos pessoais de Aloísio e Júlia e oitiva das testemunhas. Considerando as regras sobre depoimento pessoal previstas no Código de Processo Civil, assinale a afirmativa correta.', 'A');
insert into opcoes (num_exame, num_questao, letra_opcao, texto)
values(17, 55, 'A', 'O Código de Processo Civil admite que Júlia se valha da escusa do dever de depor sobre fatos torpes que lhe forem imputados por Aloísio.');
insert into opcoes (num_exame, num_questao, letra_opcao, texto)
values(17, 55, 'B', 'Aloísio e Júlia, apesar de devidamente intimados, poderão se recusar a depor, sem que seja aplicada a pena de confissão, por ser o depoimento pessoal mero meio de prova.');
insert into opcoes (num_exame, num_questao, letra_opcao, texto)
values(17, 55, 'C', 'Aloísio e Júlia deverão responder pessoalmente sobre os fatos articulados, podendo consultar notas breves, desde que objetivem completar os esclarecimentos.');
insert into opcoes (num_exame, num_questao, letra_opcao, texto)
values(17, 55, 'D', 'O Código de Processo Civil veda expressamente que o juiz, de ofício, determine o comparecimento pessoal de Aloísio e Júlia, a fim de interrogá-los sobre os fatos da causa.');
insert into questoes (num_exame, num_questao, enunciado, opcao_correta)
values(17, 56, 'Mário foi citado em processo de execução, em virtude do descumprimento de obrigação consubstanciada em nota promissória por ele emitida. Alegando excesso de execução, por ter efetuado o pagamento parcial da dívida, Mário opôs embargos à execução. Sobre esses embargos, assinale a afirmativa correta.', 'A');
insert into opcoes (num_exame, num_questao, letra_opcao, texto)
values(17, 56, 'A', 'Constituem-se em ação autônoma, razão pela qual serão autuados e distribuídos livremente, em homenagem ao princípio do juiz natural.');
insert into opcoes (num_exame, num_questao, letra_opcao, texto)
values(17, 56, 'B', 'São cabíveis tanto nas execuções autônomas quanto no cumprimento de sentença.');
insert into opcoes (num_exame, num_questao, letra_opcao, texto)
values(17, 56, 'C', 'Em regra, suspendem a execução.');
insert into opcoes (num_exame, num_questao, letra_opcao, texto)
values(17, 56, 'D', 'Seu oferecimento independe de efetivação da penhora, depósito ou caução.');
insert into questoes (num_exame, num_questao, enunciado, opcao_correta)
values(17, 57, 'Em 21/08/2012, Felipe, empresário do ramo de restaurantes, contratou, por R$ 20 mil, mediante pagamento à vista, os serviços de içamento por guindaste da empresa Júnior e Júnior Ltda., a fim de que uma grande piscina fosse levada à cobertura de seu prédio. No contrato, restou definido que todos os serviços deveriam ser executados até o dia 05/11/2012, vez que Felipe havia programado uma festa de inauguração de seu mais novo empreendimento para 10/11/2012. Em 07/11/2012, sem que os serviços fossem executados, Felipe procura seu advogado, que ajuíza uma ação judicial. Sobre os fatos narrados, assinale a afirmativa correta.', 'A');
insert into opcoes (num_exame, num_questao, letra_opcao, texto)
values(17, 57, 'A', 'O juiz poderá fixar multa periódica (astreintes) para a efetivação da obrigação de se realizar os serviços de içamento, mesmo que não tenha havido pedido específico do autor nesse sentido.');
insert into opcoes (num_exame, num_questao, letra_opcao, texto)
values(17, 57, 'B', 'Fixado o valor da multa periódica por decisão judicial irrecorrida, seu montante não poderá ser alterado por força da preclusão temporal.');
insert into opcoes (num_exame, num_questao, letra_opcao, texto)
values(17, 57, 'C', 'O montante da multa periódica não poderá ultrapassar o do valor da causa, sob pena de enriquecimento ilícito de Felipe.');
insert into opcoes (num_exame, num_questao, letra_opcao, texto)
values(17, 57, 'D', 'Fixadas as astreintes pelo juiz, fica vedada a posterior cominação de multa por litigância de má-fé no mesmo processo, por se tratarem, ambas, de sanções de natureza processual.');
insert into questoes (num_exame, num_questao, enunciado, opcao_correta)
values(17, 58, 'Luan, servidor público do Estado de Minas Gerais, ajuizou ação contra a Fazenda Pública estadual, requerendo a devolução de verbas indevidamente descontadas em seu contracheque sob a rubrica de “contribuição obrigatória ao plano de saúde”. Na oportunidade, demonstrou que o Tribunal de Justiça de Minas Gerais (TJMG) já havia, em anterior ação individual proposta por Thales, outro servidor público estadual, reconhecido a inconstitucionalidade da lei estadual que previa esse desconto, e requereu, assim, a restituição das verbas não prescritas descontadas a tal título. Devidamente ajuizada junto à 1ª Vara de Feitos Tributários da cidade de Belo Horizonte/MG, e após regular tramitação, o magistrado singular acolheu a tese da ré e julgou improcedente o pedido exordial, tendo tal decisão transitado em julgado em 01/04/2012. Sobre os fatos descritos, assinale a afirmativa correta.', 'A');
insert into opcoes (num_exame, num_questao, letra_opcao, texto)
values(17, 58, 'A', 'Luan poderá se valer de ação anulatória, tendo em vista a manifesta injustiça da sentença.');
insert into opcoes (num_exame, num_questao, letra_opcao, texto)
values(17, 58, 'B', 'Se a inconstitucionalidade da lei estadual tivesse sido reconhecida, na ação proposta por Thales, pelo Supremo Tribunal Federal, Luan poderia ignorar a coisa julgada que lhe foi desfavorável.');
insert into opcoes (num_exame, num_questao, letra_opcao, texto)
values(17, 58, 'C', 'Luan poderá se valer de uma reclamação constitucional, tendo em vista o desrespeito, pela sentença, de posição jurisprudencial firmada pelo TJMG.');
insert into opcoes (num_exame, num_questao, letra_opcao, texto)
values(17, 58, 'D', 'Luan poderia se valer de uma ação rescisória, desde que, para tanto, demonstrasse que houve violação à lei, sendo- lhe vedado, nessa demanda, a rediscussão de matérias fáticas.');
insert into questoes (num_exame, num_questao, enunciado, opcao_correta)
values(17, 59, 'Reconhecida a prática de um injusto culpável, o juiz realiza o processo de individualização da pena, de acordo com o Art. 68 do Código Penal. Segundo a jurisprudência do Superior Tribunal de Justiça, assinale a afirmativa correta.', 'A');
insert into opcoes (num_exame, num_questao, letra_opcao, texto)
values(17, 59, 'A', 'A condenação com trânsito em julgado por crime praticado em data posterior ao delito pelo qual o agente está sendo julgado pode funcionar como maus antecedentes.');
insert into opcoes (num_exame, num_questao, letra_opcao, texto)
values(17, 59, 'B', 'Não se mostra possível a compensação da agravante da reincidência com a atenuante da confissão espontânea.');
insert into opcoes (num_exame, num_questao, letra_opcao, texto)
values(17, 59, 'C', 'Nada impede que a pena intermediária, na segunda fase do critério trifásico, fique acomodada abaixo do mínimo legal.');
insert into opcoes (num_exame, num_questao, letra_opcao, texto)
values(17, 59, 'D', 'O aumento da pena na terceira fase no roubo circunstanciado exige fundamentação concreta, sendo insuficiente a simples menção ao número de majorantes.');
insert into questoes (num_exame, num_questao, enunciado, opcao_correta)
values(17, 60, 'Marcus foi definitivamente condenado pela prática de um crime de roubo simples à pena privativa de liberdade de quatro anos de reclusão e multa de dez dias. Apesar de reincidente, em razão de condenação definitiva pretérita pelo delito de furto, Marcus confessou a prática do delito, razão pela qual sua pena foi fixada no mínimo legal. Após cumprimento de determinado período de sanção penal, pretende o apenado obter o benefício do livramento condicional. Considerando o crime praticado e a hipótese narrada, é correto afirmar que', 'A');
insert into opcoes (num_exame, num_questao, letra_opcao, texto)
values(17, 60, 'A', 'Marcus não faz jus ao livramento condicional, pois condenado por crime doloso praticado com violência ou grave ameaça à pessoa.');
insert into opcoes (num_exame, num_questao, letra_opcao, texto)
values(17, 60, 'B', 'O livramento condicional pode ser concedido pelo juiz da condenação logo quando proferida sentença condenatória.');
insert into opcoes (num_exame, num_questao, letra_opcao, texto)
values(17, 60, 'C', 'Não é cabível livramento condicional para Marcus, tendo em vista que é condenado reincidente em crime doloso.');
insert into opcoes (num_exame, num_questao, letra_opcao, texto)
values(17, 60, 'D', 'Ainda que praticada falta grave, Marcus não terá o seu prazo de contagem para concessão do livramento condicional interrompido.');
insert into questoes (num_exame, num_questao, enunciado, opcao_correta)
values(17, 61, 'Paulo pretende adquirir um automóvel por meio de sistema de financiamento junto a uma instituição bancária. Para tanto, dirige-se ao estabelecimento comercial para verificar as condições de financiamento e é informado que, quanto maior a renda bruta familiar, maior a dilação do prazo para pagamento e menores os juros. Decide, então, fazer falsa declaração de parentesco ao preencher a ficha cadastral, a fim de aumentar a renda familiar informada, vindo, assim, a obter o financiamento nas condições pretendidas. Considerando a situação narrada e os crimes contra a fé pública, é correto afirmar que Paulo cometeu o delito de', 'A');
insert into opcoes (num_exame, num_questao, letra_opcao, texto)
values(17, 61, 'A', 'falsificação material de documento público.');
insert into opcoes (num_exame, num_questao, letra_opcao, texto)
values(17, 61, 'B', 'falsidade ideológica.');
insert into opcoes (num_exame, num_questao, letra_opcao, texto)
values(17, 61, 'C', 'falsificação material de documento particular.');
insert into opcoes (num_exame, num_questao, letra_opcao, texto)
values(17, 61, 'D', 'falsa identidade.');
insert into questoes (num_exame, num_questao, enunciado, opcao_correta)
values(17, 62, 'Marcondes, necessitando de dinheiro para comparecer a uma festa no bairro em que residia, decide subtrair R$ 1.000,00 do caixa do açougue de propriedade de seu pai. Para isso, aproveita-se da ausência de seu genitor, que, naquele dia, comemorava seu aniversário de 63 anos, para arrombar a porta do estabelecimento e subtrair a quantia em espécie necessária. Analisando a situação fática, é correto afirmar que', 'A');
insert into opcoes (num_exame, num_questao, letra_opcao, texto)
values(17, 62, 'A', 'Marcondes não será condenado pela prática de crime, pois é isento de pena, em razão da escusa absolutória.');
insert into opcoes (num_exame, num_questao, letra_opcao, texto)
values(17, 62, 'B', 'Marcondes deverá responder pelo crime de furto de coisa comum, por ser herdeiro de seu pai.');
insert into opcoes (num_exame, num_questao, letra_opcao, texto)
values(17, 62, 'C', 'Marcondes deverá responder pelo crime de furto qualificado.');
insert into opcoes (num_exame, num_questao, letra_opcao, texto)
values(17, 62, 'D', 'Marcondes deverá responder pelos crimes de dano e furto simples em concurso formal.');
insert into questoes (num_exame, num_questao, enunciado, opcao_correta)
values(17, 63, 'Durante um assalto a uma instituição bancária, Antônio e Francisco, gerentes do estabelecimento, são feitos reféns. Tendo ciência da condição deles de gerentes e da necessidade de que suas digitais fossem inseridas em determinado sistema para abertura do cofre, os criminosos colocam, à força, o dedo de Antônio no local necessário, abrindo, com isso, o cofre e subtraindo determinada quantia em dinheiro. Além disso, sob a ameaça de morte da esposa de Francisco, exigem que este saia do banco, levando a sacola de dinheiro juntamente com eles, enquanto apontam uma arma de fogo para os policiais que tentavam efetuar a prisão dos agentes. Analisando as condutas de Antônio e Francisco, com base no conceito tripartido de crime, é correto afirmar que', 'A');
insert into opcoes (num_exame, num_questao, letra_opcao, texto)
values(17, 63, 'A', 'Antônio não responderá pelo crime por ausência de tipicidade, enquanto Francisco não responderá por ausência de ilicitude em sua conduta.');
insert into opcoes (num_exame, num_questao, letra_opcao, texto)
values(17, 63, 'B', 'Antônio não responderá pelo crime por ausência de ilicitude, enquanto Francisco não responderá por ausência de culpabilidade em sua conduta.');
insert into opcoes (num_exame, num_questao, letra_opcao, texto)
values(17, 63, 'C', 'Antônio não responderá pelo crime por ausência de tipicidade, enquanto Francisco não responderá por ausência de culpabilidade em sua conduta.');
insert into opcoes (num_exame, num_questao, letra_opcao, texto)
values(17, 63, 'D', 'Ambos não responderão pelo crime por ausência de culpabilidade em suas condutas.');
insert into questoes (num_exame, num_questao, enunciado, opcao_correta)
values(17, 64, 'Cristiane, revoltada com a traição de seu marido, Pedro, decide matá-lo. Para tanto, resolve esperar que ele adormeça para, durante a madrugada, acabar com sua vida. Por volta das 22h, Pedro deita para ver futebol na sala da residência do casal. Quando chega à sala, Cristiane percebe que Pedro estava deitado sem se mexer no sofá. Acreditando estar dormindo, desfere 10 facadas em seu peito. Nervosa e arrependida, liga para o hospital e, com a chegada dos médicos, é informada que o marido faleceu. O laudo de exame cadavérico, porém, constatou que Pedro havia falecido momentos antes das facadas em razão de um infarto fulminante. Cristiane, então, foi denunciada por tentativa de homicídio. Você, advogado(a) de Cristiane, deverá alegar em seu favor a ocorrência de', 'A');
insert into opcoes (num_exame, num_questao, letra_opcao, texto)
values(17, 64, 'A', 'crime impossível por absoluta impropriedade do objeto.');
insert into opcoes (num_exame, num_questao, letra_opcao, texto)
values(17, 64, 'B', 'desistência voluntária.');
insert into opcoes (num_exame, num_questao, letra_opcao, texto)
values(17, 64, 'C', 'arrependimento eficaz.');
insert into opcoes (num_exame, num_questao, letra_opcao, texto)
values(17, 64, 'D', 'crime impossível por ineficácia do meio.');
insert into questoes (num_exame, num_questao, enunciado, opcao_correta)
values(17, 65, 'No dia 01/04/2014, Natália recebeu cinco facadas em seu abdômen, golpes estes que foram a causa eficiente de sua morte. Para investigar a autoria do delito, foi instaurado inquérito policial e foram realizadas diversas diligências, dentre as quais se destacam a oitiva dos familiares e amigos da vítima e exame pericial no local. Mesmo após todas essas medidas, não foi possível obter indícios suficientes de autoria, razão pela qual o inquérito policial foi arquivado pela autoridade judiciária por falta de justa causa, em 06/10/2014, após manifestação nesse sentido da autoridade policial e do Ministério Público. Ocorre que, em 05/01/2015, a mãe de Natália encontrou, entre os bens da filha que ainda guardava, uma carta escrita por Bruno, ex- namorado de Natália, em 30/03/2014, em que ele afirmava que ela teria 24 horas para retomar o relacionamento amoroso ou deveria arcar com as consequências. A referida carta foi encaminhada para a autoridade policial. Nesse caso,', 'A');
insert into opcoes (num_exame, num_questao, letra_opcao, texto)
values(17, 65, 'A', 'nada poderá ser feito, pois o arquivamento do inquérito policial fez coisa julgada material.');
insert into opcoes (num_exame, num_questao, letra_opcao, texto)
values(17, 65, 'B', 'a carta escrita por Bruno pode ser considerada prova nova e justificar o desarquivamento do inquérito pela autoridade competente.');
insert into opcoes (num_exame, num_questao, letra_opcao, texto)
values(17, 65, 'C', 'nada poderá ser feito, pois a carta escrita antes do arquivamento não pode ser considerada prova nova.');
insert into opcoes (num_exame, num_questao, letra_opcao, texto)
values(17, 65, 'D', 'pela falta de justa causa, o arquivamento poderia ter sido determinado diretamente pela autoridade policial, independentemente de manifestação do Ministério Público ou do juiz.');
insert into questoes (num_exame, num_questao, enunciado, opcao_correta)
values(17, 66, 'Após regular instrução processual, Flávio foi condenado pela prática do crime de tráfico ilícito de entorpecentes a uma pena privativa de liberdade de cinco anos de reclusão, a ser cumprida em regime inicial fechado, e 500 dias-multa. Intimado da sentença, sem assistência da defesa técnica, Flávio renunciou ao direito de recorrer, pois havia confessado a prática delitiva. Rafael, advogado de Flávio, porém, interpôs recurso de apelação dentro do prazo legal, buscando a mudança do regime de pena. Neste caso, é correto dizer que o recurso apresentado por Rafael', 'A');
insert into opcoes (num_exame, num_questao, letra_opcao, texto)
values(17, 66, 'A', 'não poderá ser conhecido, pois houve renúncia por parte de Flávio, mas nada impede que o Tribunal, de ofício, melhore a situação do acusado.');
insert into opcoes (num_exame, num_questao, letra_opcao, texto)
values(17, 66, 'B', 'deverá ser conhecido, pois não é admissível a renúncia ao direito de recorrer, no âmbito do processo penal.');
insert into opcoes (num_exame, num_questao, letra_opcao, texto)
values(17, 66, 'C', 'não poderá ser conhecido, pois a renúncia expressa de Flávio não pode ser retratada, não podendo o Tribunal, de ofício, alterar a decisão do magistrado.');
insert into opcoes (num_exame, num_questao, letra_opcao, texto)
values(17, 66, 'D', 'deverá ser conhecido, pois a renúncia foi manifestada sem assistência do defensor.');
insert into questoes (num_exame, num_questao, enunciado, opcao_correta)
values(17, 67, 'Durante 35 anos, Ricardo exerceu a função de juiz de direito junto ao Tribunal de Justiça de Minas Gerais. Contudo, no ano de 2012, decidiu se aposentar e passou a morar em Florianópolis, Santa Catarina. No dia 22/01/2015, travou uma discussão com seu vizinho e acabou por ser autor de um crime de lesão corporal seguida de morte, consumado na cidade em que reside. Oferecida a denúncia, de acordo com a jurisprudência majoritária dos Tribunais Superiores, será competente para julgar Ricardo', 'A');
insert into opcoes (num_exame, num_questao, letra_opcao, texto)
values(17, 67, 'A', 'o Tribunal de Justiça do Estado de Minas Gerais.');
insert into opcoes (num_exame, num_questao, letra_opcao, texto)
values(17, 67, 'B', 'uma das Varas Criminais de Florianópolis.');
insert into opcoes (num_exame, num_questao, letra_opcao, texto)
values(17, 67, 'C', 'o Tribunal de Justiça de Santa Catarina.');
insert into opcoes (num_exame, num_questao, letra_opcao, texto)
values(17, 67, 'D', 'o Tribunal do Júri de Florianópolis.');
insert into questoes (num_exame, num_questao, enunciado, opcao_correta)
values(17, 68, 'Carlos foi indiciado pela prática de um crime de lesão corporal grave, que teria como vítima Jorge. Após o prazo de 30 dias, a autoridade policial elaborou relatório conclusivo e encaminhou o procedimento para o Ministério Público. O promotor com atribuição concluiu que não existiam indícios de autoria e materialidade, razão pela qual requereu o arquivamento. Inconformado com a manifestação, Jorge contratou advogado e propôs ação penal privada subsidiária da pública. Nesse caso, é correto afirmar que', 'A');
insert into opcoes (num_exame, num_questao, letra_opcao, texto)
values(17, 68, 'A', 'caso a queixa seja recebida, o Ministério Público não poderá aditá-la ou interpor recurso no curso do processo.');
insert into opcoes (num_exame, num_questao, letra_opcao, texto)
values(17, 68, 'B', 'caso a queixa seja recebida, havendo negligência do querelante, deverá ser reconhecida a perempção.');
insert into opcoes (num_exame, num_questao, letra_opcao, texto)
values(17, 68, 'C', 'a queixa proposta deve ser rejeitada pelo magistrado, pois não houve inércia do Ministério Público.');
insert into opcoes (num_exame, num_questao, letra_opcao, texto)
values(17, 68, 'D', 'a queixa proposta deve ser rejeitada pelo magistrado, tendo em vista que o instituto da ação penal privada subsidiária da pública não foi recepcionado pela Constituição Federal.');
insert into questoes (num_exame, num_questao, enunciado, opcao_correta)
values(17, 69, 'Marcelo foi denunciado pela prática de um crime de furto. Entendendo que não haveria justa causa, antes mesmo de citar o acusado, o magistrado não recebeu a denúncia. Diante disso, o Ministério Público interpôs o recurso adequado. Analisando a hipótese, é correto afirmar que', 'A');
insert into opcoes (num_exame, num_questao, letra_opcao, texto)
values(17, 69, 'A', 'o recurso apresentado pelo Ministério Público foi de apelação.');
insert into opcoes (num_exame, num_questao, letra_opcao, texto)
values(17, 69, 'B', 'apesar de ainda não ter sido citado, Marcelo deve ser intimado para apresentar contrarrazões ao recurso, sob pena de nulidade.');
insert into opcoes (num_exame, num_questao, letra_opcao, texto)
values(17, 69, 'C', 'mantida a decisão do magistrado pelo Tribunal, não poderá o Ministério Público oferecer nova denúncia pelo mesmo fato, ainda que surjam provas novas.');
insert into opcoes (num_exame, num_questao, letra_opcao, texto)
values(17, 69, 'D', 'antes da rejeição da denúncia, deveria o magistrado ter citado o réu para apresentar resposta à acusação.');
insert into questoes (num_exame, num_questao, enunciado, opcao_correta)
values(17, 70, 'Henrique é técnico de segurança do trabalho da sociedade empresária ALFA e irá aproveitar 20 dias de férias, pois decidiu converter 10 dias de férias em dinheiro. No seu lugar, assumindo de forma plena as tarefas, ficará Vítor, seu melhor assistente e subordinado. Nesse caso, durante o período de férias e de acordo com o entendimento do TST,', 'A');
insert into opcoes (num_exame, num_questao, letra_opcao, texto)
values(17, 70, 'A', 'Vítor não receberá o mesmo salário, porque a substituição é eventual, por apenas 20 dias.');
insert into opcoes (num_exame, num_questao, letra_opcao, texto)
values(17, 70, 'B', 'Vítor terá direito ao mesmo salário de Henrique, pois a substituição não é eventual.');
insert into opcoes (num_exame, num_questao, letra_opcao, texto)
values(17, 70, 'C', 'Vítor terá direito ao seu salário e ao de Henrique, porque há acúmulo de funções.');
insert into opcoes (num_exame, num_questao, letra_opcao, texto)
values(17, 70, 'D', 'a situação retratada é ilegal, tratando-se de desvio de função, vedado pelo ordenamento jurídico');
insert into questoes (num_exame, num_questao, enunciado, opcao_correta)
values(17, 71, 'Josué e Marcos são funcionários da sociedade empresária Empreendimento Seguro Ltda., especializada em consultoria em segurança do trabalho e prevenção de acidentes. No ambiente de trabalho de ambos, também ficam outros 10 funcionários, havendo placas de proibição de fumar, o que era frisado na contratação de cada empregado. O superior hierárquico de todos esses funcionários dividiu as atribuições de cada um, cabendo a Marcos a elaboração da estatística de acidentes ocorridos nos últimos dois anos, tarefa a ser executada em quatro dias. Ao final do prazo, ao entrar na sala, o chefe viu Josué fumando um cigarro. Em seguida, ao questionar Marcos sobre a tarefa, teve como resposta que ele não a tinha executado porque não gostava de fazer estatísticas. Diante do caso, assinale a afirmativa correta.', 'A');
insert into opcoes (num_exame, num_questao, letra_opcao, texto)
values(17, 71, 'A', 'Josué e Marcos são passíveis de ser dispensados por justa causa, respectivamente por atos de indisciplina e insubordinação.');
insert into opcoes (num_exame, num_questao, letra_opcao, texto)
values(17, 71, 'B', 'Ambos praticaram ato de indisciplina.');
insert into opcoes (num_exame, num_questao, letra_opcao, texto)
values(17, 71, 'C', 'Ambos praticaram ato de insubordinação.');
insert into opcoes (num_exame, num_questao, letra_opcao, texto)
values(17, 71, 'D', 'A conduta de ambos não encontra tipificação legal passível de dispensa por justa causa.');
insert into questoes (num_exame, num_questao, enunciado, opcao_correta)
values(17, 72, 'Verônica foi contratada, a título de experiência, por 30 dias. Após 22 dias de vigência do contrato, o empregador resolveu romper antecipadamente o contrato, que não possuía cláusula assecuratória do direito recíproco de rescisão. Sobre o caso, de acordo com a Lei de Regência, assinale a opção correta.', 'A');
insert into opcoes (num_exame, num_questao, letra_opcao, texto)
values(17, 72, 'A', 'O contrato é irregular, pois o contrato de experiência deve ser feito por 90 dias.');
insert into opcoes (num_exame, num_questao, letra_opcao, texto)
values(17, 72, 'B', 'Verônica terá direito à remuneração, e por metade, a que teria direito até o termo do contrato.');
insert into opcoes (num_exame, num_questao, letra_opcao, texto)
values(17, 72, 'C', 'Verônica, como houve ruptura antecipada, terá direito ao aviso prévio e à sua integração ao contrato de trabalho.');
insert into opcoes (num_exame, num_questao, letra_opcao, texto)
values(17, 72, 'D', 'O contrato se transformou em contrato por prazo indeterminado, porque ultrapassou metade da sua vigência.');
insert into questoes (num_exame, num_questao, enunciado, opcao_correta)
values(17, 73, 'Lúcio é enfermeiro num hospital e, após cumprir seu expediente normal de 8 horas de serviço, tratando dos pacientes enfermos, recebe solicitação para prosseguir no trabalho, realizando hora extra. Lúcio se nega, afirmando que a prorrogação não foi autorizada pelo órgão competente do Ministério do Trabalho e do Emprego. Diante desse impasse e de acordo com a CLT, marque a afirmativa correta.', 'A');
insert into opcoes (num_exame, num_questao, letra_opcao, texto)
values(17, 73, 'A', 'Lúcio está errado, pois seu dever é de colaboração para com o empregador. A resistência injustificada à sobrejornada dá margem à ruptura por justa causa, por ato de insubordinação.');
insert into opcoes (num_exame, num_questao, letra_opcao, texto)
values(17, 73, 'B', 'Lúcio está correto, pois é pacífico e sumulado o entendimento de que nenhum empregado é obrigado a realizar horas extras.');
insert into opcoes (num_exame, num_questao, letra_opcao, texto)
values(17, 73, 'C', 'Lúcio está errado, pois a legislação em vigor não exige que eventual realização de hora extra seja antecedida de qualquer autorização de órgão governamental.');
insert into opcoes (num_exame, num_questao, letra_opcao, texto)
values(17, 73, 'D', 'Lúcio está correto, pois, tratando-se de atividade insalubre, a prorrogação de jornada precisa ser previamente autorizada pela autoridade competente.');
insert into questoes (num_exame, num_questao, enunciado, opcao_correta)
values(17, 74, 'Jonas é empregado da sociedade empresária Ômega. Entendendo seu empregador por romper seu contrato de trabalho, optou por promover sua imediata demissão, com pagamento do aviso prévio na forma indenizada. Transcorridos 10 dias de pagamento das verbas rescisórias, Jonas se candidatou a dirigente do sindicato da sua categoria e foi eleito presidente na mesma data. Sobre a hipótese apresentada, de acordo com o entendimento consolidado do TST, assinale a afirmativa correta.', 'A');
insert into opcoes (num_exame, num_questao, letra_opcao, texto)
values(17, 74, 'A', 'Jonas poderá ser desligado ao término do aviso prévio, pois não possui garantia no emprego.');
insert into opcoes (num_exame, num_questao, letra_opcao, texto)
values(17, 74, 'B', 'Jonas tem garantia no emprego por determinação legal, porque, pelo fato superveniente, o aviso prévio perde seu efeito.');
insert into opcoes (num_exame, num_questao, letra_opcao, texto)
values(17, 74, 'C', 'Jonas passou a ser portador de garantia no emprego, não podendo ter o contrato rompido.');
insert into opcoes (num_exame, num_questao, letra_opcao, texto)
values(17, 74, 'D', 'Jonas somente poderá ser dispensado se houver concordância do sindicato de classe obreiro.');
insert into questoes (num_exame, num_questao, enunciado, opcao_correta)
values(17, 75, 'Maria trabalha para a sociedade empresária Alfa S.A. como chefe de departamento. Então, é informada pelo empregador que será transferida de forma definitiva para uma nova unidade da empresa, localizada em outro estado da Federação. Para tanto, Maria, obrigatoriamente, terá de alterar o seu domicílio. Diante da situação retratada e do entendimento consolidado do TST, assinale a afirmativa correta.', 'A');
insert into opcoes (num_exame, num_questao, letra_opcao, texto)
values(17, 75, 'A', 'Maria receberá adicional de, no mínimo, 25%, mas tal valor, por ter natureza indenizatória, não será integrado ao salário para fim algum.');
insert into opcoes (num_exame, num_questao, letra_opcao, texto)
values(17, 75, 'B', 'A empregada não fará jus ao adicional de transferência porque a transferência é definitiva, o que afasta o direito.');
insert into opcoes (num_exame, num_questao, letra_opcao, texto)
values(17, 75, 'C', 'A obreira terá direito ao adicional de transferência, mas não à ajuda de custo, haja vista o caráter permanente da alteração.');
insert into opcoes (num_exame, num_questao, letra_opcao, texto)
values(17, 75, 'D', 'Maria receberá adicional de transferência de 25% do seu salário enquanto permanecer na outra localidade.');
insert into questoes (num_exame, num_questao, enunciado, opcao_correta)
values(17, 76, 'José é empregado da sociedade empresária Bicicletas Ltda. Necessitando de dinheiro, ele vendeu seu automóvel para seu patrão, sócio da socidade empresária. Para sua surpresa, foi dispensado imotivadamente 4 meses depois. Para garantir o pagamento de horas extras trabalhadas e não pagas, Jonas ajuizou ação trabalhista contra a sociedade empresária Bicicletas Ltda. A defesa da ré aduziu que não devia nenhuma hora extra a Jonas, pois o automóvel vendido ao sócio da ré apresentou defeito no motor, o que gerou prejuízo enorme para ele, razão pela qual tudo deveria ser compensado. Diante disso, assinale a afirmativa correta.', 'A');
insert into opcoes (num_exame, num_questao, letra_opcao, texto)
values(17, 76, 'A', 'Descabe a condenação em horas extras, dado o prejuízo causado, tendo em vista a vedação ao enriquecimento sem causa.');
insert into opcoes (num_exame, num_questao, letra_opcao, texto)
values(17, 76, 'B', 'Descabe a arguição de compensação de qualquer natureza na Justiça do Trabalho, pois contrária ao princípio de proteção ao hipossuficiente.');
insert into opcoes (num_exame, num_questao, letra_opcao, texto)
values(17, 76, 'C', 'Descabe a compensação, porque a dívida imputada a José não é trabalhista, devidas assim as horas extras na integralidade.');
insert into opcoes (num_exame, num_questao, letra_opcao, texto)
values(17, 76, 'D', 'Cabe a compensação, desde que arguída em ação própria.');
insert into questoes (num_exame, num_questao, enunciado, opcao_correta)
values(17, 77, 'Brenda aufere um salário mínimo e meio e ajuizou reclamação trabalhista contra o empregador, postulando diversas verbas que entende fazer jus. Na petição inicial, não houve requerimento de gratuidade de justiça nem declaração de miserabilidade jurídica. O pedido foi julgado improcedente, mas, na sentença, o juiz concedeu, de ofício, a gratuidade de justiça. Diante da situação e do comando legal, assinale a afirmativa correta.', 'A');
insert into opcoes (num_exame, num_questao, letra_opcao, texto)
values(17, 77, 'A', 'Houve julgamento extra petita no tocante à gratuidade, atraindo a nulidade do julgado, já que isso não foi requerido na petição inicial.');
insert into opcoes (num_exame, num_questao, letra_opcao, texto)
values(17, 77, 'B', 'A Lei é omissa a respeito, daí porque o juiz, invocando o princípio da proteção, poderia conceder espontaneamente a gratuidade de justiça.');
insert into opcoes (num_exame, num_questao, letra_opcao, texto)
values(17, 77, 'C', 'A sociedade empresária poderia recorrer para ver reformada a sentença, no tocante à concessão espontânea da gratuidade de justiça, tratando-se de julgamento ultra petita.');
insert into opcoes (num_exame, num_questao, letra_opcao, texto)
values(17, 77, 'D', 'O juiz agiu dentro do padrão legal, pois é possível a concessão da gratuidade de justiça de ofício, desde que presentes os requisitos legais, como era o caso.');
insert into questoes (num_exame, num_questao, enunciado, opcao_correta)
values(17, 78, 'A papelaria Monte Fino Ltda. foi condenada numa reclamação trabalhista movida pelo ex-empregado Sérgio Silva. Uma das parcelas reivindicadas e deferidas foi o 13º salário, que a sociedade empresária insistia haver pago, mas não tinha o recibo em mãos porque houve um assalto na sociedade empresária, quando os bandidos levaram o cofre, as matérias- primas e todos os arquivos com a contabilidade e os documentos da sociedade empresária. Recuperados os arquivos pela polícia, agora, no momento do recurso, a Monte Fino Ltda. pretende juntar o recibo provando o pagamento, inclusive porque a sentença nada mencionou acerca da possível dedução de valores pagos sob o mesmo título. De acordo com o caso apresentado e o entendimento jurisprudencial consolidado, assinale a afirmativa correta.', 'A');
insert into opcoes (num_exame, num_questao, letra_opcao, texto)
values(17, 78, 'A', 'É possível a juntada do documento no caso concreto, porque provado o justo impedimento para sua oportuna apresentação.');
insert into opcoes (num_exame, num_questao, letra_opcao, texto)
values(17, 78, 'B', 'O momento de apresentação da prova documental já se esgotou, não sendo possível fazê-lo em sede de recurso.');
insert into opcoes (num_exame, num_questao, letra_opcao, texto)
values(17, 78, 'C', 'Pelo princípio da primazia da realidade, qualquer documento pode ser apresentado com sucesso em qualquer grau de jurisdição, inclusive na fase de execução, independentemente de justificativa.');
insert into opcoes (num_exame, num_questao, letra_opcao, texto)
values(17, 78, 'D', 'Há preclusão, e o juiz não pode aceitar a produção da prova em razão do princípio da proteção, pois isso diminuiria a condenação.');
insert into questoes (num_exame, num_questao, enunciado, opcao_correta)
values(17, 79, 'A sociedade empresária Beta S.A. teve a falência decretada durante a tramitação de uma reclamação trabalhista, fato devidamente informado ao juízo. Depois de julgado procedente em parte o pedido de diferenças de horas extras e de parcelas recisórias, nenhuma das partes recorreu da sentença, que transitou em julgado dessa forma. Teve, então, início a execução, com a apresentação dos cálculos pelo autor e posterior homologação pelo juiz. Diante da situação, assinale a afirmativa correta.', 'A');
insert into opcoes (num_exame, num_questao, letra_opcao, texto)
values(17, 79, 'A', 'Há equívoco, pois, a partir da decretação da falência, a ação trabalhista passa a ser da competência do juízo falimentar, que deve proferir a sentença.');
insert into opcoes (num_exame, num_questao, letra_opcao, texto)
values(17, 79, 'B', 'O pagamento do valor homologado deverá ser feito no juízo da falência, que é universal.');
insert into opcoes (num_exame, num_questao, letra_opcao, texto)
values(17, 79, 'C', 'A execução será feita diretamente na Justiça do Trabalho, porque o título executivo foi criado pelo Juiz do Trabalho.');
insert into opcoes (num_exame, num_questao, letra_opcao, texto)
values(17, 79, 'D', 'Essa é a única hipótese de competência concorrente, ou seja, poderá ser executado tanto na Justiça do Trabalho quanto na Justiça comum.');
insert into questoes (num_exame, num_questao, enunciado, opcao_correta)
values(17, 80, 'No bojo de uma execução trabalhista, a sociedade empresária executada apresentou uma exceção de pré-executividade, alegando não ter sido citada para a fase de conhecimento. Em razão disso, requereu a nulidade de todo o processo, desde a citação inicial. O juiz conferiu vista à parte contrária para manifestação e, em seguida, determinou a conclusão dos autos. Após analisar as razões da parte e as provas produzidas, convenceu-se de que a alegação da sociedade empresária era correta e, assim, anulou todo o feito desde o início. Diante desse quadro, assinale a afirmativa correta.', 'A');
insert into opcoes (num_exame, num_questao, letra_opcao, texto)
values(17, 80, 'A', 'Contra essa decisão caberá agravo de petição.');
insert into opcoes (num_exame, num_questao, letra_opcao, texto)
values(17, 80, 'B', 'Trata-se de decisão interlocutória e, portanto, não passível de recurso imediato.');
insert into opcoes (num_exame, num_questao, letra_opcao, texto)
values(17, 80, 'C', 'Caberá a interposição de recurso ordinário.');
insert into opcoes (num_exame, num_questao, letra_opcao, texto)
values(17, 80, 'D', 'Caberá a interposição de agravo de instrumento.');
commit;
insert into exames (num_exame, url_exame, url_gabarito, data)
values(18, 'https://dpmzos25m8ivg.cloudfront.net/617/29112015184841_CADERNO_TIPO_1_XVIII_EXAME.pdf', 'https://dpmzos25m8ivg.cloudfront.net/617/29112015184750_GABARITOS%20PRELIMIARES_XVIII_EXAME_DE_ORDEM.pdf', 'Sun Nov 29 00:00:00 BRST 2015');
insert into questoes (num_exame, num_questao, enunciado, opcao_correta)
values(18, 1, 'Paulo é contratado por Pedro para promover ação com pedido condenatório em face de Alexandre, por danos causados ao animal de sua propriedade. Em decorrência do processo, houve condenação do réu ao pagamento de indenização ao autor, fixados honorários de sucumbência correspondentes a dez por cento do apurado em cumprimento de sentença. O réu ofertou apelação contra a sentença proferida na fase cognitiva. Ainda pendente o julgamento do recurso, Pedro decide revogar o mandato judicial conferido a Paulo, desobrigando-se de pagar os honorários contratualmente ajustados. Nos termos do Código de Ética da OAB, a revogação do mandato judicial, por vontade de Pedro,', 'A');
insert into opcoes (num_exame, num_questao, letra_opcao, texto)
values(18, 1, 'A', 'não o desobriga do pagamento das verbas honorárias contratadas.');
insert into opcoes (num_exame, num_questao, letra_opcao, texto)
values(18, 1, 'B', 'desobriga-o do pagamento das verbas honorárias contratadas.');
insert into opcoes (num_exame, num_questao, letra_opcao, texto)
values(18, 1, 'C', 'desobriga-o do pagamento das verbas honorárias contratadas e da verba sucumbencial.');
insert into opcoes (num_exame, num_questao, letra_opcao, texto)
values(18, 1, 'D', 'não o desobriga do pagamento das verbas honorárias sucumbenciais, mas o desobriga das verbas contratadas.');
insert into questoes (num_exame, num_questao, enunciado, opcao_correta)
values(18, 2, 'Os advogados criminalistas X e Y atuavam em diversas ações penais e inquéritos em favor de um grupo de pessoas acusadas de pertencer a determinada organização criminosa, supostamente destinada ao tráfico de drogas. Ao perceber que não havia outros meios disponíveis para a obtenção de provas contra os investigados, o juiz, no âmbito de um dos inquéritos instaurados para investigar o grupo, atendendo à representação da autoridade policial e considerando manifestação favorável do Ministério Público, determinou o afastamento do sigilo telefônico dos advogados constituídos nos autos dos aludidos procedimentos, embora não houvesse indícios da prática de crimes por estes últimos. As conversas entre os investigados e seus advogados, bem como aquelas havidas entre os advogados X e Y, foram posteriormente usadas para fundamentar a denúncia oferecida contra seus clientes. Considerando-se a hipótese apresentada, assinale a afirmativa correta.', 'A');
insert into opcoes (num_exame, num_questao, letra_opcao, texto)
values(18, 2, 'A', 'A prova é lícita, pois não havia outro meio disponível para a obtenção de provas.');
insert into opcoes (num_exame, num_questao, letra_opcao, texto)
values(18, 2, 'B', 'A prova é lícita, pois tratava-se de investigação de prática de crime cometido no âmbito de organização criminosa.');
insert into opcoes (num_exame, num_questao, letra_opcao, texto)
values(18, 2, 'C', 'Considerando que não havia outro meio disponível para a obtenção de provas, bem como que se tratava de investigação de prática de crime cometido no âmbito de organização criminosa, é ilícita a prova obtida a partir dos diálogos havidos entre os advogados e seus clientes. É, no entanto, lícita a prova obtida a partir dos diálogos havidos entre os advogados X e Y.');
insert into opcoes (num_exame, num_questao, letra_opcao, texto)
values(18, 2, 'D', 'A prova é ilícita, uma vez que as comunicações telefônicas do advogado são invioláveis quando disserem respeito ao exercício da profissão, bem como se não houver indícios da prática de crime pelo advogado.');
insert into questoes (num_exame, num_questao, enunciado, opcao_correta)
values(18, 3, 'A advogada Ana retirou de cartório os autos de determinado processo de conhecimento em que representava a parte ré, para apresentar contestação. Protocolou a petição tempestivamente, mas deixou de devolver os autos em seguida por esquecimento, só o fazendo após ficar pouco mais de um mês com os autos em seu poder. Ao perceber que Ana não devolvera os autos imediatamente após cumprir o prazo, o magistrado exarou despacho pelo qual a advogada foi proibida de retirar novamente os autos do cartório em carga, até o final do processo. Nos termos do Estatuto da Advocacia, deve-se assentar quanto à sanção disciplinar que', 'A');
insert into opcoes (num_exame, num_questao, letra_opcao, texto)
values(18, 3, 'A', 'não se aplica porque Ana não chegou a ser intimada a devolver os autos.');
insert into opcoes (num_exame, num_questao, letra_opcao, texto)
values(18, 3, 'B', 'não se aplica porque Ana ficou menos de três meses com os autos em seu poder.');
insert into opcoes (num_exame, num_questao, letra_opcao, texto)
values(18, 3, 'C', 'aplica-se porque Ana reteve abusivamente os autos em seu poder.');
insert into opcoes (num_exame, num_questao, letra_opcao, texto)
values(18, 3, 'D', 'aplica-se porque Ana não poderia ter retirado os autos de cartório para cumprir o prazo assinalado para contestação.');
insert into questoes (num_exame, num_questao, enunciado, opcao_correta)
values(18, 4, 'Fernanda, estudante do 8º período de Direito, requereu inscrição junto à Seccional da OAB do estado onde reside. A inscrição foi indeferida, em razão de Fernanda ser serventuária do Tribunal de Justiça do estado. Fernanda recorreu da decisão, alegando que preenche todos os requisitos exigidos em lei para a inscrição de estagiário e que o exercício de cargo incompatível com a advocacia não impede a inscrição do estudante de Direito como estagiário. Merece ser revista a decisão que indeferiu a inscrição de estagiário de Fernanda?', 'A');
insert into opcoes (num_exame, num_questao, letra_opcao, texto)
values(18, 4, 'A', 'Sim, pois Fernanda exerce cargo incompatível com a advocacia e não com a realização de estágio.');
insert into opcoes (num_exame, num_questao, letra_opcao, texto)
values(18, 4, 'B', 'Não, pois as incompatibilidades previstas em lei para o exercício da advocacia também devem ser observadas quando do requerimento de inscrição de estagiário.');
insert into opcoes (num_exame, num_questao, letra_opcao, texto)
values(18, 4, 'C', 'Sim, pois o cargo de serventuário do Tribunal de Justiça não é incompatível com a advocacia, menos ainda com a realização de estágio.');
insert into opcoes (num_exame, num_questao, letra_opcao, texto)
values(18, 4, 'D', 'Não, pois apenas estudantes do último período do curso de Direito podem requerer inscrição como estagiários.');
insert into questoes (num_exame, num_questao, enunciado, opcao_correta)
values(18, 5, 'Determinada causa em que se discutia a guarda de dois menores estava confiada ao advogado Álvaro, que trabalhava sozinho em seu escritório. Aproveitando o período de recesso forense e considerando que não teria prazos a cumprir ou atos processuais designados durante esse período, Álvaro realizou viagem para visitar a família no interior do estado. Alguns dias depois de sua partida, ainda durante o período de recesso, instalou-se situação que demandaria a tomada de medidas urgentes no âmbito da mencionada ação de guarda. O cliente de Álvaro, considerando que seu advogado se encontrava fora da cidade, procurou outro advogado, Paulo, para que a medida judicial necessária fosse tomada, recorrendo-se ao plantão judiciário. Paulo não conseguiu falar com Álvaro para avisar que atuaria na causa em que este último estava constituído, mas aceitou procuração do cliente assim mesmo e tomou a providência cabível. Poderia Paulo ter atuado na causa sem o conhecimento e a anuência de Álvaro?', 'A');
insert into opcoes (num_exame, num_questao, letra_opcao, texto)
values(18, 5, 'A', 'Paulo poderia ter atuado naquela causa apenas para tomar a medida urgente cabível.');
insert into opcoes (num_exame, num_questao, letra_opcao, texto)
values(18, 5, 'B', 'Paulo poderia ter atuado na causa, ainda que não houvesse providência urgente a tomar, uma vez que o advogado constituído estava viajando.');
insert into opcoes (num_exame, num_questao, letra_opcao, texto)
values(18, 5, 'C', 'Paulo não poderia ter atuado na causa, pois o advogado não pode aceitar procuração de quem já tenha patrono constituído, sem prévio conhecimento deste, ainda que haja necessidade da tomada de medidas urgentes.');
insert into opcoes (num_exame, num_questao, letra_opcao, texto)
values(18, 5, 'D', 'Paulo não poderia ter atuado na causa, pois os prazos estavam suspensos durante o recesso.');
insert into questoes (num_exame, num_questao, enunciado, opcao_correta)
values(18, 6, 'O Presidente de determinada Seccional da OAB recebeu representação contra advogado que nela era inscrito por meio de missiva anônima, que narrava grave infração disciplinar. Considerando a via eleita para a apresentação da representação, foi determinado o arquivamento do expediente, sem instauração de processo disciplinar. Pouco tempo depois, foi publicada matéria jornalística sobre investigação realizada pela Polícia Federal que tinha como objeto a mesma infração disciplinar que havia sido narrada na missiva anônima e indicando o nome do investigado naquele procedimento inquisitorial. Com base na reportagem, foi determinada, pelo Presidente da Seccional, a instauração de processo disciplinar. Sobre o procedimento adotado pelo Presidente da Seccional em questão, assinale a afirmativa correta.', 'A');
insert into opcoes (num_exame, num_questao, letra_opcao, texto)
values(18, 6, 'A', 'Deveria ter instaurado processo disciplinar quando recebeu a missiva anônima.');
insert into opcoes (num_exame, num_questao, letra_opcao, texto)
values(18, 6, 'B', 'Não poderia ter instaurado processo disciplinar em nenhuma das oportunidades.');
insert into opcoes (num_exame, num_questao, letra_opcao, texto)
values(18, 6, 'C', 'Deveria ter instaurado processo disciplinar em qualquer uma das oportunidades.');
insert into opcoes (num_exame, num_questao, letra_opcao, texto)
values(18, 6, 'D', 'Poderia ter instaurado processo disciplinar a partir da publicação da matéria jornalística.');
insert into questoes (num_exame, num_questao, enunciado, opcao_correta)
values(18, 7, 'Os advogados Márcio, Bruno e Jorge, inscritos nas Seccionais do Paraná e de Santa Catarina da Ordem dos Advogados resolveram constituir determinada sociedade civil de advogados, para atuação na área tributária. A sede da sociedade estava localizada em Curitiba. Como os três sócios estavam inscritos na Seccional de Santa Catarina, eles requereram o registro da sociedade também nessa Seccional. Márcio, por outro lado, já fazendo parte da sociedade com Bruno e Jorge, requereu, juntamente com seu irmão, igualmente advogado, o registro de outra sociedade de advogados também na Seccional do Paraná, esta com especialização na área tributária. As sociedades não são filiais. Sobre a hipótese descrita é correto afirmar que a sociedade de advogados de Márcio, Bruno e Jorge', 'A');
insert into opcoes (num_exame, num_questao, letra_opcao, texto)
values(18, 7, 'A', 'não poderá ser registrada na seccional de Santa Catarina, pois apenas tem sede na Seccional do Paraná. Márcio não poderá requerer inscrição em outra sociedade de advogados no Paraná.');
insert into opcoes (num_exame, num_questao, letra_opcao, texto)
values(18, 7, 'B', 'não poderá ser registrada na seccional de Santa Catarina, pois apenas tem sede na Seccional do Paraná. Márcio poderá requerer inscrição em outra sociedade de advogados no Paraná.');
insert into opcoes (num_exame, num_questao, letra_opcao, texto)
values(18, 7, 'C', 'poderá ser registrada na seccional de Santa Catarina, pois os três advogados que dela fazem parte estão inscritos na Seccional em questão. Márcio não poderá requerer inscrição em outra sociedade de advogados no Paraná.');
insert into opcoes (num_exame, num_questao, letra_opcao, texto)
values(18, 7, 'D', 'poderá ser registrada na seccional de Santa Catarina, pois os três advogados que dela fazem parte estão inscritos na Seccional em questão. Márcio poderá requerer inscrição em outra sociedade de advogados no Paraná.');
insert into questoes (num_exame, num_questao, enunciado, opcao_correta)
values(18, 8, 'Gabriela é sócia de uma sociedade de advogados, tendo, no exercício de suas atividades profissionais, representado judicialmente Júlia. Entretanto, Gabriela, agindo com culpa, deixou de praticar ato imprescindível à defesa de Júlia em processo judicial, acarretando-lhe danos materiais e morais. Em uma eventual demanda proposta por Júlia, a fim de ver ressarcidos os danos sofridos, deve-se considerar que', 'A');
insert into opcoes (num_exame, num_questao, letra_opcao, texto)
values(18, 8, 'A', 'Gabriela e a sociedade de advogados não podem ser responsabilizadas civilmente pelos danos, pois, no exercício profissional, o advogado apenas responde pelos atos que pratica mediante dolo, compreendido por meio do binômio consciência e vontade.');
insert into opcoes (num_exame, num_questao, letra_opcao, texto)
values(18, 8, 'B', 'a sociedade de advogados não pode ser responsabilizada civilmente pelos atos ou omissões praticados pessoalmente por Gabriela. Assim, apenas a advogada responderá pela sua omissão decorrente de culpa, no âmbito da responsabilidade civil e disciplinar.');
insert into opcoes (num_exame, num_questao, letra_opcao, texto)
values(18, 8, 'C', 'Gabriela e a sociedade de advogados responderão civilmente pela omissão decorrente de culpa, sem prejuízo da responsabilidade disciplinar da advogada, cuidando-se de hipótese de responsabilidade civil solidária entre ambas.');
insert into opcoes (num_exame, num_questao, letra_opcao, texto)
values(18, 8, 'D', 'Gabriela e a sociedade de advogados podem ser responsabilizadas civilmente pela omissão decorrente de culpa. A responsabilidade civil de Gabriela será subsidiária à da sociedade e ilimitada pelos danos causados, sem prejuízo de sua responsabilidade disciplinar.');
insert into questoes (num_exame, num_questao, enunciado, opcao_correta)
values(18, 9, 'O banco Dólar é réu em diversos processos de natureza consumerista, todos com idênticos fundamentos de Direito, pulverizados pelo território nacional. Considerando a grande quantidade de feitos e sua abrangência territorial, a instituição financeira decidiu contratar a sociedade de advogados X para sua defesa em juízo, pois esta possui filial em diversos estados da Federação. Diante da consulta formulada pelo banco, alguns advogados, sócios integrantes da filial situada no Rio Grande do Sul, realizaram mapeamento dos processos em trâmite em face da pessoa jurídica. Assim, observaram que esta mesma filial já atua em um dos processos em favor do autor da demanda. Tendo em vista tal situação, assinale a opção correta.', 'A');
insert into opcoes (num_exame, num_questao, letra_opcao, texto)
values(18, 9, 'A', 'Os advogados deverão recusar, por meio de qualquer sócio do escritório ou filial, a atuação da sociedade de advogados na defesa do banco, pois os advogados sócios de uma mesma sociedade profissional não podem representar em juízo clientes de interesses opostos.');
insert into opcoes (num_exame, num_questao, letra_opcao, texto)
values(18, 9, 'B', 'Os advogados deverão identificar quem são os sócios do escritório que atuam na causa, pois estes não poderão realizar a defesa técnica do banco em quaisquer dos processos em trâmite, sendo autorizada, porém, a atuação dos demais sócios da sociedade de advogados, de qualquer filial.');
insert into opcoes (num_exame, num_questao, letra_opcao, texto)
values(18, 9, 'C', 'Os advogados deverão recusar a defesa do banco pela filial da sociedade de advogados no Rio Grande do Sul e indicar as outras filiais para atuação nos feitos, pois todos os sócios da filial ficam impedidos de representar em juízo a instituição financeira, em razão de já haver atuação em favor de cliente com interesses opostos.');
insert into opcoes (num_exame, num_questao, letra_opcao, texto)
values(18, 9, 'D', 'Os advogados deverão informar ao banco que há atuação de advogados daquela filial em um dos processos em favor do autor da demanda, a fim de que a instituição financeira decida se deseja, efetivamente, que a sua defesa técnica seja realizada pela sociedade de advogados, garantindo, assim, o consentimento informado do cliente.');
insert into questoes (num_exame, num_questao, enunciado, opcao_correta)
values(18, 10, 'Alice, advogada, em audiência judicial, dirigiu a palavra de maneira ríspida a certa testemunha e ao magistrado, tendo este entendido que houve a prática dos crimes de injúria e desacato, respectivamente. Por isso, o juiz determinou a extração de cópias da ata e remessa à Promotoria de Justiça com atribuição para investigação penal da comarca. Considerando a situação narrada, a disciplina do Estatuto da OAB e o entendimento do Supremo Tribunal Federal, sobre as manifestações de Alice, proferidas no exercício de sua atividade profissional, é correto afirmar que', 'A');
insert into opcoes (num_exame, num_questao, letra_opcao, texto)
values(18, 10, 'A', 'podem configurar injúria e desacato puníveis, pois o Supremo Tribunal Federal declarou inconstitucional a imunidade profissional prevista no Art. 7º, § 2º, do Estatuto da OAB, já que a Constituição Federal consagra a incolumidade da honra e imagem.');
insert into opcoes (num_exame, num_questao, letra_opcao, texto)
values(18, 10, 'B', 'não podem constituir injúria ou desacato puníveis. Isso porque o advogado tem imunidade profissional, nos termos do Art. 7º, § 2º, do Estatuto da OAB, cuja integral constitucionalidade foi declarada pelo Supremo Tribunal Federal.');
insert into opcoes (num_exame, num_questao, letra_opcao, texto)
values(18, 10, 'C', 'não podem constituir injúria, mas podem configurar desacato punível. Isso porque o advogado tem imunidade profissional, nos termos do Art. 7º, § 2º, do Estatuto da OAB, mas esta, de acordo com o Supremo Tribunal Federal, não compreende o desacato, sob pena de conflitar com a autoridade do magistrado na condução da atividade jurisdicional.');
insert into opcoes (num_exame, num_questao, letra_opcao, texto)
values(18, 10, 'D', 'não podem constituir injúria ou desacato puníveis, mas podem caracterizar crime de desobediência. Isso porque o advogado tem imunidade profissional, nos termos do Art. 7º, § 2º, do Estatuto da OAB, cuja constitucionalidade foi declarada pelo Supremo Tribunal Federal, com a ressalva ao delito de desobediência, a fim de não conflitar com a autoridade do magistrado na condução da atividade jurisdicional.');
insert into questoes (num_exame, num_questao, enunciado, opcao_correta)
values(18, 11, '“A solução do conflito aparente de normas dá-se, na hipótese, mediante a incidência do critério da especialidade, segundo o qual prevalece a norma específica sobre a geral.” É conhecida a distinção no âmbito da Teoria do Direito entre antinomias aparentes (ou antinomias solúveis) e antinomias reais (ou antinomias insolúveis). Para o jusfilósofo Norberto Bobbio, uma antinomia real se caracteriza quando estamos diante', 'A');
insert into opcoes (num_exame, num_questao, letra_opcao, texto)
values(18, 11, 'A', 'de duas normas colidentes que pertencem a ordenamentos jurídicos diferentes.');
insert into opcoes (num_exame, num_questao, letra_opcao, texto)
values(18, 11, 'B', 'de normas que colidem entre si, porém essa colisão é solúvel mediante a aplicação do critério cronológico, do critério hierárquico ou do critério de especialidade.');
insert into opcoes (num_exame, num_questao, letra_opcao, texto)
values(18, 11, 'C', 'de normas colidentes e o intérprete é abandonado a si mesmo pela falta de um critério ou pela impossibilidade de solução do conflito entre os critérios existentes.');
insert into opcoes (num_exame, num_questao, letra_opcao, texto)
values(18, 11, 'D', 'de duas ou mais normas que colidem entre si e que possuem diferentes âmbitos de validade temporal, espacial, pessoal ou material.');
insert into questoes (num_exame, num_questao, enunciado, opcao_correta)
values(18, 12, 'Segundo o jusfilósofo alemão Karl Larenz, os textos jurídicos são problematizáveis porque estão redigidos em linguagem corrente ou em linguagem especializada, mas que, de todo modo, contêm expressões que apresentam uma margem de variabilidade de significação. Nesse sentido, assinale a opção que exprime o pensamento desse autor acerca da ideia de interpretação da lei.', 'A');
insert into opcoes (num_exame, num_questao, letra_opcao, texto)
values(18, 12, 'A', 'Deve-se aceitar que os textos jurídicos apenas carecem de interpretação quando surgem particularmente como obscuros, pouco claros ou contraditórios.');
insert into opcoes (num_exame, num_questao, letra_opcao, texto)
values(18, 12, 'B', 'Interpretar um texto significa alcançar o único sentido possível de uma norma conforme a intenção que a ela foi dada pelo legislador.');
insert into opcoes (num_exame, num_questao, letra_opcao, texto)
values(18, 12, 'C', 'Os textos jurídicos, em princípio, são suscetíveis e carecem de interpretação porque toda linguagem é passível de adequação a cada situação.');
insert into opcoes (num_exame, num_questao, letra_opcao, texto)
values(18, 12, 'D', 'A interpretação dada por uma autoridade judicial a uma lei é uma conclusão logicamente vinculante que, por isso mesmo, deve ser repetida sempre que a mesma lei for aplicada.');
insert into questoes (num_exame, num_questao, enunciado, opcao_correta)
values(18, 13, 'A Lei Z, elaborada recentemente pelo Poder Legislativo do Município M, foi promulgada e passou a produzir seus efeitos regulares após a Câmara Municipal ter derrubado o veto aposto pelo Prefeito. A peculiaridade é que o conteúdo da lei é praticamente idêntico ao de outras leis que foram editadas em milhares de outros Municípios, o que lhe atribui inegável relevância. Inconformado com a derrubada do veto, o Prefeito do Município M, partindo da premissa de que a Lei Z possui diversas normas violadoras da ordem constitucional federal, pretende que sua inconstitucionalidade seja submetida à apreciação do Supremo Tribunal Federal. A partir das informações acima, assinale a opção que se encontra em consonância com o sistema de controle de constitucionalidade adotado no Brasil.', 'A');
insert into opcoes (num_exame, num_questao, letra_opcao, texto)
values(18, 13, 'A', 'O Prefeito do Município M, como agente legitimado pela Constituição Federal, está habilitado a propor arguição de descumprimento de preceito fundamental questionando a constitucionalidade dos dispositivos que entende violadores da ordem constitucional federal.');
insert into opcoes (num_exame, num_questao, letra_opcao, texto)
values(18, 13, 'B', 'A temática pode ser objeto de ação direta de inconstitucionalidade ou de arguição de descumprimento de preceito fundamental, se proposta por qualquer um dos legitimados pelo Art. 103 da Constituição Federal.');
insert into opcoes (num_exame, num_questao, letra_opcao, texto)
values(18, 13, 'C', 'A Lei Z não poderá ser objeto de ação, pela via concentrada, perante o Supremo Tribunal Federal, já que, de acordo com o sistema de controle de constitucionalidade adotado no Brasil, atos normativos municipais só podem ser objeto de controle, caso se utilize como paradigma de confronto a Constituição Federal, pela via difusa.');
insert into opcoes (num_exame, num_questao, letra_opcao, texto)
values(18, 13, 'D', 'Os dispositivos normativos da Lei Z, sem desconsiderar a possibilidade de ser realizado o controle incidental pela via difusa, podem ser objeto de controle por via de arguição de descumprimento de preceito fundamental, se proposta por qualquer um dos legitimados pelo Art. 103 da Constituição Federal.');
insert into questoes (num_exame, num_questao, enunciado, opcao_correta)
values(18, 14, 'Muitos Estados ocidentais, a partir do processo revolucionário franco-americano do final do século XVIII, atribuíram aos juízes a função de interpretar a Constituição, daí surgindo a denominada jurisdição constitucional. A respeito do controle de constitucionalidade exercido por esse tipo de estrutura orgânica, assinale a afirmativa correta.', 'A');
insert into opcoes (num_exame, num_questao, letra_opcao, texto)
values(18, 14, 'A', 'A supremacia da Constituição e a hierarquia das fontes normativas destacam-se entre os pressupostos do controle de constitucionalidade.');
insert into opcoes (num_exame, num_questao, letra_opcao, texto)
values(18, 14, 'B', 'A denominada mutação constitucional é uma modalidade de controle de constitucionalidade realizado pela jurisdição constitucional.');
insert into opcoes (num_exame, num_questao, letra_opcao, texto)
values(18, 14, 'C', 'O controle concentrado de constitucionalidade consiste na análise da compatibilidade de qualquer norma infraconstitucional com a Constituição.');
insert into opcoes (num_exame, num_questao, letra_opcao, texto)
values(18, 14, 'D', 'O controle de constitucionalidade de qualquer decreto regulamentar deve ser realizado pela via difusa.');
insert into questoes (num_exame, num_questao, enunciado, opcao_correta)
values(18, 15, 'Ao proferir um discurso em sua cidade natal, José, deputado federal pelo Estado E, afirma, de forma contundente, que um país democrático tem por regra inviolável escolher o chefe do Poder Executivo por meio de eleições diretas. Complementa sua fala afirmando que o Brasil poderia ser considerado um país democrático, já que a Constituição Cidadã de 1988 não prevê eleição de Presidente pela via indireta. Segundo a Constituição da República, o deputado está', 'A');
insert into opcoes (num_exame, num_questao, letra_opcao, texto)
values(18, 15, 'A', 'equivocado, pois há previsão de eleição indireta somente na eventualidade de vacância do cargo de Presidente da República nos últimos seis meses do seu mandato.');
insert into opcoes (num_exame, num_questao, letra_opcao, texto)
values(18, 15, 'B', 'correto, pois, sendo o voto direto cláusula pétrea prevista na Constituição, não pode haver situação constitucional que possibilite o uso do voto indireto.');
insert into opcoes (num_exame, num_questao, letra_opcao, texto)
values(18, 15, 'C', 'equivocado, pois há previsão de eleição indireta no caso de vacância dos cargos de Presidente e Vice-presidente da República nos últimos dois anos do mandato.');
insert into opcoes (num_exame, num_questao, letra_opcao, texto)
values(18, 15, 'D', 'correto, pois não há previsão de eleição indireta em caso de vacância, já que o cargo de Presidente da República viria a ser ocupado pelo Presidente da Câmara dos Deputados.');
insert into questoes (num_exame, num_questao, enunciado, opcao_correta)
values(18, 16, 'Luiz é proprietário de uma grande fazenda localizada na zona rural do Estado X. Lá, cultiva café de excelente qualidade – e com grande produtividade – para fins de exportação. Porém, uma fiscalização realizada por agentes do Ministério do Trabalho e do Emprego constatou a exploração de mão de obra escrava. Independentemente das sanções previstas em lei, caso tal prática seja devidamente comprovada, de forma definitiva, pelos órgãos jurisdicionais competentes, a Constituição Federal dispõe que', 'A');
insert into opcoes (num_exame, num_questao, letra_opcao, texto)
values(18, 16, 'A', 'a propriedade deve ser objeto de desapropriação, respeitado o direito à justa e prévia indenização a que faz jus o proprietário.');
insert into opcoes (num_exame, num_questao, letra_opcao, texto)
values(18, 16, 'B', 'a propriedade deve ser objeto de expropriação, sem qualquer indenização, e, no caso em tela, destinada à reforma agrária.');
insert into opcoes (num_exame, num_questao, letra_opcao, texto)
values(18, 16, 'C', 'o direito de propriedade de Luiz deve ser respeitado, tendo em vista serem as terras em comento produtivas.');
insert into opcoes (num_exame, num_questao, letra_opcao, texto)
values(18, 16, 'D', 'o direito da propriedade de Luiz deve ser respeitado, pois a expropriação é instituto cabível somente nos casos de cultura ilegal de plantas psicotrópicas.');
insert into questoes (num_exame, num_questao, enunciado, opcao_correta)
values(18, 17, 'Um grupo autodenominado “Sangue Puro” passou a se organizar sob a forma de associação. No seu estatuto, é possível identificar claros propósitos de incitação à violência contra indivíduos pertencentes a determinadas minorias sociais. Diversas organizações não governamentais voltadas à defesa dos direitos humanos, bem como o Ministério Público, ajuizaram medidas judiciais solicitando a sua imediata dissolução. Segundo a Constituição Federal, a respeito da hipótese formulada, assinale a afirmativa correta.', 'A');
insert into opcoes (num_exame, num_questao, letra_opcao, texto)
values(18, 17, 'A', 'A associação não poderá sofrer qualquer intervenção do Poder Judiciário, pois é vedada a interferência estatal no funcionamento das associações.');
insert into opcoes (num_exame, num_questao, letra_opcao, texto)
values(18, 17, 'B', 'Caso o pedido de dissolução seja acolhido, a associação poderá ser compulsoriamente dissolvida, independentemente do trânsito em julgado da sentença judicial.');
insert into opcoes (num_exame, num_questao, letra_opcao, texto)
values(18, 17, 'C', 'A associação poderá ter suas atividades imediatamente suspensas por decisão judicial, independentemente do seu trânsito em julgado.');
insert into opcoes (num_exame, num_questao, letra_opcao, texto)
values(18, 17, 'D', 'Apenas se justificaria a intervenção estatal se caracterizada a natureza paramilitar da associação em comento.');
insert into questoes (num_exame, num_questao, enunciado, opcao_correta)
values(18, 18, 'A parte da população do Estado V situada ao sul do seu território, insatisfeita com a pouca atenção que vem recebendo dos últimos governos, organiza-se e dá início a uma campanha para promover a criação de um novo Estado- membro da República Federativa do Brasil – o Estado N, que passaria a ocupar o território situado na parte sul do Estado V. O tema desperta muita discussão em todo o Estado, sendo que alguns argumentos favoráveis e outros contrários ao desmembramento começam a ganhar publicidade na mídia. Reconhecido constitucionalista analisa os argumentos listados a seguir e afirma que apenas um deles pode ser referendado pelo sistema jurídico-constitucional brasileiro. Assinale-o.', 'A');
insert into opcoes (num_exame, num_questao, letra_opcao, texto)
values(18, 18, 'A', 'O desmembramento não poderia ocorrer, pois uma das características fundamentais do Estado Federal é a impossibilidade de ocorrência do chamado direito de secessão.');
insert into opcoes (num_exame, num_questao, letra_opcao, texto)
values(18, 18, 'B', 'O desmembramento poderá ocorrer, contanto que haja aprovação, por via plebiscitária, exclusivamente por parte da população que atualmente habita o território que formaria o Estado N.');
insert into opcoes (num_exame, num_questao, letra_opcao, texto)
values(18, 18, 'C', 'Além de aprovação pela população interessada, o desmembramento também pressupõe a edição de lei complementar pelo Congresso Nacional com esse objeto.');
insert into opcoes (num_exame, num_questao, letra_opcao, texto)
values(18, 18, 'D', 'Além de manifestação da população interessada, o sistema constitucional brasileiro exige que o desmembramento dos Estados seja precedido de divulgação de estudos de viabilidade.');
insert into questoes (num_exame, num_questao, enunciado, opcao_correta)
values(18, 19, 'A Assembleia Legislativa do Estado M, ao constatar a ausência de normas gerais sobre matéria em que a União, os Estados e o Distrito Federal possuem competência legislativa concorrente, resolve tomar providências no sentido de legislar sobre o tema, preenchendo os vazios normativos decorrentes dessa lacuna. Assim, dois anos após a Lei E/2013 ter sido promulgada pelo Estado M, o Congresso Nacional promulga a Lei F/2015, estabelecendo normas gerais sobre a matéria. Sobre esse caso, assinale a afirmativa correta.', 'A');
insert into opcoes (num_exame, num_questao, letra_opcao, texto)
values(18, 19, 'A', 'A Lei E/2013 foi devidamente revogada pela Lei F/2015, posto não ser admissível, no caso, que norma estadual pudesse preservar a sua eficácia diante da promulgação de norma federal a respeito da mesma temática.');
insert into opcoes (num_exame, num_questao, letra_opcao, texto)
values(18, 19, 'B', 'A Lei E/2013 perde a sua eficácia somente naquilo que contrariar as normas gerais introduzidas pela Lei F/2015, mantendo eficácia a parte que, compatível com a Lei F/2015, seja suplementar a ela.');
insert into opcoes (num_exame, num_questao, letra_opcao, texto)
values(18, 19, 'C', 'A Lei F/2015 não poderá viger no território do Estado M, já que a edição anterior da Lei E/2013, veiculando normas específicas, afasta a eficácia das normas gerais editadas pela União em momento posterior.');
insert into opcoes (num_exame, num_questao, letra_opcao, texto)
values(18, 19, 'D', 'A competência legislativa concorrente, por ser uma espécie de competência comum entre todos os entes federativos, pode ser usada indistintamente por qualquer deles, prevalecendo, no caso de conflito, a lei posterior, editada pelo Estado ou pela União.');
insert into questoes (num_exame, num_questao, enunciado, opcao_correta)
values(18, 20, 'Em relação ao direito de liberdade de pensamento e expressão, a Convenção Americana sobre os Direitos Humanos, devidamente ratificada pelo Estado brasileiro, adotou o seguinte posicionamento:', 'A');
insert into opcoes (num_exame, num_questao, letra_opcao, texto)
values(18, 20, 'A', 'vedou a censura prévia, mas admite que a lei o faça em relação aos espetáculos públicos apenas como forma de regular o acesso a eles, tendo em vista a proteção moral da infância e da adolescência.');
insert into opcoes (num_exame, num_questao, letra_opcao, texto)
values(18, 20, 'B', 'vedou a censura prévia em geral, mas admite que ela ocorra expressamente nos casos de propaganda política eleitoral, tendo em vista a proteção da ordem pública e da segurança nacional.');
insert into opcoes (num_exame, num_questao, letra_opcao, texto)
values(18, 20, 'C', 'admitiu a censura prévia em geral, tendo em vista a proteção da saúde e da moral públicas, mas a veda expressamente nos casos de propaganda eleitoral, a fim de assegurar a livre manifestação das ideias políticas.');
insert into opcoes (num_exame, num_questao, letra_opcao, texto)
values(18, 20, 'D', 'admitiu a censura prévia como forma de assegurar o respeito aos direitos e à reputação das demais pessoas.');
insert into questoes (num_exame, num_questao, enunciado, opcao_correta)
values(18, 21, 'O STJ decidiu, no dia 10/12/2014, que uma causa relativa à violação de Direitos Humanos deve passar da Justiça Estadual para a Justiça Federal, configurando o chamado Incidente de Deslocamento de Competência. A causa trata do desaparecimento de três moradores de rua e da suspeita de tortura contra um quarto indivíduo. Desde a promulgação da Emenda 45, em 2004, essa é a terceira vez que o STJ admite o Incidente de Deslocamento de Competência. De acordo com o que está expressamente previsto na Constituição Federal, a finalidade desse Incidente é o de', 'A');
insert into opcoes (num_exame, num_questao, letra_opcao, texto)
values(18, 21, 'A', 'garantir o direito de acesso à Justiça.');
insert into opcoes (num_exame, num_questao, letra_opcao, texto)
values(18, 21, 'B', 'assegurar o cumprimento de obrigações decorrentes de tratados internacionais de Direitos Humanos dos quais o Brasil seja parte.');
insert into opcoes (num_exame, num_questao, letra_opcao, texto)
values(18, 21, 'C', 'combater a morosidade de órgãos da Administração Pública e do Poder Judiciário.');
insert into opcoes (num_exame, num_questao, letra_opcao, texto)
values(18, 21, 'D', 'combater a corrupção em entes públicos dos Estados e do Distrito Federal.');
insert into questoes (num_exame, num_questao, enunciado, opcao_correta)
values(18, 22, 'No Caso Damião Ximenes (primeiro caso do Brasil na Corte Interamericana de Direitos Humanos), o Brasil foi condenado a investigar e sancionar os responsáveis pela morte de Damião Ximenes, a desenvolver um programa de formação e capacitação para as pessoas vinculadas ao atendimento de saúde mental e a reparação pecuniária da família. Damião Ximenes foi morto, sob tortura, em uma clínica psiquiátrica particular na cidade de Sobral, no Ceará. A condenação recaiu sobre a Federação (União) e não sobre o estado do Ceará ou sobre o município de Sobral, embora ambos tenham algum tipo de responsabilidade sobre o funcionamento da clínica. A responsabilização do governo federal (e não do estadual ou do municipal) aconteceu porque', 'A');
insert into opcoes (num_exame, num_questao, letra_opcao, texto)
values(18, 22, 'A', 'estado e município não possuem capacidade jurídica para responder pela violação de direitos humanos praticados por seus agentes.');
insert into opcoes (num_exame, num_questao, letra_opcao, texto)
values(18, 22, 'B', 'o Brasil é um estado federativo e, nesses casos, cabe ao governo nacional cumprir todas as disposições da Convenção Americana sobre Direitos Humanos, relacionadas com as matérias sobre as quais exerce competência legislativa e judicial.');
insert into opcoes (num_exame, num_questao, letra_opcao, texto)
values(18, 22, 'C', 'o falecimento de Damião Ximenes aconteceu em uma clínica particular e cabe ao SUS, que é federal, a regulamentação e supervisão do funcionamento de todas as casas de saúde.');
insert into opcoes (num_exame, num_questao, letra_opcao, texto)
values(18, 22, 'D', 'a Corte Interamericana de Direitos Humanos possui jurisdição internacional e para que a condenação recaísse sobre um estado ou um município seria necessária a homologação da decisão da Corte pelo Tribunal de Justiça do Ceará.');
insert into questoes (num_exame, num_questao, enunciado, opcao_correta)
values(18, 23, 'Ricardo, brasileiro naturalizado, mora na cidade do Rio de Janeiro há 9 (nove) anos. Em visita a parentes italianos, conhece Giulia, residente em Roma, com quem passa a ter um relacionamento amoroso. Após 3 (três) anos de namoro a distância, ficam noivos e celebram matrimônio em território italiano. De comum acordo, o casal estabelece seu primeiro domicílio em São Paulo, onde ambos possuem oportunidades de trabalho. À luz das regras de Direito Internacional Privado, veiculadas na Lei de Introdução às Normas do Direito Brasileiro (LINDB), não havendo pacto antenupcial, assinale a opção que indica a legislação que irá reger o regime de bens entre os cônjuges.', 'A');
insert into opcoes (num_exame, num_questao, letra_opcao, texto)
values(18, 23, 'A', 'Aplicável a Lei italiana, haja vista que nenhum dos cônjuges é brasileiro nato.');
insert into opcoes (num_exame, num_questao, letra_opcao, texto)
values(18, 23, 'B', 'Aplicável a Lei italiana, em razão do local em que foi realizado o casamento.');
insert into opcoes (num_exame, num_questao, letra_opcao, texto)
values(18, 23, 'C', 'Aplicável a Lei brasileira, em razão do domicílio do cônjuge varão.');
insert into opcoes (num_exame, num_questao, letra_opcao, texto)
values(18, 23, 'D', 'Aplicável a Lei brasileira, porque aqui constituído o primeiro domicílio do casal.');
insert into questoes (num_exame, num_questao, enunciado, opcao_correta)
values(18, 24, 'Uma carta rogatória foi encaminhada, nos termos da Convenção Interamericana sobre Cartas Rogatórias, para citação de pessoa física domiciliada em São Paulo, para responder a processo de divórcio nos Estados Unidos. A esse respeito, assinale a opção correta.', 'A');
insert into opcoes (num_exame, num_questao, letra_opcao, texto)
values(18, 24, 'A', 'Não será necessário obter exequatur em função do tratado multilateral ratificado por ambos os países.');
insert into opcoes (num_exame, num_questao, letra_opcao, texto)
values(18, 24, 'B', 'O STJ deverá conceder o exequatur, cabendo à justiça estadual cumprir a ordem de citação.');
insert into opcoes (num_exame, num_questao, letra_opcao, texto)
values(18, 24, 'C', 'A concessão de exequatur caberá ao STJ e seu posterior cumprimento à justiça federal.');
insert into opcoes (num_exame, num_questao, letra_opcao, texto)
values(18, 24, 'D', 'A concessão de exequatur e seu posterior cumprimento caberão à autoridade central indicada na Convenção Interamericana sobre Cartas Rogatórias.');
insert into questoes (num_exame, num_questao, enunciado, opcao_correta)
values(18, 25, 'A União instituiu determinado tributo federal e conferiu a uma autarquia as tarefas de fiscalizá-lo e arrecadá-lo. Tendo em vista a situação narrada, assinale a opção correta.', 'A');
insert into opcoes (num_exame, num_questao, letra_opcao, texto)
values(18, 25, 'A', 'A capacidade tributária ativa (realizar atos de fiscalização e arrecadação) é delegável.');
insert into opcoes (num_exame, num_questao, letra_opcao, texto)
values(18, 25, 'B', 'Trata-se de caso de delegação da competência tributária da União.');
insert into opcoes (num_exame, num_questao, letra_opcao, texto)
values(18, 25, 'C', 'Não é possível que a União revogue, a qualquer tempo e por ato unilateral, a atribuição que conferiu a tal autarquia.');
insert into opcoes (num_exame, num_questao, letra_opcao, texto)
values(18, 25, 'D', 'Em eventual discussão judicial proposta por um contribuinte do tributo, a autarquia não terá prazo em dobro para recorrer.');
insert into questoes (num_exame, num_questao, enunciado, opcao_correta)
values(18, 26, 'Antônio, prestador de serviço de manutenção e reparo de instrumentos musicais, sujeito à incidência do Imposto Sobre Serviços (ISS), deixou de recolher o tributo incidente sobre fato gerador consumado em janeiro de 2013 (quando a alíquota do ISS era de 5% sobre o total auferido pelos serviços prestados e a multa pelo inadimplemento do tributo era de 25% sobre o ISS devido e não recolhido). Em 30 de agosto de 2013, o Município credor aprovou lei que: (a) reduziu para 2% a alíquota do ISS sobre a atividade de manutenção e reparo de instrumentos musicais; e (b) reduziu a multa pelo inadimplemento do imposto incidente nessa mesma atividade, que passou a ser de 10% sobre o ISS devido e não recolhido. Em fevereiro de 2014, o Município X promoveu o lançamento do imposto, exigindo do contribuinte o montante de R$ 25.000,00 – sendo R$ 20.000,00 de imposto (5% sobre R$ 400.000,00, valor dos serviços prestados) e R$ 5.000,00 a título de multa pela falta de pagamento (25% do imposto devido). Sobre a hipótese apresentada, assinale a afirmativa correta.', 'A');
insert into opcoes (num_exame, num_questao, letra_opcao, texto)
values(18, 26, 'A', 'O lançamento está correto em relação ao imposto e à multa.');
insert into opcoes (num_exame, num_questao, letra_opcao, texto)
values(18, 26, 'B', 'O lançamento está incorreto tanto em relação ao imposto (que deveria observar a nova alíquota de 2%) quanto em relação à multa (que deveria ser de 10% sobre o ISS devido e não recolhido).');
insert into opcoes (num_exame, num_questao, letra_opcao, texto)
values(18, 26, 'C', 'O lançamento está correto em relação à multa, mas incorreto em relação ao imposto (que deveria observar a nova alíquota de 2%).');
insert into opcoes (num_exame, num_questao, letra_opcao, texto)
values(18, 26, 'D', 'O lançamento está correto em relação ao imposto, mas incorreto em relação à multa (que deveria ser de 10% sobre o ISS devido e não recolhido).');
insert into questoes (num_exame, num_questao, enunciado, opcao_correta)
values(18, 27, 'A Presidência da República, por meio do Decreto 123, de 1º de janeiro de 2015, aprovou novas alíquotas para o Imposto sobre Produtos Industrializados (IPI), dentro das balizas fiadas na lei tributária, a saber: Cigarro – alíquota de 100% Vestuário – alíquota de 10% Macarrão – alíquota zero Sobre a hipótese, é possível afirmar que', 'A');
insert into opcoes (num_exame, num_questao, letra_opcao, texto)
values(18, 27, 'A', 'o referido decreto é inconstitucional, uma vez que viola o princípio da legalidade.');
insert into opcoes (num_exame, num_questao, letra_opcao, texto)
values(18, 27, 'B', 'o referido decreto é inconstitucional, uma vez que viola o princípio do não confisco.');
insert into opcoes (num_exame, num_questao, letra_opcao, texto)
values(18, 27, 'C', 'as alíquotas são diferenciadas em razão da progressividade do IPI.');
insert into opcoes (num_exame, num_questao, letra_opcao, texto)
values(18, 27, 'D', 'as alíquotas são diferenciadas em razão do princípio da seletividade do IPI.');
insert into questoes (num_exame, num_questao, enunciado, opcao_correta)
values(18, 28, 'Prefeito de um determinado município resolveu conceder isenção de IPTU, por 10 (dez) anos, a proprietários de imóveis que sejam portadores de deficiência e que realizem investimento nas condições de acessibilidade de suas propriedades. Com base na situação apresentada, assinale a afirmativa correta.', 'A');
insert into opcoes (num_exame, num_questao, letra_opcao, texto)
values(18, 28, 'A', 'É possível que o município institua a isenção por meio de decreto.');
insert into opcoes (num_exame, num_questao, letra_opcao, texto)
values(18, 28, 'B', 'Tal isenção constitui caso de suspensão da exigibilidade daqueles créditos tributários.');
insert into opcoes (num_exame, num_questao, letra_opcao, texto)
values(18, 28, 'C', 'Somente por meio de lei específica municipal pode ser concedida isenção de IPTU.');
insert into opcoes (num_exame, num_questao, letra_opcao, texto)
values(18, 28, 'D', 'A isenção concedida em função de determinadas condições, como é o caso, pode ser revogada a qualquer tempo.');
insert into questoes (num_exame, num_questao, enunciado, opcao_correta)
values(18, 29, 'O Ministério Público do Estado W ajuizou ação de improbidade administrativa contra um ex-governador, com fundamento no Art. 9º da Lei nº 8.429/1992 (ato de improbidade administrativa que importe enriquecimento ilícito), mesmo passados quase 3 (três) anos do término do mandato e 6 (seis) anos desde a suposta prática do ato de improbidade que lhe é atribuída. Nesse caso,', 'A');
insert into opcoes (num_exame, num_questao, letra_opcao, texto)
values(18, 29, 'A', 'o ex-governador está sujeito, dentre outras sanções, à perda dos bens ou valores acrescidos ilicitamente ao patrimônio, ao ressarcimento integral do dano e à suspensão dos direitos políticos pelo período de oito a dez anos.');
insert into opcoes (num_exame, num_questao, letra_opcao, texto)
values(18, 29, 'B', 'a ação de improbidade está fadada ao insucesso, tendo em vista que não podem ser réus de tal demanda aqueles que já não ocupam mandato eletivo e nem cargo, emprego ou função na Administração.');
insert into opcoes (num_exame, num_questao, letra_opcao, texto)
values(18, 29, 'C', 'a ação de improbidade está fadada ao insucesso, tendo em vista que já transcorreram mais de 3 (três) anos desde o término do exercício do mandado eletivo.');
insert into opcoes (num_exame, num_questao, letra_opcao, texto)
values(18, 29, 'D', 'é imprescritível a ação de improbidade destinada à aplicação das sanções previstas na Lei nº 8.429/1992, e, por essa razão, o ex-governador pode sofrer as cominações legais, mesmo após o término do seu mandato.');
insert into questoes (num_exame, num_questao, enunciado, opcao_correta)
values(18, 30, 'O Estado XYZ pretende criar uma nova universidade estadual sob a forma de fundação pública. Considerando que é intenção do Estado atribuir personalidade jurídica de direito público a tal fundação, assinale a afirmativa correta.', 'A');
insert into opcoes (num_exame, num_questao, letra_opcao, texto)
values(18, 30, 'A', 'Tal fundação há de ser criada com o registro de seus atos constitutivos, após a edição de lei ordinária autorizando sua instituição.');
insert into opcoes (num_exame, num_questao, letra_opcao, texto)
values(18, 30, 'B', 'Tal fundação há de ser criada por lei ordinária específica.');
insert into opcoes (num_exame, num_questao, letra_opcao, texto)
values(18, 30, 'C', 'Não é possível a criação de uma fundação pública com personalidade jurídica de direito público.');
insert into opcoes (num_exame, num_questao, letra_opcao, texto)
values(18, 30, 'D', 'Tal fundação há de ser criada por lei complementar específica.');
insert into questoes (num_exame, num_questao, enunciado, opcao_correta)
values(18, 31, 'Marcos Paulo é servidor público federal há mais de 5 (cinco) anos e, durante todo esse tempo, nunca sofreu qualquer sanção administrativa, apesar de serem frequentes suas faltas e seus atrasos ao serviço. No último mês, entretanto, as constantes ausências chamaram a atenção de seu chefe, que, ao buscar a ficha de frequência do servidor, descobriu que Marcos Paulo faltara mais de 90 (noventa) dias no último ano. A respeito do caso apresentado, assinale a afirmativa correta.', 'A');
insert into opcoes (num_exame, num_questao, letra_opcao, texto)
values(18, 31, 'A', 'Marcos Paulo, servidor público estável, só pode ser demitido após decisão judicial transitada em julgado.');
insert into opcoes (num_exame, num_questao, letra_opcao, texto)
values(18, 31, 'B', 'Marcos Paulo, servidor público estável, pode ser demitido pela sua inassiduidade após decisão em processo administrativo em que lhe seja assegurada ampla defesa.');
insert into opcoes (num_exame, num_questao, letra_opcao, texto)
values(18, 31, 'C', 'Marcos Paulo, servidor público estável que nunca sofrera qualquer punição na esfera administrativa, não pode ser demitido em razão de sua inassiduidade.');
insert into opcoes (num_exame, num_questao, letra_opcao, texto)
values(18, 31, 'D', 'Marcos Paulo, servidor público estável, não pode ser demitido em razão de sua inassiduidade, pois esta somente autoriza a aplicação das sanções de advertência e suspensão.');
insert into questoes (num_exame, num_questao, enunciado, opcao_correta)
values(18, 32, 'O Município C está elaborando edital de licitação para a contratação de serviço de limpeza predial. A respeito do prazo de duração desse contrato, assinale a afirmativa correta.', 'A');
insert into opcoes (num_exame, num_questao, letra_opcao, texto)
values(18, 32, 'A', 'O prazo de duração do contrato está adstrito à vigência do respectivo crédito orçamentário, sem possibilidade de prorrogação.');
insert into opcoes (num_exame, num_questao, letra_opcao, texto)
values(18, 32, 'B', 'O contrato de prestação de serviços pode ser celebrado pelo prazo de até 48 meses.');
insert into opcoes (num_exame, num_questao, letra_opcao, texto)
values(18, 32, 'C', 'O contrato pode ser celebrado por prazo indeterminado, mantendo-se vigente enquanto não houver melhor preço do que o da proposta vencedora da licitação.');
insert into opcoes (num_exame, num_questao, letra_opcao, texto)
values(18, 32, 'D', 'O contrato poderá ter a sua duração prorrogada por iguais e sucessivos períodos com vistas à obtenção de preços e condições mais vantajosas para a administração, limitada a sessenta meses.');
insert into questoes (num_exame, num_questao, enunciado, opcao_correta)
values(18, 33, 'Após celebrar contrato de gestão com uma organização social, a União pretende celebrar, com a mesma organização, contrato de prestação de serviços para a realização de atividades contempladas no contrato de gestão. Com base na hipótese apresentada, assinale a afirmativa correta. (', 'A');
insert into opcoes (num_exame, num_questao, letra_opcao, texto)
values(18, 33, 'A', 'É obrigatória a realização de licitação para a celebração do contrato de prestação de serviços. (');
insert into opcoes (num_exame, num_questao, letra_opcao, texto)
values(18, 33, 'B', 'É dispensável a realização de licitação para a celebração do contrato de prestação de serviços. (');
insert into opcoes (num_exame, num_questao, letra_opcao, texto)
values(18, 33, 'C', 'É inexigível a realização de licitação para a celebração do contrato de prestação de serviços. (');
insert into opcoes (num_exame, num_questao, letra_opcao, texto)
values(18, 33, 'D', 'Não é possível celebrar contrato de prestação de serviços com entidade qualificada como organização social.');
insert into questoes (num_exame, num_questao, enunciado, opcao_correta)
values(18, 34, 'Após dezenas de reclamações dos usuários do serviço de transporte metroviário, o Estado Y determinou a abertura de processo administrativo para verificar a prestação inadequada e ineficiente do serviço por parte da empresa concessionária. Caso se demonstre a inadimplência, como deverá proceder o poder público concedente?', 'A');
insert into opcoes (num_exame, num_questao, letra_opcao, texto)
values(18, 34, 'A', 'Declarar, por decreto, a caducidade da concessão.');
insert into opcoes (num_exame, num_questao, letra_opcao, texto)
values(18, 34, 'B', 'Declarar, por decreto, a encampação do serviço.');
insert into opcoes (num_exame, num_questao, letra_opcao, texto)
values(18, 34, 'C', 'Declarar, por decreto, após lei autorizativa, a revogação da concessão.');
insert into opcoes (num_exame, num_questao, letra_opcao, texto)
values(18, 34, 'D', 'Declarar, por lei, a anulação do contrato de concessão.');
insert into questoes (num_exame, num_questao, enunciado, opcao_correta)
values(18, 35, 'Determinada sociedade empresária consulta seu advogado para obter informações sobre as exigências ambientais que possam incidir em seus projetos, especialmente no que tange à apresentação e aprovação de Estudo Prévio de Impacto Ambiental e seu respectivo Relatório (EIA/RIMA). Considerando a disciplina do EIA/RIMA pelo ordenamento jurídico, assinale a afirmativa correta.', 'A');
insert into opcoes (num_exame, num_questao, letra_opcao, texto)
values(18, 35, 'A', 'O EIA/RIMA é um estudo simplificado, integrante do licenciamento ambiental, destinado a avaliar os impactos ao meio ambiente natural, não abordando impactos aos meios artificial e cultural, pois esses componentes, segundo pacífico entendimento doutrinário e jurisprudencial, não integram o conceito de “meio ambiente”.');
insert into opcoes (num_exame, num_questao, letra_opcao, texto)
values(18, 35, 'B', 'O EIA/RIMA é exigido em todas as atividades e empreendimentos que possam causar impactos ambientais, devendo ser aprovado previamente à concessão da denominada Licença Ambiental Prévia.');
insert into opcoes (num_exame, num_questao, letra_opcao, texto)
values(18, 35, 'C', 'O EIA/RIMA, além de ser aprovado entre as Licenças Ambientais Prévia e de Instalação, tem a sua metodologia e o seu conteúdo regrados exclusivamente por Resoluções do Conselho Nacional do Meio Ambiente (CONAMA), podendo a entidade / o órgão ambiental licenciador dispensá-lo segundo critérios discricionários e independentemente de fundamentação, ainda que a atividade esteja prevista em Resolução CONAMA como passível de EIA/RIMA.');
insert into opcoes (num_exame, num_questao, letra_opcao, texto)
values(18, 35, 'D', 'O EIA-RIMA é um instrumento de avaliação de impactos ambientais, de natureza preventiva, exigido para atividades/empreendimentos não só efetiva como potencialmente capazes de causar significativa degradação, sendo certo que a sua publicidade é uma imposição Constitucional (CRFB/1988).');
insert into questoes (num_exame, num_questao, enunciado, opcao_correta)
values(18, 36, 'João acaba de adquirir dois imóveis, sendo um localizado em área urbana e outro, em área rural. Por ocasião da aquisição de ambos os imóveis, João foi alertado pelos alienantes de que os imóveis contemplavam Áreas de Preservação Permanente (APP) e de que, por tal razão, ele deveria buscar uma orientação mais especializada, caso desejasse nelas intervir. Considerando a disciplina legal das Áreas de Preservação Permanente (APP), bem como as possíveis preocupações gerais de João, assinale a afirmativa correta.', 'A');
insert into opcoes (num_exame, num_questao, letra_opcao, texto)
values(18, 36, 'A', 'As APPs não são passíveis de intervenção e utilização, salvo decisão administrativa em sentido contrário de órgão estadual integrante do Sistema Nacional de Meio Ambiente – SISNAMA, uma vez que não há preceitos legais abstratamente prevendo exceções à sua preservação absoluta e integral.');
insert into opcoes (num_exame, num_questao, letra_opcao, texto)
values(18, 36, 'B', 'As hipóteses legais de APP, com o advento do denominado “Novo Código Florestal” – Lei nº 12.651/2012 –, foram abolidas em âmbito federal, subsistindo apenas nos casos em que os Estados e Municípios assim as exijam legalmente.');
insert into opcoes (num_exame, num_questao, letra_opcao, texto)
values(18, 36, 'C', 'As APPs são espaços territoriais especialmente protegidos, comportando exceções legais para fins de intervenção, sendo certo que os Estados e os Municípios podem prever outras hipóteses de APP além daquelas dispostas em normas gerais, inclusive em suas Constituições Estaduais e Leis Orgânicas, sendo que a supressão irregular da vegetação nela situada gera a obrigação do proprietário, possuidor ou ocupante a qualquer título de promover a sua recomposição, obrigação esta de natureza propter rem.');
insert into opcoes (num_exame, num_questao, letra_opcao, texto)
values(18, 36, 'D', 'As APPs, assim como as reservas legais, não se aplicam às áreas urbanas, sendo certo que a Lei Federal nº 12.651/2012 (“Novo Código Florestal”), apesar de ter trazido significativas mudanças no seu regime, garantiu as APPs para os imóveis rurais com mais de 100 hectares.');
insert into questoes (num_exame, num_questao, enunciado, opcao_correta)
values(18, 37, 'Joana e suas quatro irmãs, para comemorar as bodas de ouro de seus pais, contrataram Ricardo para organizar a festa. No contrato ficou acordado que as cinco irmãs arcariam solidariamente com todos os gastos. Ricardo, ao requerer o sinal de pagamento, previamente estipulado no contrato, não obteve sucesso, pois cada uma das irmãs informava que a outra tinha ficado responsável pelo pagamento. Ainda assim, Ricardo cumpriu sua parte do acordado. Ao final da festa, Ricardo foi até Joana para cobrar pelo serviço, sem sucesso. Sobre a situação apresentada, assinale a afirmativa correta.', 'A');
insert into opcoes (num_exame, num_questao, letra_opcao, texto)
values(18, 37, 'A', 'Se Ricardo resolver ajuizar demanda em face somente de Joana, as outras irmãs, ainda assim, permanecerão responsáveis pelo débito.');
insert into opcoes (num_exame, num_questao, letra_opcao, texto)
values(18, 37, 'B', 'Se Joana pagar o preço total do serviço sozinha, poderá cobrar das outras, ficando sem receber se uma delas se tornar insolvente.');
insert into opcoes (num_exame, num_questao, letra_opcao, texto)
values(18, 37, 'C', 'Se uma das irmãs de Joana falecer deixando dois filhos, qualquer um deles deverá arcar com o total da parte de sua mãe.');
insert into opcoes (num_exame, num_questao, letra_opcao, texto)
values(18, 37, 'D', 'Ricardo deve cobrar de cada irmã a sua quota-parte para receber o total do serviço, uma vez que se trata de obrigação divisível.');
insert into questoes (num_exame, num_questao, enunciado, opcao_correta)
values(18, 38, 'João Henrique residia com sua companheira Natália em imóvel alugado a ele por Frederico pelo prazo certo de trinta meses, tendo como fiador Waldemar, pai de João Henrique. A união do casal, porém, chegou ao fim, de forma que João Henrique deixou o lar quando faltavam seis meses para o fim do prazo da locação. O locador e o fiador foram comunicados a respeito da saída de João Henrique do imóvel. Sobre o caso apresentado, assinale a afirmativa correta.', 'A');
insert into opcoes (num_exame, num_questao, letra_opcao, texto)
values(18, 38, 'A', 'Como o locatário era João Henrique, sua saída do imóvel implica a extinção do contrato de locação, podendo Frederico exigir, imediatamente, que Natália o desocupe.');
insert into opcoes (num_exame, num_questao, letra_opcao, texto)
values(18, 38, 'B', 'Como João Henrique era o locatário, sua saída permite que Natália continue residindo no imóvel apenas até o término do prazo contratual, momento em que o contrato se extingue, sem possibilidade de renovação, salvo nova convenção entre Natália e Frederico.');
insert into opcoes (num_exame, num_questao, letra_opcao, texto)
values(18, 38, 'C', 'Com a saída do locatário do imóvel, a locação prossegue automaticamente tendo Natália como locatária, porém a fiança prestada por Waldemar caduca, permitindo a Frederico exigir de Natália o oferecimento de nova garantia, sob pena de resolução do contrato.');
insert into opcoes (num_exame, num_questao, letra_opcao, texto)
values(18, 38, 'D', 'Com a saída do locatário, a locação prossegue com Natália, permitido a Waldemar exonerar-se da fiança em até trinta dias da data em que for cientificado da saída do seu filho do imóvel; ainda assim, a exoneração só produzirá efeitos cento e vinte dias depois de notificado o locador.');
insert into questoes (num_exame, num_questao, enunciado, opcao_correta)
values(18, 39, 'Vitor e Paula celebram entre si, por escritura particular levada a registro em cartório de títulos e documentos, contrato de mútuo por meio do qual Vitor toma emprestada de Paula a quantia de R$ 10.000,00, obrigando-se a restituir o montante no prazo de três meses. Em garantia da dívida, Vitor constitui em favor de Paula, por meio de instrumento particular, direito real de penhor sobre uma joia de que é proprietário. Vencido o prazo estabelecido para o pagamento da dívida, Vitor procura Paula e explica que não dispõe de dinheiro para quitar o débito. Propõe então que, em vez da quantia devida, Paula receba, em pagamento da dívida, a propriedade da coisa empenhada. Assinale a opção que indica a orientação correta a ser transmitida a Paula.', 'A');
insert into opcoes (num_exame, num_questao, letra_opcao, texto)
values(18, 39, 'A', 'Para ter validade, o acordo sugerido por Vitor deve ser celebrado mediante escritura pública.');
insert into opcoes (num_exame, num_questao, letra_opcao, texto)
values(18, 39, 'B', 'O acordo sugerido por Vitor não tem validade, uma vez que constitui espécie de pacto proibido pela lei.');
insert into opcoes (num_exame, num_questao, letra_opcao, texto)
values(18, 39, 'C', 'Para ter validade, o acordo sugerido deve ser homologado em juízo.');
insert into opcoes (num_exame, num_questao, letra_opcao, texto)
values(18, 39, 'D', 'O acordo sugerido por Vitor é válido, uma vez que constitui espécie de pacto cuja licitude é expressamente reconhecida pela lei.');
insert into questoes (num_exame, num_questao, enunciado, opcao_correta)
values(18, 40, 'Roberto e Ana casaram-se, em 2005, pelo regime da comunhão parcial de bens. Em 2008, Roberto ganhou na loteria e, com os recursos auferidos, adquiriu um imóvel no Recreio dos Bandeirantes. Em 2014, Roberto foi agraciado com uma casa em Santa Teresa, fruto da herança de sua tia. Em 2015, Roberto e Ana se separaram. Tendo em vista o regime de bens do casamento, assinale a afirmativa correta.', 'A');
insert into opcoes (num_exame, num_questao, letra_opcao, texto)
values(18, 40, 'A', 'Os imóveis situados no Recreio dos Bandeirantes e em Santa Teresa são bens comuns e, por isso, deverão ser partilhados em virtude da separação do casal.');
insert into opcoes (num_exame, num_questao, letra_opcao, texto)
values(18, 40, 'B', 'Apenas o imóvel situado no Recreio dos Bandeirantes deve ser partilhado, sendo o imóvel situado em Santa Teresa bem particular de Roberto.');
insert into opcoes (num_exame, num_questao, letra_opcao, texto)
values(18, 40, 'C', 'Apenas o imóvel situado em Santa Teresa deve ser partilhado, sendo o imóvel situado no Recreio dos Bandeirantes excluído da comunhão, por ter sido adquirido com o produto de bem advindo de fato eventual.');
insert into opcoes (num_exame, num_questao, letra_opcao, texto)
values(18, 40, 'D', 'Nenhum dos dois imóveis deverá ser partilhado, tendo em vista que ambos são bens particulares de Roberto.');
insert into questoes (num_exame, num_questao, enunciado, opcao_correta)
values(18, 41, 'Renato é proprietário de um imóvel e o coloca à venda, atraindo o interesse de Mário. Depois de algumas visitas ao imóvel e conversas sobre o seu valor, Renato e Mário, acompanhados de corretor, realizam negócio por preço certo, que deveria ser pago em três parcelas: a primeira, paga naquele ato a título de sinal e princípio de pagamento, mediante recibo que dava o negócio por concluído de forma irretratável; a segunda deveria ser paga em até trinta dias, contra a exibição das certidões negativas do vendedor; a terceira seria paga na data da lavratura da escritura definitiva, em até noventa dias a contar do fechamento do negócio. Antes do pagamento da segunda parcela, Mário celebra, com terceiros, contratos de promessa de locação do imóvel por temporada, recebendo a metade de cada aluguel antecipadamente. Renato, ao tomar conhecimento de que Mário havia celebrado as promessas de locação por temporada, percebeu que o imóvel possuía esse potencial de exploração. Em virtude disso, Renato arrependeu-se do negócio e, antes do vencimento da segunda parcela do preço, notificou o comprador e o corretor, dando o negócio por desfeito. Com base na hipótese formulada, assinale a afirmativa correta.', 'A');
insert into opcoes (num_exame, num_questao, letra_opcao, texto)
values(18, 41, 'A', 'O vendedor perde o sinal pago para o comprador, porém nada mais lhe pode ser exigido, não sendo devida a comissão do corretor, já que o negócio foi desfeito antes de aperfeiçoar-se.');
insert into opcoes (num_exame, num_questao, letra_opcao, texto)
values(18, 41, 'B', 'O vendedor perde o sinal pago para o comprador, porém nada mais lhe pode ser exigido pelo comprador. Contudo, é devida a comissão do corretor, não obstante o desfazimento do negócio antes de aperfeiçoar-se.');
insert into opcoes (num_exame, num_questao, letra_opcao, texto)
values(18, 41, 'C', 'O vendedor perde o sinal pago e o comprador pode exigir uma indenização pelos prejuízos a que a desistência deu causa, se o seu valor superar o do sinal dado, não sendo devida a comissão do corretor, já que o negócio foi desfeito antes de aperfeiçoar-se.');
insert into opcoes (num_exame, num_questao, letra_opcao, texto)
values(18, 41, 'D', 'O vendedor perde o sinal pago e o comprador pode exigir uma indenização pelos prejuízos a que a desistência deu causa, se o seu valor superar o do sinal dado, sendo devida a comissão do corretor, não obstante o desfazimento do negócio antes de aperfeiçoar-se.');
insert into questoes (num_exame, num_questao, enunciado, opcao_correta)
values(18, 42, 'Por meio de contrato verbal, João alugou sua bicicleta a José, que se comprometeu a pagar o aluguel mensal de R$ 100,00 (cem reais), bem como a restituir a coisa alugada ao final do sexto mês de locação. Antes de esgotado o prazo do contrato de locação, João deseja celebrar contrato de compra e venda com Otávio, de modo a transmitir imediatamente a propriedade da bicicleta. Não obstante a coisa permanecer na posse direta de José, entende-se que', 'A');
insert into opcoes (num_exame, num_questao, letra_opcao, texto)
values(18, 42, 'A', 'o adquirente Otávio, caso venda a bicicleta antes de encerrado o prazo da locação, deve obrigatoriamente depositar o preço em favor do locatário José.');
insert into opcoes (num_exame, num_questao, letra_opcao, texto)
values(18, 42, 'B', 'João não pode celebrar contrato de compra e venda da bicicleta antes de encerrado o prazo da locação celebrada com José.');
insert into opcoes (num_exame, num_questao, letra_opcao, texto)
values(18, 42, 'C', 'é possível transmitir imediatamente a propriedade para Otávio, por meio da estipulação, no contrato de compra e venda, da cessão do direito à restituição da coisa em favor de Otávio.');
insert into opcoes (num_exame, num_questao, letra_opcao, texto)
values(18, 42, 'D', 'é possível transmitir imediatamente a propriedade para Otávio, por meio da estipulação, no contrato de compra e venda, do constituto possessório em favor de Otávio.');
insert into questoes (num_exame, num_questao, enunciado, opcao_correta)
values(18, 43, 'Fabiana e Mauro são casados pelo regime da separação convencional de bens e possuem dois filhos: Amanda e Pedro, de 19 e 16 anos, respectivamente. Mauro é filho de José, que se encontra com 65 anos. Mauro sofreu um acidente automobilístico e, em razão da violência do acidente, está em estado de coma, impossibilitado de exercer os atos da vida civil, razão pela qual sua interdição tornou-se necessária. Diante dos fatos narrados, assinale a afirmativa correta.', 'A');
insert into opcoes (num_exame, num_questao, letra_opcao, texto)
values(18, 43, 'A', 'Fabiana, em razão do regime de bens que rege o casamento, não poderá ser nomeada curadora de Mauro.');
insert into opcoes (num_exame, num_questao, letra_opcao, texto)
values(18, 43, 'B', 'Como Mauro possui ascendente vivo e capaz, este será nomeado seu curador, na forma da lei.');
insert into opcoes (num_exame, num_questao, letra_opcao, texto)
values(18, 43, 'C', 'A filha de Mauro, por ser maior e capaz, será nomeada sua curadora, na forma da lei.');
insert into opcoes (num_exame, num_questao, letra_opcao, texto)
values(18, 43, 'D', 'Fabiana será nomeada curadora de Mauro, na forma da lei.');
insert into questoes (num_exame, num_questao, enunciado, opcao_correta)
values(18, 44, 'Isabela e Matheus pretendem ingressar com ação judicial própria a fim de adotar a criança P., hoje com 4 anos, que está sob guarda de fato do casal desde quando tinha 1 ano de idade. Os pais biológicos do infante são conhecidos e não se opõem à referida adoção, até porque as famílias mantêm convívio em datas festivas, uma vez que Isabela e Matheus consideram importante que P. conheça sua matriz biológica e mantenha convivência com os membros de sua família originária. Partindo das diretrizes impostas pelo ECA e sua interpretação à luz da norma civilista aplicáveis à situação narrada, assinale a afirmativa correta.', 'A');
insert into opcoes (num_exame, num_questao, letra_opcao, texto)
values(18, 44, 'A', 'Durante o processo de adoção, Isabela, que reside fora do país, pode, mediante procuração, constituir Matheus como seu mandatário com poderes especiais para representar sua esposa e ajuizar a ação como adoção conjunta.');
insert into opcoes (num_exame, num_questao, letra_opcao, texto)
values(18, 44, 'B', 'Dispensável a oitiva dos pais biológicos em audiência, desde que eles manifestem concordância com o pedido de adoção por escritura pública ou declaração de anuência com firma reconhecida.');
insert into opcoes (num_exame, num_questao, letra_opcao, texto)
values(18, 44, 'C', 'Concluído o processo de adoção com observância aos critérios de regularidade e legalidade, caso ocorra o evento da morte de Isabela e Matheus antes de P. atingir a maioridade civil, ainda assim não se reestabelecerá o poder familiar dos pais biológicos.');
insert into opcoes (num_exame, num_questao, letra_opcao, texto)
values(18, 44, 'D', 'A adoção é medida excepcional, que decorre de incompatibilidade de os pais biológicos cumprirem os deveres inerentes ao poder familiar, motivo pelo qual, mesmo os pais de P. sendo conhecidos, a oitiva deles no curso do processo é mera faculdade e pode ser dispensada.');
insert into questoes (num_exame, num_questao, enunciado, opcao_correta)
values(18, 45, 'J., com 11 anos, L., com 12 anos, e M., com 13 anos de idade, são alunos do 8º ano do ensino fundamental de uma conceituada escola particular. Os três, desde que foram estudar na mesma turma, passaram a causar diversos problemas para o transcurso normal das aulas, tais como: escutar música; conversar; dormir; colocar os pés nas mesas e não desligar o aparelho celular. O professor de matemática, inconformado com a conduta desrespeitosa dos alunos, repreende-os, avisando que os encaminhará para a direção da escola. Ato contínuo, os alunos reagem da seguinte forma: J. chama o professor de “velho idiota”; L. levanta e sai da sala no meio da aula; e M. ameaça matá-lo. Diante dos atos de indisciplina dos três alunos, a direção da escola entra em contato com o seu departamento jurídico para, com base no Estatuto da Criança e do Adolescente, receber a orientação de como proceder. Com base na hipótese apresentada, assinale a opção que apresenta a orientação recebida pela direção escolar.', 'A');
insert into opcoes (num_exame, num_questao, letra_opcao, texto)
values(18, 45, 'A', 'Os atos de indisciplina praticados por J., L. e M. deverão ser coibidos pela própria direção escolar.');
insert into opcoes (num_exame, num_questao, letra_opcao, texto)
values(18, 45, 'B', 'J. e M. praticaram atos infracionais. J. deverá ser encaminhado ao Conselho Tutelar e M. para a autoridade policial. A indisciplina de L. deverá ser coibida pela própria direção escolar.');
insert into opcoes (num_exame, num_questao, letra_opcao, texto)
values(18, 45, 'C', 'J., L. e M. praticaram atos infracionais e deverão ser encaminhados para a autoridade policial.');
insert into opcoes (num_exame, num_questao, letra_opcao, texto)
values(18, 45, 'D', 'J. e M. praticaram atos infracionais. Ambos deverão ser encaminhados para a autoridade policial. A indisciplina de L. deverá ser coibida pela própria direção escolar.');
insert into questoes (num_exame, num_questao, enunciado, opcao_correta)
values(18, 46, 'Dulce, cinquenta e oito anos de idade, fumante há três décadas, foi diagnosticada como portadora de enfisema pulmonar. Trata-se de uma doença pulmonar obstrutiva crônica caracterizada pela dilatação excessiva dos alvéolos pulmonares, que causa a perda da capacidade respiratória e uma consequente oxigenação insuficiente. Em razão do avançado estágio da doença, foi prescrito como essencial o tratamento de suplementação de oxigênio. Para tanto, Joana, filha de Dulce, adquiriu para sua mãe um aparelho respiratório na loja Saúde e Bem-Estar. Porém, com uma semana de uso, o produto parou de funcionar. Joana procurou imediatamente a loja para substituição do aparelho, oportunidade na qual foi informada pela gerente que deveria aguardar o prazo legal de trinta dias para conserto do produto pelo fabricante. Com base no caso narrado, em relação ao Código de Proteção e Defesa do Consumidor, assinale a afirmativa correta.', 'A');
insert into opcoes (num_exame, num_questao, letra_opcao, texto)
values(18, 46, 'A', 'Está correta a orientação da vendedora. Joana deverá aguardar o prazo legal de trinta dias para conserto e, caso não seja sanado o vício, exigir a substituição do produto, a devolução do dinheiro corrigido monetariamente ou o abatimento proporcional do preço.');
insert into opcoes (num_exame, num_questao, letra_opcao, texto)
values(18, 46, 'B', 'Joana não é consumidora destinatária final do produto, logo tem apenas direito ao conserto do produto durável no prazo de noventa dias, mas não à devolução da quantia paga.');
insert into opcoes (num_exame, num_questao, letra_opcao, texto)
values(18, 46, 'C', 'Joana não precisa aguardar o prazo legal de trinta dias para conserto, pois tem direito de exigir a substituição imediata do produto, em razão de sua essencialidade.');
insert into opcoes (num_exame, num_questao, letra_opcao, texto)
values(18, 46, 'D', 'Na impossibilidade de substituição do produto por outro da mesma espécie, Joana poderá optar por um modelo diverso, sem direito à restituição de eventual diferença de preço, e, se este for de valor maior, não será devida por Joana qualquer complementação.');
insert into questoes (num_exame, num_questao, enunciado, opcao_correta)
values(18, 47, 'Hugo colidiu com seu veículo e necessitou de reparos na lataria e na pintura. Para tanto, procurou, por indicação de um amigo, os serviços da Oficina Mecânica M, oportunidade na qual lhe foi ofertado orçamento escrito, válido por 15 (quinze) dias, com o valor da mão de obra e dos materiais a serem utilizados na realização do conserto do automóvel. Hugo, na certeza da boa indicação, contratou pela primeira vez com a Oficina. Considerando as regras do Código de Proteção e Defesa do Consumidor, assinale a afirmativa correta.', 'A');
insert into opcoes (num_exame, num_questao, letra_opcao, texto)
values(18, 47, 'A', 'Segundo a lei do consumidor, o orçamento tem prazo de validade obrigatório de 10 (dez) dias, contados do seu recebimento pelo consumidor Hugo. Logo, no caso, somente durante esse período a Oficina Mecânica M estará vinculada ao valor orçado.');
insert into opcoes (num_exame, num_questao, letra_opcao, texto)
values(18, 47, 'B', 'Uma vez aprovado o orçamento pelo consumidor, os contraentes estarão vinculados, sendo correto afirmar que Hugo não responderá por quaisquer ônus ou acréscimos no valor dos materiais orçados; contudo, ele poderá vir a responder pela necessidade de contratação de terceiros não previstos no orçamento prévio.');
insert into opcoes (num_exame, num_questao, letra_opcao, texto)
values(18, 47, 'C', 'Se o serviço de pintura contratado por Hugo apresentar vícios de qualidade, é correto afirmar que ele terá tríplice opção, à sua escolha, de exigir da oficina mecânica: a reexecução do serviço sem custo adicional; a devolução de eventual quantia já paga, corrigida monetariamente, ou o abatimento do preço de forma proporcional.');
insert into opcoes (num_exame, num_questao, letra_opcao, texto)
values(18, 47, 'D', 'A lei consumerista considera prática abusiva a execução de serviços sem a prévia elaboração de orçamento, o que pode ser feito por qualquer meio, oral ou escrito, exigindo- se, para sua validade, o consentimento expresso ou tácito do consumidor.');
insert into questoes (num_exame, num_questao, enunciado, opcao_correta)
values(18, 48, 'Feijó recebeu de Moura um cheque com cruzamento especial no valor de R$ 2.300,00 (dois mil e trezentos reais). Acerca das disposições legais que disciplinam tal espécie de cheque, assinale a afirmativa correta.', 'A');
insert into opcoes (num_exame, num_questao, letra_opcao, texto)
values(18, 48, 'A', 'O cheque com cruzamento especial pode ser pago em dinheiro no estabelecimento contra o qual foi sacado ou mediante apresentação a uma câmara de compensação.');
insert into opcoes (num_exame, num_questao, letra_opcao, texto)
values(18, 48, 'B', 'O cruzamento especial não pode ser convertido em geral e a inutilização do cruzamento ou a do nome do banco é reputada como não existente.');
insert into opcoes (num_exame, num_questao, letra_opcao, texto)
values(18, 48, 'C', 'A aposição de vários cruzamentos especiais invalida o cheque, exceto se o portador, no primeiro cruzamento, indicar o mesmo banco que o sacado.');
insert into opcoes (num_exame, num_questao, letra_opcao, texto)
values(18, 48, 'D', 'O cheque com cruzamento especial obriga o sacado a debitar a quantia indicada no título da conta do emitente e a reservá-la em benefício do portador legitimado, durante o prazo de apresentação.');
insert into questoes (num_exame, num_questao, enunciado, opcao_correta)
values(18, 49, 'São João da Baliza Transporte Rodoviário Ltda. sacou duplicata de prestação de serviços no valor de R$ 32.000,00 (trinta e dois mil reais) para recebimento do frete decorrente do transporte de cargas entre ela e Supermercados Caracaraí Ltda. EPP. Diante do inadimplemento do pagamento do frete, a sacadora levou a duplicata a protesto, sem aceite, com vistas a instruir pedido de falência do sacado. Com base nas informações do enunciado, assinale a afirmativa correta.', 'A');
insert into opcoes (num_exame, num_questao, letra_opcao, texto)
values(18, 49, 'A', 'Essa duplicata não aceita não é título hábil para instruir pedido de falência, ainda que protestada e comprovada a prestação dos serviços.');
insert into opcoes (num_exame, num_questao, letra_opcao, texto)
values(18, 49, 'B', 'Essa duplicata não aceita, mas protestada, é título hábil para instruir pedido de falência, comprovada a prestação dos serviços.');
insert into opcoes (num_exame, num_questao, letra_opcao, texto)
values(18, 49, 'C', 'Essa duplicata de prestação de serviços é título hábil para instruir pedido de falência, caso esteja aceita, protestada e tenha o sacador comprovado a prestação dos serviços.');
insert into opcoes (num_exame, num_questao, letra_opcao, texto)
values(18, 49, 'D', 'Essa duplicata não é título hábil para instruir pedido de falência do destinatário porque o documento apropriado para a cobrança do frete é o conhecimento de transporte.');
insert into questoes (num_exame, num_questao, enunciado, opcao_correta)
values(18, 50, 'Pretendendo aderir a um sistema de franquia empresarial, o microempresário individual SF consulta sua advogada sobre as disposições legais referentes a esse contrato. Assinale, dentre as afirmativas a seguir, a que apresenta a informação correta prestada pela advogada.', 'A');
insert into opcoes (num_exame, num_questao, letra_opcao, texto)
values(18, 50, 'A', 'O franqueador é obrigado a incluir na circular de oferta de franquia informação em relação ao território de atuação do franqueado, especificando a possibilidade de o franqueado realizar vendas ou prestar serviços fora de seu território, ou realizar exportações.');
insert into opcoes (num_exame, num_questao, letra_opcao, texto)
values(18, 50, 'B', 'Em razão do sigilo dos instrumentos de escrituração, dos balanços e das demonstrações financeiras dos empresários, o franqueador não é obrigado a incluir tais documentos nas informações da circular de oferta de franquia.');
insert into opcoes (num_exame, num_questao, letra_opcao, texto)
values(18, 50, 'C', 'Tratando-se de franqueador ou franqueado enquadrado como microempreendedor individual, microempresa ou empresa de pequeno porte, é dispensável a presença no contrato de testemunhas e terá validade independentemente de ser levado a registro perante cartório ou órgão público.');
insert into opcoes (num_exame, num_questao, letra_opcao, texto)
values(18, 50, 'D', 'Se o franqueador veicular informações falsas na circular de oferta de franquia, o franqueado não poderá arguir a anulabilidade do contrato, apenas das cláusulas pertinentes, mas poderá exigir devolução das quantias que já houver pago, a título de taxa de filiação e royalties, devidamente corrigidas.');
insert into questoes (num_exame, num_questao, enunciado, opcao_correta)
values(18, 51, 'O contrato da sociedade do tipo simples Angélica Médicos Associados é omisso quanto à possibilidade de sucessão por morte de sócio. Inocência, uma das sócias, consulta você para saber qual a regra prevista no Código Civil para esse caso. Você respondeu corretamente que, com a morte de sócio,', 'A');
insert into opcoes (num_exame, num_questao, letra_opcao, texto)
values(18, 51, 'A', 'opera-se a dissolução da sociedade de pleno direito. Caberá a liquidação da quota do sócio falecido, cujo valor, considerado pelo montante efetivamente realizado, será apurado, com base no último balanço aprovado, salvo disposição contratual em contrário.');
insert into opcoes (num_exame, num_questao, letra_opcao, texto)
values(18, 51, 'B', 'opera-se a sucessão dos herdeiros do sócio falecido na sociedade. Os herdeiros poderão pleitear o levantamento de balanço de resultado econômico para verificação da situação patrimonial da sociedade à data do óbito, salvo disposição contratual em contrário.');
insert into opcoes (num_exame, num_questao, letra_opcao, texto)
values(18, 51, 'C', 'opera-se a resolução da sociedade em relação ao sócio falecido. Caberá a liquidação da quota do falecido, cujo valor, considerado pelo montante efetivamente realizado, será apurado, com base na situação patrimonial da sociedade à data do óbito, verificada em balanço especialmente levantado, salvo disposição contratual em contrário.');
insert into opcoes (num_exame, num_questao, letra_opcao, texto)
values(18, 51, 'D', 'opera-se a substituição do sócio falecido mediante acordo dos sócios remanescentes com os herdeiros. Os herdeiros poderão pleitear a liquidação da quota com base no valor econômico da sociedade, a ser apurado em avaliação por três peritos ou por sociedade especializada, mediante laudo fundamentado, salvo disposição contratual em contrário.');
insert into questoes (num_exame, num_questao, enunciado, opcao_correta)
values(18, 52, 'Calçados Machadinho Ltda. requereu sua recuperação judicial e o pedido foi devidamente processado. O devedor não alterou, no plano de recuperação, o valor ou as condições originais de pagamento do crédito de Curtume Arroio do Sal Ltda. EPP, referentes ao contrato de fornecimento de couro sintético, no valor de R$ 288.000,00 (duzentos e oitenta e oito mil reais). Com base nessas informações e nas disposições da Lei nº 11.101/2005, assinale a afirmativa correta.', 'A');
insert into opcoes (num_exame, num_questao, letra_opcao, texto)
values(18, 52, 'A', 'A credora não terá direito a voto nas assembleias de credores realizadas durante a recuperação judicial e o crédito não será considerado para fins de verificação de quórum de deliberação.');
insert into opcoes (num_exame, num_questao, letra_opcao, texto)
values(18, 52, 'B', 'O crédito será novado com a concessão da recuperação judicial, após a aprovação do plano pela assembleia de credores, como todos os demais créditos sujeitos à recuperação.');
insert into opcoes (num_exame, num_questao, letra_opcao, texto)
values(18, 52, 'C', 'A credora poderá votar nas assembleias de credores realizadas durante a recuperação, com base no valor de seu crédito, na classe dos credores microempresários e empresários de pequeno porte (Classe 4).');
insert into opcoes (num_exame, num_questao, letra_opcao, texto)
values(18, 52, 'D', 'A partir do processamento da recuperação judicial, é permitido à credora ajuizar ação de cobrança em face do devedor pela manutenção das condições originais de pagamento do crédito no plano de recuperação.');
insert into questoes (num_exame, num_questao, enunciado, opcao_correta)
values(18, 53, 'Alan ajuizou medida cautelar preparatória em face de Roberta, obtendo deferimento de pedido liminar para indisponibilizar a venda de veículos de propriedade da ré. De posse da decisão liminar, Alan protocolizou ofício junto ao órgão competente em 30 de janeiro, tendo a liminar sido efetivada em 10 de fevereiro, ou seja, quatro dias antes da citação de Roberta. As datas citadas eram dias úteis. Com base na hipótese narrada, assinale a afirmativa correta.', 'A');
insert into opcoes (num_exame, num_questao, letra_opcao, texto)
values(18, 53, 'A', 'O ajuizamento da ação principal dentro do prazo legal veda ao magistrado revogar a decisão liminar antes da sentença de mérito.');
insert into opcoes (num_exame, num_questao, letra_opcao, texto)
values(18, 53, 'B', 'O ajuizamento da ação principal no dia 14 de março acarreta a perda da eficácia da liminar deferida e a extinção da medida cautelar.');
insert into opcoes (num_exame, num_questao, letra_opcao, texto)
values(18, 53, 'C', 'A eventual falta de diligência de Alan ao inobservar o prazo legal para execução da decisão liminar acarretará a automática extinção dos processos cautelar e principal.');
insert into opcoes (num_exame, num_questao, letra_opcao, texto)
values(18, 53, 'D', 'O indeferimento do pedido acautelatório liminar formulado por Alan obsta o ajuizamento da ação principal, por falta de interesse.');
insert into questoes (num_exame, num_questao, enunciado, opcao_correta)
values(18, 54, 'Henrique fora condenado pelo juízo da 10ª Vara Cível da Comarca da Capital do Rio de Janeiro ao pagamento de indenização por danos morais causados a Marlon, no valor de R$ 100.000,00, tendo tal decisão transitada em julgado. Na fase de cumprimento de sentença, não houve o pagamento voluntário da quantia, nem foram encontrados bens no foro da causa, razão pela qual procedeu-se à avaliação e penhora de imóvel de veraneio de Henrique, situado no Guarujá/SP, mediante carta precatória. O Oficial de Justiça, mesmo certificando em seu laudo não possuir o conhecimento especializado necessário para o ato, avaliou o imóvel em R$ 150.000,00. Nesse caso, a impugnação ao cumprimento de sentença que verse unicamente o vício de avaliação', 'A');
insert into opcoes (num_exame, num_questao, letra_opcao, texto)
values(18, 54, 'A', 'poderá ser oferecida no juízo deprecante ou deprecado, sendo o juízo deprecante o competente para julgá-la.');
insert into opcoes (num_exame, num_questao, letra_opcao, texto)
values(18, 54, 'B', 'poderá ser oferecida no juízo deprecante ou deprecado, sendo o juízo deprecado o competente para julgá-la.');
insert into opcoes (num_exame, num_questao, letra_opcao, texto)
values(18, 54, 'C', 'deverá ser oferecida no juízo deprecado, sendo o juízo deprecante o competente para julgá-la.');
insert into opcoes (num_exame, num_questao, letra_opcao, texto)
values(18, 54, 'D', 'deverá ser oferecida no juízo deprecante, sendo o juízo deprecado o competente para julgá-la.');
insert into questoes (num_exame, num_questao, enunciado, opcao_correta)
values(18, 55, 'X contratou um plano de saúde com cobertura integral e sem carência junto à operadora Saúde 100%, em 19 de outubro de 2012. Seis meses depois, precisou se submeter a uma cirurgia na coluna, mas o plano se negou a cobri-la, sob alegação de que tal procedimento não estava previsto em contrato. Inconformado, X ajuizou ação visando ao cumprimento forçado da obrigação, demanda essa distribuída perante a 10ª Vara Cível da comarca do Rio de Janeiro, de titularidade do magistrado Y. Após regular tramitação, o pedido autoral foi julgado procedente, tendo em sentença sido fixado o prazo de 10 dias para a efetivação da cirurgia, sob pena de multa de R$ 1.000,00 por dia de atraso. Três meses depois do trânsito em julgado, e ainda não tendo sido cumprida a obrigação, X requereu a majoração da multa diária, pedido este indeferido pelo juiz Y, sob alegação de estar impedido de atuar por força da coisa julgada material. Sobre os fatos, assinale a afirmativa correta.', 'A');
insert into opcoes (num_exame, num_questao, letra_opcao, texto)
values(18, 55, 'A', 'O magistrado agiu corretamente, cabendo ao autor apenas cobrar a multa vencida.');
insert into opcoes (num_exame, num_questao, letra_opcao, texto)
values(18, 55, 'B', 'A multa poderia ser aumentada, ou até mesmo substituída por outra medida de apoio mais efetiva, a fim de concretizar o direito do autor.');
insert into opcoes (num_exame, num_questao, letra_opcao, texto)
values(18, 55, 'C', 'A multa somente poderia ser aumentada se o autor conseguisse modificar a sentença por meio de uma ação rescisória.');
insert into opcoes (num_exame, num_questao, letra_opcao, texto)
values(18, 55, 'D', 'A multa não poderia ser aumentada, mas o juiz poderia condenar a empresa ré a pagar danos morais ao autor.');
insert into questoes (num_exame, num_questao, enunciado, opcao_correta)
values(18, 56, 'Márcia trafegava regularmente a 40 km/h em uma rua da cidade de Salvador/BA quando seu carro foi abalroado pelo veículo de Tânia que, ao atender a uma ligação do telefone celular enquanto dirigia, perdeu a direção e invadiu a pista contrária de rolamento, causando o acidente. Acalmados os ânimos, as partes não chegaram a um acordo, pelo que Márcia ajuizou, perante a 2ª Vara Cível de Salvador/BA, uma ação de reparação de danos materiais, danos morais e lucros cessantes contra Tânia, que, após ser regularmente citada, contestou todos os pedidos autorais, alegando não ter dado causa ao acidente. Em sentença, após o tramitar processual em que foram cumpridas todas as exigências procedimentais, o magistrado julga procedentes os pedidos de danos materiais e de danos morais, rejeitando, porém, o de pedido de lucros cessantes, por entender inexistirem provas desse dano alegado, tendo tal sentença transitada em julgado em 19/10/2012. Sobre os fatos descritos, assinale a afirmativa correta.', 'A');
insert into opcoes (num_exame, num_questao, letra_opcao, texto)
values(18, 56, 'A', 'Márcia poderá propor uma nova demanda com o objetivo de obter os lucros cessantes, desde que apresente, nesse novo processo, as provas da ocorrência desse dano.');
insert into opcoes (num_exame, num_questao, letra_opcao, texto)
values(18, 56, 'B', 'Se Tânia quiser se valer de uma ação rescisória, terá somente até o dia 19/10/2013 para fazê-lo, sob pena de decadência.');
insert into opcoes (num_exame, num_questao, letra_opcao, texto)
values(18, 56, 'C', 'Admitindo-se a hipótese de que Tânia descobrisse que o juiz é irmão de Márcia, ela poderia se valer de uma ação anulatória para fazer cessar os efeitos da sentença, haja vista a falta de imparcialidade do julgador.');
insert into opcoes (num_exame, num_questao, letra_opcao, texto)
values(18, 56, 'D', 'Eventual ação rescisória proposta por Tânia não impede a execução da decisão da sentença por parte de Márcia, ainda que Tânia demonstre que a sentença foi injusta.');
insert into questoes (num_exame, num_questao, enunciado, opcao_correta)
values(18, 57, 'Dominique, cidadão francês, foi parte em procedimento arbitral que teve como sede uma câmara localizada em Paris, na França, tendo este também sido o local onde a sentença foi proferida. Ele obteve êxito em sua pretensão, que foi julgada conforme a legislação francesa, e, agora, deseja receber da parte sucumbente os valores a que faz jus. A parte devedora é brasileira e possui patrimônio no Brasil, sendo a condenação de natureza cível. Ele procura você para, como advogado(a), orientá-lo. Assinale a opção que indica o procedimento que Dominique deve adotar.', 'A');
insert into opcoes (num_exame, num_questao, letra_opcao, texto)
values(18, 57, 'A', 'Iniciar procedimento de cumprimento de sentença perante uma das varas cíveis da comarca onde está localizada a devedora, uma vez que a sentença arbitral, conforme legislação processual brasileira, é titulo executivo judicial.');
insert into opcoes (num_exame, num_questao, letra_opcao, texto)
values(18, 57, 'B', 'Ajuizar ação de execução perante uma das varas cíveis da comarca onde está localizada a devedora, uma vez que a sentença arbitral, conforme legislação processual brasileira, é titulo executivo extrajudicial.');
insert into opcoes (num_exame, num_questao, letra_opcao, texto)
values(18, 57, 'C', 'Dar início aos trâmites para recebimento dos valores perante os tribunais de Paris, na França, uma vez que esse foi o local onde foi conduzido o procedimento de arbitragem.');
insert into opcoes (num_exame, num_questao, letra_opcao, texto)
values(18, 57, 'D', 'Obter, preliminarmente, a homologação da sentença arbitral perante o Superior Tribunal de Justiça, uma vez que, pelas características narradas na questão, trata-se de sentença arbitral estrangeira.');
insert into questoes (num_exame, num_questao, enunciado, opcao_correta)
values(18, 58, 'Edgar pleiteou a remoção da inventariante Joana, nomeada nos autos do processo de inventário dos bens deixados por morte de sua genitora Maria, argumentando que a inventariante não prestou as primeiras declarações no prazo legal e não está defendendo os interesses do espólio. Acerca do incidente de remoção de inventariante e as regras previstas no Código de Processo Civil, assinale a afirmativa correta.', 'A');
insert into opcoes (num_exame, num_questao, letra_opcao, texto)
values(18, 58, 'A', 'O incidente de remoção de inventariante, proposto por Edgar, deverá tramitar nos próprios autos da ação de inventário.');
insert into opcoes (num_exame, num_questao, letra_opcao, texto)
values(18, 58, 'B', 'O juiz, ao receber o requerimento de remoção de inventariante, deverá, conforme previsão expressa do CPC, afastar Joana de suas funções imediatamente e, em seguida, determinar a sua intimação para defender-se e produzir provas.');
insert into opcoes (num_exame, num_questao, letra_opcao, texto)
values(18, 58, 'C', 'Acolhido o pedido de remoção da inventariante Joana, o magistrado deverá nomear, prioritariamente, Edgar, em razão de ser o autor do requerimento.');
insert into opcoes (num_exame, num_questao, letra_opcao, texto)
values(18, 58, 'D', 'Removida a inventariante Joana, esta deverá entregar imediatamente ao substituto os bens do espólio de Maria e, se deixar de fazê-lo, será compelida mediante mandado de busca e apreensão ou imissão de posse, conforme se tratar de bem móvel ou imóvel.');
insert into questoes (num_exame, num_questao, enunciado, opcao_correta)
values(18, 59, 'Mário subtraiu uma TV do seu local de trabalho. Ao chegar em casa com a coisa subtraída, é convencido pela esposa a devolvê-la, o que efetivamente vem a fazer no dia seguinte, quando o fato já havia sido registrado na delegacia. O comportamento de Mário, de acordo com a teoria do delito, configura', 'A');
insert into opcoes (num_exame, num_questao, letra_opcao, texto)
values(18, 59, 'A', 'desistência voluntária, não podendo responder por furto.');
insert into opcoes (num_exame, num_questao, letra_opcao, texto)
values(18, 59, 'B', 'arrependimento eficaz, não podendo responder por furto.');
insert into opcoes (num_exame, num_questao, letra_opcao, texto)
values(18, 59, 'C', 'arrependimento posterior, com reflexo exclusivamente no processo dosimétrico da pena.');
insert into opcoes (num_exame, num_questao, letra_opcao, texto)
values(18, 59, 'D', 'furto, sendo totalmente irrelevante a devolução do bem a partir de convencimento da esposa.');
insert into questoes (num_exame, num_questao, enunciado, opcao_correta)
values(18, 60, 'Glória é contratada como secretária de Felipe, um grande executivo de uma sociedade empresarial. Felipe se apaixona por Glória, mas ela nunca lhe deu atenção fora daquela necessária para a profissão. Felipe, então, simula a existência de uma reunião de negócios e pede para que a secretária fique no local para auxiliá-lo. À noite, Glória comparece à sala do executivo acreditando que ocorreria a reunião, quando é surpreendida por este, que coloca uma faca em seu pescoço e exige a prática de atos sexuais, sendo, em razão do medo, atendido. Após o ato, Felipe afirmou que Glória deveria comparecer normalmente ao trabalho no dia seguinte e ainda lhe entregou duas notas de R$ 100,00. Diante da situação narrada, é correto afirmar que Felipe deverá responder pela prática do crime de', 'A');
insert into opcoes (num_exame, num_questao, letra_opcao, texto)
values(18, 60, 'A', 'violação sexual mediante fraude.');
insert into opcoes (num_exame, num_questao, letra_opcao, texto)
values(18, 60, 'B', 'assédio sexual.');
insert into opcoes (num_exame, num_questao, letra_opcao, texto)
values(18, 60, 'C', 'favorecimento da prostituição ou outra forma de exploração sexual.');
insert into opcoes (num_exame, num_questao, letra_opcao, texto)
values(18, 60, 'D', 'estupro.');
insert into questoes (num_exame, num_questao, enunciado, opcao_correta)
values(18, 61, 'No ano de 2014, Bruno, Bernardo e Bianca se uniram com a intenção de praticar, reiteradamente, a contravenção penal de jogo do bicho. Para tanto, reuniam-se toda quarta-feira e decidiam em quais locais o jogo do bicho seria explorado. Chegaram, efetivamente, em uma oportunidade, a explorar o jogo do bicho em determinado estabelecimento. Considerando apenas as informações narradas, Bruno, Bernardo e Bianca responderão', 'A');
insert into opcoes (num_exame, num_questao, letra_opcao, texto)
values(18, 61, 'A', 'pela contravenção penal do jogo do bicho, apenas.');
insert into opcoes (num_exame, num_questao, letra_opcao, texto)
values(18, 61, 'B', 'pela contravenção penal do jogo do bicho e pelo crime de associação criminosa.');
insert into opcoes (num_exame, num_questao, letra_opcao, texto)
values(18, 61, 'C', 'pela contravenção penal do jogo do bicho e pelo crime de organização criminosa.');
insert into opcoes (num_exame, num_questao, letra_opcao, texto)
values(18, 61, 'D', 'pelo crime de associação criminosa, apenas.');
insert into questoes (num_exame, num_questao, enunciado, opcao_correta)
values(18, 62, 'Cacau, de 20 anos, moça pacata residente em uma pequena fazenda no interior do Mato Grosso, mantém um relacionamento amoroso secreto com Noel, filho de um dos empregados de seu pai. Em razão da relação, fica grávida, mas mantém a situação em segredo pelo temor que tinha de seu pai. Após o nascimento de um bebê do sexo masculino, Cacau, sem que ninguém soubesse, em estado puerperal, para ocultar sua desonra, leva a criança para local diverso do parto e a deixa embaixo de uma árvore no meio da fazenda vizinha, sem prestar assistência devida, para que alguém encontrasse e acreditasse que aquele recém-nascido fora deixado por desconhecido. Apesar de a fazenda vizinha ser habitada, ninguém encontra a criança nas 06 horas seguintes, vindo o bebê a falecer. A perícia confirmou que, apesar do estado puerperal, Cacau era imputável no momento dos fatos. Considerando a situação narrada, é correto afirmar que Cacau deverá ser responsabilizada pelo crime de', 'A');
insert into opcoes (num_exame, num_questao, letra_opcao, texto)
values(18, 62, 'A', 'abandono de incapaz qualificado.');
insert into opcoes (num_exame, num_questao, letra_opcao, texto)
values(18, 62, 'B', 'homicídio doloso.');
insert into opcoes (num_exame, num_questao, letra_opcao, texto)
values(18, 62, 'C', 'infanticídio.');
insert into opcoes (num_exame, num_questao, letra_opcao, texto)
values(18, 62, 'D', 'exposição ou abandono de recém-nascido qualificado.');
insert into questoes (num_exame, num_questao, enunciado, opcao_correta)
values(18, 63, 'Maria mantém relacionamento clandestino com João. Acreditando estar grávida, procura o seu amigo Pedro, que é auxiliar de enfermagem, e implora para que ele faça o aborto. Pedro, que já auxiliou diversas cirurgias legais de aborto, acreditando ter condições técnicas de realizar o ato sozinho, atende ao pedido de sua amiga, preocupado com a situação pessoal de Maria, que não poderia assumir a gravidez por ela anunciada. Durante a cirurgia, em razão da imperícia de Pedro, Maria vem a falecer, ficando apurado que, na verdade, ela não estava grávida. Em razão do fato narrado, Pedro deverá responder pelo crime de', 'A');
insert into opcoes (num_exame, num_questao, letra_opcao, texto)
values(18, 63, 'A', 'aborto tentado com consentimento da gestante qualificado pelo resultado morte.');
insert into opcoes (num_exame, num_questao, letra_opcao, texto)
values(18, 63, 'B', 'aborto tentado com consentimento da gestante.');
insert into opcoes (num_exame, num_questao, letra_opcao, texto)
values(18, 63, 'C', 'homicídio culposo.');
insert into opcoes (num_exame, num_questao, letra_opcao, texto)
values(18, 63, 'D', 'homicídio doloso.');
insert into questoes (num_exame, num_questao, enunciado, opcao_correta)
values(18, 64, 'Vinícius, primário e de bons antecedentes e regularmente habilitado, dirigia seu veículo em rodovia na qual a velocidade máxima permitida era de 80 km/h. No banco do carona estava sua namorada Estefânia. Para testar a potência do automóvel, ele passou a dirigir a 140 km/h, acabando por perder o controle do carro, vindo a cair em um barranco. Devido ao acidente, Estefânia sofreu lesão corporal e foi socorrida por policiais rodoviários. No marcador do carro ficou registrada a velocidade desenvolvida. Apesar do ferimento sofrido, a vítima afirmou não querer ver o autor processado por tal comportamento imprudente. Apresentado o inquérito ao Ministério Público, foi oferecida denúncia contra Vinícius pela prática do injusto do Art. 303 da Lei nº 9503/97 (Código de Trânsito Brasileiro), que prevê a pena de 06 meses a 02 anos de detenção e a suspensão ou proibição da permissão ou da habilitação para dirigir veículo automotor. Considerando o acima exposto, a defesa de Vinícius deverá requerer', 'A');
insert into opcoes (num_exame, num_questao, letra_opcao, texto)
values(18, 64, 'A', 'a extinção do processo por não ter o Ministério Público legitimidade para oferecer denúncia, em razão da ausência de representação da vítima.');
insert into opcoes (num_exame, num_questao, letra_opcao, texto)
values(18, 64, 'B', 'a realização de audiência de composição civil.');
insert into opcoes (num_exame, num_questao, letra_opcao, texto)
values(18, 64, 'C', 'a realização de audiência para proposta de transação penal.');
insert into opcoes (num_exame, num_questao, letra_opcao, texto)
values(18, 64, 'D', 'a suspensão condicional do processo, caso a denúncia seja recebida.');
insert into questoes (num_exame, num_questao, enunciado, opcao_correta)
values(18, 65, 'Bruna foi presa em flagrante e denunciada pela prática de um crime de falsificação de documento público. Na ocasião da prisão, foi apreendida uma mochila que estava dentro do veículo de Bruna, sendo que em seu interior existiam algumas joias. Diante da natureza do crime apurado, não existe mais interesse na mochila apreendida com as joias para o desenrolar do processo. Cláudia, colega de trabalho de Bruna, requer a restituição desses bens, alegando ser proprietária. Existe, porém, dúvida quanto ao direito da reclamante. Considerando as informações narradas na hipótese, é correto afirmar que', 'A');
insert into opcoes (num_exame, num_questao, letra_opcao, texto)
values(18, 65, 'A', 'a restituição poderá ser ordenada pela autoridade policial ou pelo juiz, sempre ouvido o Ministério Público.');
insert into opcoes (num_exame, num_questao, letra_opcao, texto)
values(18, 65, 'B', 'o pedido de restituição não deverá ser autuado em autos em apartado.');
insert into opcoes (num_exame, num_questao, letra_opcao, texto)
values(18, 65, 'C', 'havendo dúvida sobre o verdadeiro dono, não superada no incidente, o juiz remeterá as partes para o juízo cível, ordenando o depósito das coisas.');
insert into opcoes (num_exame, num_questao, letra_opcao, texto)
values(18, 65, 'D', 'não caberá produção de provas no incidente de restituição.');
insert into questoes (num_exame, num_questao, enunciado, opcao_correta)
values(18, 66, 'O Ministério Público ofereceu denúncia em face de Cristiano, Luiz e Leonel pela prática do crime de associação para o tráfico. Na audiência designada para realização dos interrogatórios, Cristiano, preso em outra unidade da Federação, foi interrogado através de vídeoconferência. Luiz foi interrogado na presença física do magistrado e respondeu às perguntas realizadas. Já Leonel optou por permanecer em silêncio. Sobre o interrogatório, considerando as informações narradas, assinale a afirmativa correta.', 'A');
insert into opcoes (num_exame, num_questao, letra_opcao, texto)
values(18, 66, 'A', 'O interrogatório judicial, notadamente após o advento da Lei nº 10.792/2003, deve ser interpretado apenas como meio de prova e não também como ato de defesa dos acusados.');
insert into opcoes (num_exame, num_questao, letra_opcao, texto)
values(18, 66, 'B', 'Luiz, ainda que não impute crime a terceiro, não poderá mentir sobre os fatos a ele imputados, apesar de poder permanecer em silêncio.');
insert into opcoes (num_exame, num_questao, letra_opcao, texto)
values(18, 66, 'C', 'A defesa técnica de Cristiano não poderá, em hipótese alguma, formular perguntas para o corréu Luiz.');
insert into opcoes (num_exame, num_questao, letra_opcao, texto)
values(18, 66, 'D', 'O interrogatório por vídeoconferência de Cristiano pode ser considerado válido se fundamentado, pelo magistrado, no risco concreto de fuga durante o deslocamento.');
insert into questoes (num_exame, num_questao, enunciado, opcao_correta)
values(18, 67, 'Estando preso e cumprindo pena na cidade de Campos, interior do estado do Rio de Janeiro, Paulo efetua ligação telefônica para a casa de Maria, localizada na cidade de Niterói, no mesmo Estado, anunciando o falso sequestro do filho desta e exigindo o depósito da quantia de R$ 2.000,00 (dois mil reais), a ser efetuado em conta bancária na cidade do Rio de Janeiro. Maria, atemorizada, efetua a transferência do respectivo valor, no mesmo dia, de sua conta-corrente de uma agência bancária situada em São Gonçalo. Descoberto o fato e denunciado pelo crime de extorsão, assinale a opção que indica o juízo competente para o julgamento.', 'A');
insert into opcoes (num_exame, num_questao, letra_opcao, texto)
values(18, 67, 'A', 'Vara Criminal de Campos.');
insert into opcoes (num_exame, num_questao, letra_opcao, texto)
values(18, 67, 'B', 'Vara Criminal de Niterói.');
insert into opcoes (num_exame, num_questao, letra_opcao, texto)
values(18, 67, 'C', 'Vara Criminal de São Gonçalo.');
insert into opcoes (num_exame, num_questao, letra_opcao, texto)
values(18, 67, 'D', 'Vara Criminal do Rio de Janeiro.');
insert into questoes (num_exame, num_questao, enunciado, opcao_correta)
values(18, 68, 'Determinada autoridade policial recebeu informações de vizinhos de Lucas dando conta de que ele possuía arma de fogo calibre.38 em sua casa, razão pela qual resolveu indiciá- lo pela prática de crime de posse de arma de fogo de uso permitido, infração de médio potencial ofensivo, punida com pena de detenção de 01 a 03 anos e multa. No curso das investigações, requereu ao Judiciário interceptação telefônica da linha do aparelho celular de Lucas para melhor investigar a prática do crime mencionado, tendo sido o pedido deferido. De acordo com a situação narrada, a prova oriunda da interceptação deve ser considerada', 'A');
insert into opcoes (num_exame, num_questao, letra_opcao, texto)
values(18, 68, 'A', 'ilícita, pois somente o Ministério Público tem legitimidade para representar pela medida.');
insert into opcoes (num_exame, num_questao, letra_opcao, texto)
values(18, 68, 'B', 'válida, desde que tenha sido deferida por ordem do juiz competente para ação principal.');
insert into opcoes (num_exame, num_questao, letra_opcao, texto)
values(18, 68, 'C', 'ilícita, pois o crime investigado é punido com detenção.');
insert into opcoes (num_exame, num_questao, letra_opcao, texto)
values(18, 68, 'D', 'ilícita, assim como as dela derivadas, ainda que estas pudessem ser obtidas por fonte independente da primeira.');
insert into questoes (num_exame, num_questao, enunciado, opcao_correta)
values(18, 69, 'No dia 10 de maio de 2015, Maria, 25 anos, foi vítima de um crime de estupro simples, mas, traumatizada, não mostrou interesse em dar início a qualquer investigação penal ou ação penal em relação aos fatos. Os pais de Maria, porém, requerem a instauração de inquérito policial para apurar autoria, entendendo que, após identificar o agente, Maria poderá decidir melhor sobre o interesse na persecução penal. Foi proferido despacho indeferindo o requerimento de abertura de inquérito. Considerando a situação narrada, assinale a afirmativa correta.', 'A');
insert into opcoes (num_exame, num_questao, letra_opcao, texto)
values(18, 69, 'A', 'Do despacho que indefere o requerimento de abertura de inquérito policial não cabe qualquer recurso, administrativo ou judicial.');
insert into opcoes (num_exame, num_questao, letra_opcao, texto)
values(18, 69, 'B', 'Em que pese o interesse de Maria ser relevante para o início da ação penal, a instauração de inquérito policial independe de sua representação.');
insert into opcoes (num_exame, num_questao, letra_opcao, texto)
values(18, 69, 'C', 'Caso Maria manifeste interesse na instauração de inquérito policial após o indeferimento, ainda dentro do prazo decadencial, o procedimento poderá ter início, independentemente do surgimento de novas provas.');
insert into opcoes (num_exame, num_questao, letra_opcao, texto)
values(18, 69, 'D', 'Apesar de os pais de Maria não poderem requerer a instauração de inquérito policial, o Ministério Público pode requisitar o início do procedimento na hipótese, tendo em vista a natureza pública da ação.');
insert into questoes (num_exame, num_questao, enunciado, opcao_correta)
values(18, 70, 'Em normas coletivas firmadas pela empresa Montagens Industriais Ltda., há previsão de multa por descumprimento de cláusulas normativas que foram efetivamente descumpridas pela empresa. Diante disso, assinale a afirmativa correta.', 'A');
insert into opcoes (num_exame, num_questao, letra_opcao, texto)
values(18, 70, 'A', 'O empregado terá de ajuizar tantas ações quantas forem as lesões, postulando, em cada uma delas, a multa pelo descumprimento de obrigações previstas nas respectivas cláusulas.');
insert into opcoes (num_exame, num_questao, letra_opcao, texto)
values(18, 70, 'B', 'Tratando-se de multa prevista em instrumento normativo em decorrência de descumprimento de cláusula que reproduz texto de lei, a multa é incabível.');
insert into opcoes (num_exame, num_questao, letra_opcao, texto)
values(18, 70, 'C', 'Tendo em vista a reprodução de textos de lei em cláusulas de instrumentos normativos diversos, ficará a critério do juiz definir se pode haver esse acúmulo.');
insert into opcoes (num_exame, num_questao, letra_opcao, texto)
values(18, 70, 'D', 'O descumprimento de qualquer cláusula constante de instrumentos normativos diversos não submete o empregado a ajuizar várias ações, pleiteando, em cada uma, o pagamento de multa referente ao descumprimento de obrigações previstas nas respectivas cláusulas.');
insert into questoes (num_exame, num_questao, enunciado, opcao_correta)
values(18, 71, 'Plácido, empregado de um restaurante, sem qualquer motivo, passou a agredir verbalmente seu superior, até que, violentamente, quebrou uma mesa e uma cadeira que estavam próximas. Contornada a situação, Plácido foi dispensado e a empresa descontou no seu TRCT os valores do prejuízo com os móveis, que correspondiam a 60% do salário do trabalhador. Sobre o episódio apresentado, assinale a opção correta.', 'A');
insert into opcoes (num_exame, num_questao, letra_opcao, texto)
values(18, 71, 'A', 'A empresa pode descontar o valor mesmo sem previsão contratual para tanto, pois a atitude de Plácido, ao praticar o dano, foi dolosa.');
insert into opcoes (num_exame, num_questao, letra_opcao, texto)
values(18, 71, 'B', 'O desconto na remuneração do empregado relativo ao dano causado é vedado em qualquer hipótese.');
insert into opcoes (num_exame, num_questao, letra_opcao, texto)
values(18, 71, 'C', 'A empresa só poderia descontar o valor do dano causado por Plácido se houvesse previsão contratual nesse sentido.');
insert into opcoes (num_exame, num_questao, letra_opcao, texto)
values(18, 71, 'D', 'Não estando a parcela relacionada a um desconto tipificado em lei, não pode haver o desconto nas verbas devidas a Plácido.');
insert into questoes (num_exame, num_questao, enunciado, opcao_correta)
values(18, 72, 'Jefferson, empregado da sociedade empresária Editora Século XIX, resolve adotar, sozinho, uma criança de 5 anos de idade. Diante da hipótese, de acordo com a legislação em vigor, assinale a afirmativa correta.', 'A');
insert into opcoes (num_exame, num_questao, letra_opcao, texto)
values(18, 72, 'A', 'Jefferson não terá direito à licença-maternidade, por falta de dispositivo legal.');
insert into opcoes (num_exame, num_questao, letra_opcao, texto)
values(18, 72, 'B', 'Jefferson receberá salário-maternidade, mas não terá direito à licença-maternidade, porque a regra aplica-se apenas às mulheres.');
insert into opcoes (num_exame, num_questao, letra_opcao, texto)
values(18, 72, 'C', 'Jefferson terá direito à licença-maternidade, pois este direito aplica-se à pessoa que adotar, independentemente do gênero.');
insert into opcoes (num_exame, num_questao, letra_opcao, texto)
values(18, 72, 'D', 'Jefferson terá direito à licença-maternidade de 60 dias.');
insert into questoes (num_exame, num_questao, enunciado, opcao_correta)
values(18, 73, 'Nelson foi contratado como vigilante, diretamente pelo Banco Moeda Firme, empresa que assinou a sua carteira profissional. Ele atua em diversas agências bancárias e recebe adicional de periculosidade em seu contracheque. Sobre a categoria profissional de Nelson e em relação ao adicional de periculosidade, assinale a opção correta de acordo com a jurisprudência do TST.', 'A');
insert into opcoes (num_exame, num_questao, letra_opcao, texto)
values(18, 73, 'A', 'Nelson não é bancário.');
insert into opcoes (num_exame, num_questao, letra_opcao, texto)
values(18, 73, 'B', 'O recebimento do adicional de periculosidade é uma liberalidade do empregador.');
insert into opcoes (num_exame, num_questao, letra_opcao, texto)
values(18, 73, 'C', 'Nelson integra a categoria dos bancários, já que seu empregador explora essa atividade.');
insert into opcoes (num_exame, num_questao, letra_opcao, texto)
values(18, 73, 'D', 'A situação é irregular, pois o serviço de vigilante precisa ser terceirizado.');
insert into questoes (num_exame, num_questao, enunciado, opcao_correta)
values(18, 74, 'Reinaldo trabalha em uma empresa cujo regulamento interno prevê que o empregador pagará a conta de telefone celular do empregado, até o limite de R$ 150,00 mensais. Posteriormente, havendo crise no setor em que a empresa atua, o regulamento interno foi expressamente alterado para constar que, dali em diante, a empresa arcará com a conta dos celulares dos empregados até o limite de R$ 50,00 mensais. De acordo com o entendimento consolidado do TST, assinale a afirmativa correta.', 'A');
insert into opcoes (num_exame, num_questao, letra_opcao, texto)
values(18, 74, 'A', 'O regulamento interno é ato unilateral de vontade do empregador, que poderá modificá-lo a qualquer momento, daí por que não há direito adquirido e a nova condição alcança Reinaldo.');
insert into opcoes (num_exame, num_questao, letra_opcao, texto)
values(18, 74, 'B', 'A alteração somente é válida para aqueles que foram admitidos anteriormente à mudança e não prevalece para os que forem contratados após a mudança.');
insert into opcoes (num_exame, num_questao, letra_opcao, texto)
values(18, 74, 'C', 'A alteração é válida, mas só alcança aqueles admitidos posteriormente à mudança, não podendo então alcançar a situação de Reinaldo.');
insert into opcoes (num_exame, num_questao, letra_opcao, texto)
values(18, 74, 'D', 'A alteração feita pela empresa é ilegal, pois, uma vez concedida a benesse, ela não pode ser retirada em momento algum e para nenhum empregado, atual ou futuro.');
insert into questoes (num_exame, num_questao, enunciado, opcao_correta)
values(18, 75, 'Jorge, Luiz e Pedro trabalham na mesma empresa. Na época designada para o gozo das férias, eles foram informados pelo empregador que Jorge não teria direito às férias porque havia faltado, injustificadamente, 34 dias ao longo do período aquisitivo; que Luiz teria que fracionar as férias em três períodos de 10 dias e que Pedro deveria converter 2/3 das férias em abono pecuniário, podendo gozar de apenas 1/3 destas, em razão da necessidade de serviço do setor de ambos. Diante disso, assinale a afirmativa correta.', 'A');
insert into opcoes (num_exame, num_questao, letra_opcao, texto)
values(18, 75, 'A', 'A informação do empregador foi correta nos três casos.');
insert into opcoes (num_exame, num_questao, letra_opcao, texto)
values(18, 75, 'B', 'Apenas no caso de Jorge o empregador está correto.');
insert into opcoes (num_exame, num_questao, letra_opcao, texto)
values(18, 75, 'C', 'O empregador agiu corretamente nos casos de Jorge e de Luiz, mas não no de Pedro.');
insert into opcoes (num_exame, num_questao, letra_opcao, texto)
values(18, 75, 'D', 'O empregador está errado nas três hipóteses.');
insert into questoes (num_exame, num_questao, enunciado, opcao_correta)
values(18, 76, 'A empresa XPTO Ltda., necessitando dispensar empregado estável, ajuizou inquérito para apuração de falta grave em face de seu empregado. No dia da audiência, a empresa apresentou seis testemunhas, protestando pela oitiva de todas. O empregado apresentou três testemunhas, afirmando ser este o limite na Justiça do Trabalho. Assinale a alternativa que mostra qual advogado agiu da forma determinada na CLT.', 'A');
insert into opcoes (num_exame, num_questao, letra_opcao, texto)
values(18, 76, 'A', 'O advogado da empresa agiu corretamente, pois trata-se de inquérito para apuração de falta grave.');
insert into opcoes (num_exame, num_questao, letra_opcao, texto)
values(18, 76, 'B', 'O juiz determinou que a empresa dispensasse três das seis testemunhas, pois é necessário o equilíbrio com a outra parte. Logo, ambos os advogados agiram corretamente, levando o número de testemunhas que entendiam cabível.');
insert into opcoes (num_exame, num_questao, letra_opcao, texto)
values(18, 76, 'C', 'O advogado do empregado está correto, pois o limite de testemunhas para o processo de rito ordinário é de três para cada parte.');
insert into opcoes (num_exame, num_questao, letra_opcao, texto)
values(18, 76, 'D', 'Os dois advogados se equivocaram, pois o limite legal é de três por processo no rito ordinário, sendo as testemunhas do juízo.');
insert into questoes (num_exame, num_questao, enunciado, opcao_correta)
values(18, 77, 'Em ação trabalhista, a parte ré recebeu a notificação da sentença em um sábado. Assinale a opção que, de acordo com a CLT, indica o dia a partir do qual se iniciará a contagem do prazo recursal.', 'A');
insert into opcoes (num_exame, num_questao, letra_opcao, texto)
values(18, 77, 'A', 'O início do prazo será na segunda-feira e a contagem do prazo deverá ser iniciada na terça-feira, se forem dias úteis.');
insert into opcoes (num_exame, num_questao, letra_opcao, texto)
