insert into practise_exams (id)
values(20);
insert into questions (id, professor_id, coordinator_id, subarea_id,statement)
values(1, 1, 1, 1, 'A advogada Laila representou judicialmente Rita, em processo no qual esta postulava a condenação do Município de Manaus ao cumprimento de obrigação de pagar quantia certa. Fora acordado entre Laila e Rita o pagamento de valor determinado à advogada, a título de honorários, por meio de negócio jurídico escrito e válido. Após o transcurso do processo, a Fazenda Pública foi condenada, nos termos do pedido autoral. Antes da expedição do precatório, Laila juntou aos autos o contrato de honorários, no intuito de obter os valores pactuados. Considerando a situação narrada, é correto afirmar que');
insert into alternatives (question_id, professor_id, description)
values(1, 1, 'Laila deverá executar os honorários em face de Rita em processo autônomo, sendo vedado o pagamento nos mesmos autos, por se tratar de honorários contratuais e não sucumbenciais.');
insert into alternatives (question_id, professor_id, description)
values(1, 1, 'o juiz deverá determinar que os valores acordados a título de honorários sejam pagos diretamente a Laila, por dedução da quantia a ser recebida por Rita, independentemente de concordância desta nos autos, salvo se Rita provar que já os pagou.');
insert into alternatives (question_id, professor_id, description)
values(1, 1, 'Laila deverá executar os honorários em face do município de Manaus, em processo autônomo de execução, sendo vedado o pagamento nos mesmos autos, por se tratar de honorários contratuais e não sucumbenciais.');
insert into alternatives (question_id, professor_id, description)
values(1, 1, 'o juiz poderá determinar que os valores acordados a título de honorários sejam pagos diretamente a Laila, por dedução da quantia a ser recebida por Rita, caso Rita apresente sua concordância nos autos.');
insert into questions (id, professor_id, coordinator_id, subarea_id,statement)
values(2, 1, 1, 1, 'Michael foi réu em um processo criminal, denunciado pela prática do delito de corrupção passiva. Sua defesa técnica no feito foi realizada pela advogada Maria, que, para tanto, teve acesso a comprovantes de rendimentos e extratos da conta bancária de Michael. Tempos após o término do processo penal, a ex-mulher de Michael ajuizou demanda, postulando, em face dele, a prestação de alimentos. Ciente de que Maria conhecia os rendimentos de Michael, a autora arrolou a advogada como testemunha. Considerando o caso narrado e o disposto no Código de Ética e Disciplina da OAB, assinale a afirmativa correta.');
insert into alternatives (question_id, professor_id, description)
values(2, 1, 'Maria deverá depor como testemunha, prestando compromisso de dizer a verdade, e revelar tudo o que souber, mesmo que isto prejudique Michael, uma vez que não é advogada dele no processo de natureza cível.');
insert into alternatives (question_id, professor_id, description)
values(2, 1, 'Maria deverá depor como testemunha, mesmo que isto prejudique Michael, uma vez que não é advogada dele no processo de natureza cível, mas terá o direito e o dever de se calar apenas quanto às informações acobertadas pelo sigilo bancário de Michael.');
insert into alternatives (question_id, professor_id, description)
values(2, 1, 'Maria deverá recursar-se a depor como testemunha, exceto se Michael expressamente autorizá-la, caso em que deverá informar o que souber, mesmo que isto prejudique Michael.');
insert into alternatives (question_id, professor_id, description)
values(2, 1, 'Maria deverá recursar-se a depor como testemunha, ainda que Michael expressamente lhe autorize ou solicite que revele o que sabe.');
insert into questions (id, professor_id, coordinator_id, subarea_id,statement)
values(3, 1, 1, 1, 'A advogada Taís foi contratada por Lia para atuar em certo processo ajuizado perante o Juizado Especial Cível. Foi acordado o pagamento de honorários advocatícios no valor de R$ 5.000,00 (cinco mil reais). O feito seguiu regularmente o rito previsto na Lei nº 9.099/95, tendo o magistrado, antes da instrução e julgamento, esclarecido as partes sobre as vantagens da conciliação, obtendo a concordância dos litigantes pela solução consensual do conflito. Considerando o caso relatado, assinale a afirmativa correta.');
insert into alternatives (question_id, professor_id, description)
values(3, 1, 'Diante da conciliação entre as partes, ocorrida antes da instrução e julgamento do feito, Taís fará jus à metade do valor acordado a título de honorários advocatícios.');
insert into alternatives (question_id, professor_id, description)
values(3, 1, 'A conciliação entre as partes, ocorrida antes da instrução e julgamento do feito, não prejudica os honorários convencionados, salvo aquiescência de Taís.');
insert into alternatives (question_id, professor_id, description)
values(3, 1, 'Diante da conciliação entre as partes, ocorrida antes da instrução e julgamento do feito, deverá o magistrado, ao homologar o acordo, fixar o valor que competirá a Taís, a título de honorários advocatícios, não prevalecendo a pactuação anterior entre cliente e advogada.');
insert into alternatives (question_id, professor_id, description)
values(3, 1, 'Em razão da conciliação entre as partes, ocorrida antes da instrução e julgamento do feito, deverá ser pactuado, por Taís e Lia, novo valor a título de honorários advocatícios, não prevalecendo a obrigação anteriormente fixada.');
insert into questions (id, professor_id, coordinator_id, subarea_id,statement)
values(4, 1, 1, 1, 'João outorgou procuração ao advogado Antônio, para sua defesa em certo processo. Todavia, decorridos alguns dias, João concluiu que a atuação de apenas um profissional não seria suficiente à sua satisfatória representação e buscou Antônio, a fim de informá-lo de que pretendia também contratar o advogado Luiz, para atuar juntamente com ele no feito. Ocorre que Antônio negou-se a aceitar a indicação, por duvidar das qualidades profissionais do colega. Meses depois, convencido de que realmente precisa de auxílio, resolveu substabelecer o mandato, com reserva de poderes, ao advogado Lucas, que goza de sua absoluta confiança. Diante da situação narrada, assinale a afirmativa correta.');
insert into alternatives (question_id, professor_id, description)
values(4, 1, 'A recusa de Antônio à indicação de outro profissional pelo cliente não constitui infração ética, pois o advogado não é obrigado a aceitar a indicação de outro profissional para com ele trabalhar no processo. Por sua vez, o substabelecimento do mandato a Lucas depende de prévia comunicação a João.');
insert into alternatives (question_id, professor_id, description)
values(4, 1, 'A recusa de Antônio à indicação de outro profissional pelo cliente constitui infração ética, uma vez que ele comportou-se com deslealdade em face do colega advogado, pronunciando-se contra sua contratação. Por sua vez, o substabelecimento do mandato a Lucas depende de prévia comunicação a João.');
insert into alternatives (question_id, professor_id, description)
values(4, 1, 'A recusa de Antônio à indicação de outro profissional pelo cliente constitui infração ética, uma vez que ele comportou-se com deslealdade em face do colega advogado, pronunciando-se contra sua contratação. Por sua vez, o substabelecimento do mandato a Lucas independe de prévia comunicação a João, pois constitui ato pessoal do advogado da causa.');
insert into alternatives (question_id, professor_id, description)
values(4, 1, 'A recusa de Antônio à indicação de outro profissional pelo cliente não constitui infração ética, pois o advogado não é obrigado a aceitar a indicação de outro profissional para com ele trabalhar no processo. Por sua vez, o substabelecimento do mandato a Lucas independe de comunicação a João, já que constitui ato pessoal do advogado da causa.');
insert into questions (id, professor_id, coordinator_id, subarea_id,statement)
values(5, 1, 1, 1, 'Fabiano é conselheiro eleito de certo Conselho Seccional da OAB. No curso do mandato, Fabiano pratica infração disciplinar e sofre condenação, em definitivo, à pena de censura. Considerando a situação descrita e o disposto no Estatuto da OAB, o mandato de Fabiano no Conselho Seccional');
insert into alternatives (question_id, professor_id, description)
values(5, 1, 'será extinto, apenas se a sanção disciplinar aplicada for de exclusão.');
insert into alternatives (question_id, professor_id, description)
values(5, 1, 'será extinto, apenas se a sanção por infração disciplinar aplicada for de exclusão ou de suspensão.');
insert into alternatives (question_id, professor_id, description)
values(5, 1, 'será extinto, independentemente da natureza da sanção disciplinar aplicada.');
insert into alternatives (question_id, professor_id, description)
values(5, 1, 'será extinto, apenas se a sanção aplicada for de suspensão ou se for reincidente em infração disciplinar.');
insert into questions (id, professor_id, coordinator_id, subarea_id,statement)
values(6, 1, 1, 1, 'Charles é presidente de certo Conselho Seccional da OAB. Não obstante, no curso do mandato, Charles vê-se envolvido em dificuldades no seu casamento com Emma, e decide renunciar ao mandato, para dedicar-se às suas questões pessoais. Sobre o caso, assinale a afirmativa correta.');
insert into alternatives (question_id, professor_id, description)
values(6, 1, 'O sucessor de Charles deverá ser eleito pelo Conselho Federal da OAB, dentre os membros do Conselho Seccional respectivo.');
insert into alternatives (question_id, professor_id, description)
values(6, 1, 'O sucessor de Charles deverá ser eleito pelo Conselho Seccional respectivo, dentre seus membros.');
insert into alternatives (question_id, professor_id, description)
values(6, 1, 'O sucessor de Charles deverá ser eleito pela Subseção respectiva, dentre seus membros.');
insert into alternatives (question_id, professor_id, description)
values(6, 1, 'O sucessor de Charles deverá ser eleito por votação direta dos advogados regularmente inscritos perante o Conselho Seccional respectivo.');
insert into questions (id, professor_id, coordinator_id, subarea_id,statement)
values(7, 1, 1, 1, 'As advogadas Tereza, Gabriela e Esmeralda desejam integrar a lista a ser encaminhada ao Tribunal de Justiça de determinado estado da federação, para preenchimento de vaga constitucionalmente destinada aos advogados na composição do Tribunal. Tereza exerce regular e efetivamente a atividade de advocacia há 15 anos. Possui reputação ilibada e saber jurídico tão notório que a permitiu ser eleita conselheira suplente, para a atual gestão, de determinada subseção da OAB. Gabriela, embora nunca tenha integrado órgão da OAB, exerce, regular e efetivamente, a advocacia há 06 anos e é conhecida por sua conduta ética e seu profundo conhecimento do Direito. Por sua vez, Esmeralda pratica regularmente a advocacia há 10 anos. Também é inconteste seu extenso conhecimento jurídico. A reputação ilibada de Esmeralda é comprovada diariamente no corretíssimo exercício de sua função de tesoureira da Caixa de Assistência de Advogados da Seccional da OAB na qual inscrita. Sobre o caso narrado, assinale a afirmativa correta.');
insert into alternatives (question_id, professor_id, description)
values(7, 1, 'Nenhuma das advogadas deverá compor a lista a ser encaminhada ao Tribunal de Justiça.');
insert into alternatives (question_id, professor_id, description)
values(7, 1, 'Apenas Tereza e Esmeralda deverão compor a lista a ser encaminhada ao Tribunal de Justiça.');
insert into alternatives (question_id, professor_id, description)
values(7, 1, 'Apenas Gabriela deverá compor a lista a ser encaminhada ao Tribunal de Justiça.');
insert into alternatives (question_id, professor_id, description)
values(7, 1, 'Apenas Tereza deverá compor a lista a ser encaminhada ao Tribunal de Justiça.');
insert into questions (id, professor_id, coordinator_id, subarea_id,statement)
values(8, 1, 1, 1, 'A advogada Dolores cometeu infração disciplinar sujeita à sanção de suspensão em 12/07/2004. Em 13/07/2008 o fato foi oficialmente constatado, tendo sido encaminhada notícia a certo Conselho Seccional da OAB. Em 14/07/2010 foi instaurado processo disciplinar. Em 15/07/2012 foi aplicada definitivamente a sanção disciplinar de suspensão. Sobre o tema, assinale a afirmativa correta.');
insert into alternatives (question_id, professor_id, description)
values(8, 1, 'A pretensão à punibilidade das infrações disciplinares prescreve em oito anos. No caso narrado, não se operou o fenômeno prescritivo.');
insert into alternatives (question_id, professor_id, description)
values(8, 1, 'A pretensão à punibilidade das infrações disciplinares prescreve em cinco anos. No caso narrado, operou-se o fenômeno prescritivo, pois decorridos mais de cinco anos entre a data do fato e a instauração do processo disciplinar.');
insert into alternatives (question_id, professor_id, description)
values(8, 1, 'A pretensão à punibilidade das infrações disciplinares prescreve em oito anos. No caso narrado, operou-se o fenômeno prescritivo, pois decorridos mais de oito anos entre a data do fato e a aplicação definitiva da sanção disciplinar.');
insert into alternatives (question_id, professor_id, description)
values(8, 1, 'A pretensão à punibilidade das infrações disciplinares prescreve em cinco anos. No caso narrado, não se operou o fenômeno prescritivo.');
insert into questions (id, professor_id, coordinator_id, subarea_id,statement)
values(9, 1, 1, 1, 'Guilherme é advogado de José em ação promovida por este em face de Bruno, cujo advogado é Gabriel. Na audiência de conciliação, ao deparar-se com Bruno, Guilherme o reconhece como antigo amigo da época de colégio, com o qual havia perdido contato. Dias após a realização da audiência, na qual foi frustrada a tentativa de conciliação, Guilherme se reaproxima de Bruno, e com vistas a solucionar o litígio, estabelece entendimento sobre a causa diretamente com ele, sem autorização de José e sem ciência de Gabriel. Na situação narrada, (');
insert into alternatives (question_id, professor_id, description)
values(9, 1, 'Guilherme cometeu infração disciplinar ao estabelecer entendimento com Bruno, tanto pelo fato de não haver ciência de Gabriel, como por não haver autorização de José. (');
insert into alternatives (question_id, professor_id, description)
values(9, 1, 'Guilherme cometeu infração disciplinar ao estabelecer entendimento com Bruno, pelo fato de não haver ciência de Gabriel, mas não por não haver autorização de José. (');
insert into alternatives (question_id, professor_id, description)
values(9, 1, 'Guilherme cometeu infração disciplinar ao estabelecer entendimento com Bruno, pelo fato de não haver autorização de José, mas não por não haver ciência de Gabriel. (');
insert into alternatives (question_id, professor_id, description)
values(9, 1, 'Guilherme não cometeu infração disciplinar ao estabelecer entendimento com Bruno, sem ciência de Gabriel ou autorização de José.');
insert into questions (id, professor_id, coordinator_id, subarea_id,statement)
values(10, 1, 1, 1, 'Júlia é advogada de Fernando, réu em processo criminal de grande repercussão social. Em um programa vespertino da rádio local, o apresentador, ao comentar o caso, afirmou que Júlia era “advogada de porta de cadeia” e “ajudante de bandido”. Ouvinte do programa, Rafaela procurou o Conselho Seccional da OAB e pediu que fosse promovido o desagravo público. Júlia, ao tomar conhecimento do pedido de Rafaela, informou ao Conselho Seccional da OAB que o desagravo não era necessário, pois já ajuizara ação para apurar a responsabilidade civil do apresentador. No caso narrado,');
insert into alternatives (question_id, professor_id, description)
values(10, 1, 'o pedido de desagravo público só pode ser formulado por Júlia, que é a pessoa ofendida em razão do exercício profissional.');
insert into alternatives (question_id, professor_id, description)
values(10, 1, 'o pedido de desagravo pode ser formulado por Rafaela, mas depende da concordância de Júlia, que é a pessoa ofendida em razão do exercício profissional.');
insert into alternatives (question_id, professor_id, description)
values(10, 1, 'o pedido de desagravo pode ser formulado por Rafaela, e não depende da concordância de Júlia, apesar de esta ser a pessoa ofendida em razão do exercício profissional.');
insert into alternatives (question_id, professor_id, description)
values(10, 1, 'o pedido de desagravo público só pode ser formulado por Júlia, que é a pessoa ofendida em razão do exercício profissional, mas o ajuizamento de ação para apurar a responsabilidade civil implica a perda de objeto do desagravo.');
insert into questions (id, professor_id, coordinator_id, subarea_id,statement)
values(11, 1, 1, 1, 'A partir da leitura de Aristóteles (Ética a Nicômaco), assinale a alternativa que corresponde à classificação de justiça constante do texto: “... uma espécie é a que se manifesta nas distribuições de honras, de dinheiro ou das outras coisas que são divididas entre aqueles que têm parte na constituição (pois aí é possível receber um quinhão igual ou desigual ao de um outro)...”');
insert into alternatives (question_id, professor_id, description)
values(11, 1, 'Justiça Natural.');
insert into alternatives (question_id, professor_id, description)
values(11, 1, 'Justiça Comutativa.');
insert into alternatives (question_id, professor_id, description)
values(11, 1, 'Justiça Corretiva.');
insert into alternatives (question_id, professor_id, description)
values(11, 1, 'Justiça Distributiva.');
insert into questions (id, professor_id, coordinator_id, subarea_id,statement)
values(12, 1, 1, 1, 'O raciocínio analógico é típico do pensamento jurídico. Esse é um tema debatido por vários teóricos e filósofos do Direito. Para Norberto Bobbio, na obra Teoria do Ordenamento Jurídico, trata-se de um método de autointegração do Direito. Assinale a opção que, segundo esse autor, apresenta o conceito de analogia.');
insert into alternatives (question_id, professor_id, description)
values(12, 1, 'Subsunção de um caso (premissa menor) a uma norma jurídica (premissa maior) de forma a permitir uma conclusão lógica e necessária.');
insert into alternatives (question_id, professor_id, description)
values(12, 1, 'Existindo relevante semelhança entre dois casos, as consequências jurídicas atribuídas a um caso já regulamentado deverão ser atribuídas também a um caso não-regulamentado.');
insert into alternatives (question_id, professor_id, description)
values(12, 1, 'Raciocínio em que se produz, como efeito, a extensão de uma norma jurídica para casos não previstos por esta.');
insert into alternatives (question_id, professor_id, description)
values(12, 1, 'Decisão, por meio de recurso, às práticas sociais que sejam uniformes e continuadas e que possuam previsão de necessidade jurídica.');
insert into questions (id, professor_id, coordinator_id, subarea_id,statement)
values(13, 1, 1, 1, 'Ao ouvir, em matéria telejornalística, referência ao Conselho Nacional de Justiça (CNJ), João, estudante do primeiro ano de curso jurídico, interessado em melhor compreender a estrutura e as atribuições dos órgãos estatais, procura o seu professor de Direito Constitucional para obter maiores informações sobre o tema. Narra o conteúdo da matéria, informando-lhe não ter conseguido entender adequadamente o papel desempenhado pelo referido Conselho na estrutura do Estado. O referido professor, então, plenamente alicerçado na ordem constitucional, esclarece que o Conselho Nacional de Justiça');
insert into alternatives (question_id, professor_id, description)
values(13, 1, 'é um órgão atípico, que não se encontra na estrutura de nenhum dos Poderes da República, mas que, sem prejuízo das suas atribuições administrativas, excepcionalmente possui atribuições jurisdicionais.');
insert into alternatives (question_id, professor_id, description)
values(13, 1, 'é um órgão pertencente à estrutura do Poder Judiciário e, como tal, possui todas as atribuições jurisdicionais recursais, sem prejuízo das atribuições administrativas de sua competência.');
insert into alternatives (question_id, professor_id, description)
values(13, 1, 'embora seja um órgão pertencente à estrutura do Poder Judiciário, possui atribuições exclusivamente administrativas, não sendo, portanto, órgão com competência jurisdicional.');
insert into alternatives (question_id, professor_id, description)
values(13, 1, 'é um órgão auxiliar da Presidência da República, com atribuições de controle da atividade administrativa, financeira e disciplinar de toda a magistratura, incluído neste rol o Supremo Tribunal Federal.');
insert into questions (id, professor_id, coordinator_id, subarea_id,statement)
values(14, 1, 1, 1, 'Jovem governador do Estado Alfa, vencedor das eleições com o slogan “A vez dos jovens”, propõe projeto de emenda à constituição do Estado a fim de alterar os requisitos para escolha de conselheiros no Tribunal de Contas do Estado. A idade mínima, que antes seguia o padrão constitucional federal, sendo fixada em 35 anos, passaria a ser de 30 anos. Segundo a ordem jurídico-constitucional brasileira, tal norma deveria ser considerada');
insert into alternatives (question_id, professor_id, description)
values(14, 1, 'inconstitucional, pois o padrão estabelecido pela CRFB/88, para o caso, configura típica cláusula de imposição de simetria.');
insert into alternatives (question_id, professor_id, description)
values(14, 1, 'constitucional, pois a organização dos Tribunais de Contas estaduais está exclusivamente submetida ao poder constituinte derivado decorrente.');
insert into alternatives (question_id, professor_id, description)
values(14, 1, 'constitucional, pois está baseada na autonomia dos Estados-Membros, princípio basilar e inflexível que sustenta o Pacto Federativo.');
insert into alternatives (question_id, professor_id, description)
values(14, 1, 'inconstitucional, pois a estrutura do Poder Judiciário somente pode ser disciplinada pela Constituição da República, não pela Constituição Estadual.');
insert into questions (id, professor_id, coordinator_id, subarea_id,statement)
values(15, 1, 1, 1, 'O Presidente da República, cumprido todos os pressupostos constitucionais exigíveis, decreta estado de defesa no Estado- membro Alfa, que foi atingido por calamidades naturais de grandes proporções, o que causou tumulto e invasões a supermercados, farmácias e outros estabelecimentos, com atingimento à ordem pública e à paz social. Mesmo após o prazo inicial de 30 dias ter sido prorrogado por igual período (mais 30 dias), ainda restava evidente a ineficácia das medidas tomadas no decorrer do citado estado de defesa. Sem saber como proceder, a Presidência da República recorre ao seu corpo de assessoramento jurídico que, de acordo com a CRFB/88, informa que');
insert into alternatives (question_id, professor_id, description)
values(15, 1, 'será possível, cumpridas as exigências formais, uma nova prorrogação de, no máximo, 30 dias do estado de defesa.');
insert into alternatives (question_id, professor_id, description)
values(15, 1, 'será possível, cumpridas as exigências formais, prorrogar o estado de defesa até que seja a crise completamente debelada.');
insert into alternatives (question_id, professor_id, description)
values(15, 1, 'será possível, cumpridas as exigências formais, decretar o estado de sítio, já que vedada nova prorrogação do estado de defesa.');
insert into alternatives (question_id, professor_id, description)
values(15, 1, 'será obrigatoriamente decretada a intervenção federal no Estado Alfa, que possibilita a utilização de meios de ação mais contundentes do que os previstos no estado de defesa.');
insert into questions (id, professor_id, coordinator_id, subarea_id,statement)
values(16, 1, 1, 1, 'O deputado federal João da Silva, em seu primeiro mandato, propõe um projeto de lei sobre regulamentação de aplicativos de mensagens. As discussões em plenário se mostram acirradas, sendo o projeto de lei rejeitado. Inconformado, o deputado, por entender que a rejeição do projeto se deveu a fatores circunstanciais e passageiros, quer voltar a tê-lo reavaliado, ainda na mesma sessão legislativa. Em dúvida se poderia vir a fazê-lo, consulta sua assessoria que, em consonância com a CRFB/88, presta a seguinte informação:');
insert into alternatives (question_id, professor_id, description)
values(16, 1, 'A matéria constante do referido projeto de lei somente poderá constituir objeto de novo projeto na próxima sessão legislativa, em deferência ao princípio da oportunidade.');
insert into alternatives (question_id, professor_id, description)
values(16, 1, 'A matéria objeto do projeto de Lei rejeitado ainda poderá ser apreciada na mesma sessão legislativa, desde que proposta pela maioria absoluta dos membros de qualquer uma das casas do Congresso Nacional.');
insert into alternatives (question_id, professor_id, description)
values(16, 1, 'A matéria, objeto do projeto de lei rejeitado, somente poderá ser apreciada na mesma sessão legislativa se comprovadamente tratar de direito que aumente o grau de dignidade e proteção da pessoa humana.');
insert into alternatives (question_id, professor_id, description)
values(16, 1, 'A matéria, discutida em projeto de lei rejeitado pelo Congresso Nacional, não pode ser apreciada na mesma sessão legislativa, exceto se o Presidente da República, alegando interesse nacional, assim o determinar.');
insert into questions (id, professor_id, coordinator_id, subarea_id,statement)
values(17, 1, 1, 1, 'Um Senador da República apresentou projeto de lei visando determinar à União que sejam adotadas as providências necessárias para que toda a população brasileira seja vacinada contra determinada doença causadora de pandemia transmitida por mosquito. O Senado Federal, no entanto, preocupado com o fato de que os servidores da saúde poderiam descumprir o que determinaria a futura lei, isso em razão de seus baixos salários, acabou por emendar o projeto de lei, determinando, igualmente, a majoração da remuneração dos servidores públicos federais da área de saúde pública. Aprovado em ambas as Casas do Congresso Nacional, o projeto foi encaminhado ao Presidente da República. Com base na hipótese apresentada, assinale a afirmativa coreta.');
insert into alternatives (question_id, professor_id, description)
values(17, 1, 'O Presidente da República não terá motivos para vetar o projeto de lei por vício de inconstitucionalidade formal, ainda que possa vetá-lo por entendê-lo contrário ao interesse público, devendo fazer isso no prazo de quinze dias úteis.');
insert into alternatives (question_id, professor_id, description)
values(17, 1, 'O Presidente da República, ainda que tenha motivos para vetar o projeto de lei por vício de inconstitucionalidade formal, poderá, no curso do prazo para a sanção ou o veto presidencial, editar medida provisória com igual conteúdo ao do projeto de lei aprovado pelo Congresso Nacional, tendo em vista o princípio da separação dos poderes.');
insert into alternatives (question_id, professor_id, description)
values(17, 1, 'O Presidente da República poderá vetá-lo, por motivo de inconstitucionalidade material e não por inconstitucionalidade formal, uma vez que os projetos de lei que acarretem despesas para o Poder Executivo são de iniciativa privativa do Presidente da República.');
insert into alternatives (question_id, professor_id, description)
values(17, 1, 'O Presidente da República poderá vetá-lo, por motivo de inconstitucionalidade formal, na parte que majorou a remuneração dos servidores públicos, uma vez que a iniciativa legislativa nessa matéria é privativa do Chefe do Poder Executivo, devendo o veto ser exercido no prazo de quinze dias úteis.');
insert into questions (id, professor_id, coordinator_id, subarea_id,statement)
values(18, 1, 1, 1, 'Como determinado minério vem obtendo alto preço no mercado mundial devido às grandes quantidades compradas pela China, o Estado-membro Alfa recorre ao governo chinês para obter um empréstimo, com vistas à construção da infraestrutura necessária à sua extração. Sabedor do fato, o prefeito do Município Beta, onde se localiza o principal porto do Estado Alfa, também solicita um empréstimo à China, para viabilizar o melhor escoamento do minério. Concedidos os empréstimos, com estrita observância da sistemática constitucional e gastos os recursos, a crise no setor público acaba por inviabilizar o pagamento da dívida contraída pelos entes federativos. Insatisfeita, a China ajuíza ação, no Brasil, contra o Estado Alfa e o Município Beta. Assinale a opção que indica a competência para processar e julgar as matérias.');
insert into alternatives (question_id, professor_id, description)
values(18, 1, 'Supremo Tribunal Federal nos dois processos, posto que a presença da China no polo ativo da relação processual obriga que a Corte Suprema seja responsável pela solução dos dois litígios.');
insert into alternatives (question_id, professor_id, description)
values(18, 1, 'Supremo Tribunal Federal na relação jurídica entre a China e o Estado Alfa, e Superior Tribunal de Justiça na relação entre a China e o Município Beta, por expressa determinação constitucional.');
insert into alternatives (question_id, professor_id, description)
values(18, 1, 'Supremo Tribunal Federal na relação jurídica entre a China e o Estado Alfa, e juiz federal, na relação entre a China e o Município Beta, por expressa determinação constitucional.');
insert into alternatives (question_id, professor_id, description)
values(18, 1, 'Tribunal de Justiça do Estado Alfa, posto que, não havendo interesse da União nos negócios jurídicos firmados, os órgãos da Justiça Federal não podem solucionar as lides.');
insert into questions (id, professor_id, coordinator_id, subarea_id,statement)
values(19, 1, 1, 1, 'O Presidente da República, após manter áspera discussão com um de seus primos, que teve por motivação assuntos relacionados à herança familiar, efetua um disparo de arma de fogo e mata o referido parente. Abalado com o grave fato e preocupado com as repercussões políticas em razão de sua condição de Presidente da República, consulta seu corpo jurídico, indagando quais as consequências do referido ato no exercício da presidência. Seus advogados, corretamente, respondem que a solução extraída do sistema jurídico-constitucional brasileiro é a de que');
insert into alternatives (question_id, professor_id, description)
values(19, 1, 'será imediatamente suspenso de suas funções pelo prazo de até 180 dias, se recebida a denúncia pelo Supremo Tribunal Federal.');
insert into alternatives (question_id, professor_id, description)
values(19, 1, 'será imediatamente suspenso de suas funções pelo prazo de até 180 dias, se recebida a denúncia pelo Senado Federal.');
insert into alternatives (question_id, professor_id, description)
values(19, 1, 'será imediatamente suspenso de suas funções, se a acusação for autorizada por dois terços da Câmara dos Deputados e a denúncia recebida pelo Supremo Tribunal Federal.');
insert into alternatives (question_id, professor_id, description)
values(19, 1, 'será criminalmente processado somente após o término do mandato, tendo imunidade temporária à persecução penal.');
insert into questions (id, professor_id, coordinator_id, subarea_id,statement)
values(20, 1, 1, 1, 'Considere o seguinte caso: Em um Estado do norte do Brasil está havendo uma disputa que envolve a exploração de recursos naturais em terras indígenas. Esta disputa envolve diferentes comunidades indígenas e uma mineradora privada. Como advogado que atua na área dos Direitos Humanos, foi- lhe solicitado elaborar um parecer. Nesse caso, é imprescindível se ter em conta a Convenção 169 da OIT, que foi ratificada pelo Brasil, em 2002. De acordo com o Art. 2º desta Convenção, os governos deverão assumir a responsabilidade de desenvolver, com a participação dos povos interessados, uma ação coordenada e sistemática com vistas a proteger os direitos desses povos e a garantir o respeito pela sua integridade. Levando-se em consideração esta Convenção e em relação ao que se refere aos recursos naturais eventualmente existentes em terras indígenas, assinale a afirmativa correta.');
insert into alternatives (question_id, professor_id, description)
values(20, 1, 'Os povos indígenas que ocupam terras onde haja a exploração de suas riquezas minerais e do subsolo têm direito ao recebimento de parte dos recursos auferidos, mas não possuem direito a participar da utilização, administração e conservação dos recursos mencionados.');
insert into alternatives (question_id, professor_id, description)
values(20, 1, 'Em caso de a propriedade dos minérios ou dos recursos do subsolo pertencer ao Estado, o governo deverá estabelecer ou manter consultas dos povos interessados, a fim de determinar se os interesses desses povos seriam prejudicados, antes de empreender ou autorizar qualquer programa de prospecção ou exploração dos recursos existentes.');
insert into alternatives (question_id, professor_id, description)
values(20, 1, 'A exploração de riquezas minerais e do subsolo em terras ocupadas por povos indígenas é aceitável e prescinde de consulta prévia desde que se cumpram os seguintes requisitos: preservação da identidade cultural dos povos ocupantes da terra, pagamento de royalties em função dos transtornos causados e autorização por meio de decreto legislativo.');
insert into alternatives (question_id, professor_id, description)
values(20, 1, 'Em nenhuma hipótese pode haver a exploração de riquezas minerais e do subsolo em terras ocupadas por populações indígenas.');

insert into practiseexam_questions (id, question_id, practise_exam_id)
values(1, 1, 20);
insert into practiseexam_questions (id, question_id, practise_exam_id)
values(2, 2, 20);
insert into practiseexam_questions (id, question_id, practise_exam_id)
values(3,3, 20);
insert into practiseexam_questions (id, question_id, practise_exam_id)
values(4,4, 20);
insert into practiseexam_questions (id, question_id, practise_exam_id)
values(5,5, 20);
insert into practiseexam_questions (id, question_id, practise_exam_id)
values(6,6,20);
insert into practiseexam_questions (id, question_id, practise_exam_id)
values(7,7, 20);
insert into practiseexam_questions (id, question_id, practise_exam_id)
values(8,8, 20);
insert into practiseexam_questions (id, question_id, practise_exam_id)
values(9,9, 20);
insert into practiseexam_questions (id, question_id, practise_exam_id)
values(10,10, 20);
insert into practiseexam_questions (id, question_id, practise_exam_id)
values(11,11, 20);
insert into practiseexam_questions (id, question_id, practise_exam_id)
values(12, 12, 20);
insert into practiseexam_questions (id, question_id, practise_exam_id)
values(13, 13, 20);
insert into practiseexam_questions (id, question_id, practise_exam_id)
values(14, 14, 20);
insert into practiseexam_questions (id, question_id, practise_exam_id)
values(15, 15, 20);
insert into practiseexam_questions (id, question_id, practise_exam_id)
values(16, 16, 20);
insert into practiseexam_questions (id, question_id, practise_exam_id)
values(17, 17, 20);
insert into practiseexam_questions (id, question_id, practise_exam_id)
values(18, 18, 20);
insert into practiseexam_questions (id, question_id, practise_exam_id)
values(19, 19, 20);
insert into practiseexam_questions (id, question_id, practise_exam_id)
values(20, 20, 20);

insert into participations (practise_exam_id, student_id, numberOfQuestions)
values(20, 1, 20);

commit;
